,Time,HP,Power up,Player x,Player y,Player speed_x,Player speed_y,Player bullet x,Player bullet y,Player bullet speed_x,Player bullet speed_y,Enemy x,Enemy y,Enemy speed_x,Enemy speed_y,Enemy bullet x,Enemy bullet y,Enemy bullet speed_x,Enemy bullet speed_y
0,0.02,10,False,768,297,0,9,[],[],[],[],[1009],[603],[-4],[0],[],[],[],[]
1,0.36,10,False,770,378,0,0,[],[],[],[],[980],[603],[-84],[0],[],[],[],[]
2,0.71,10,False,804,393,0,0,[],[],[],[],"[924, 1184]","[603, 794]","[-150, -6]","[0, -3]",[],[],[],[]
3,1.04,10,False,835,415,-7,6,[],[],[],[],"[844, 1151]","[603, 747]","[-182, -96]","[22, -21]",[],[],[],[]
4,1.37,10,False,813,431,0,0,[],[],[],[],"[764, 1090, 1335]","[610, 727, 740]","[-181, -156, -5]","[62, -21, 0]",[],[],[],[]
5,1.7,10,False,833,413,6,-7,[],[],[],[],"[684, 1009, 1303]","[630, 707, 740]","[-161, -202, -105]","[93, -8, 0]",[],[],[],[]
6,2.03,10,False,788,469,-6,7,[],[],[],[],"[617, 909, 1232, 1221]","[664, 700, 740, 773]","[-125, -231, -196, -4]","[113, 12, 0, 0]",[],[],[],[]
7,2.37,10,False,710,535,0,0,[728],[614],[-4],[5],"[565, 809, 1126, 1192]","[704, 700, 740, 773]","[-84, -240, -269, -84]","[133, 32, 0, 0]",[],[],[],[]
8,2.7,10,False,592,506,0,0,[648],[714],[-4],[5],"[530, 708, 995, 1130, 1410]","[744, 700, 729, 762, 794]","[-46, -251, -341, -176, -8]","[120, 30, -22, -22, -2]",[],[],[],[]
9,3.03,10,False,590,497,0,0,[585],[814],[-4],[5],"[510, 588, 836, 1029, 1363]","[766, 700, 708, 736, 747]","[-26, -258, -402, -270, -167]","[80, 10, -51, -62, -42]",[],[],[],[]
10,3.37,10,False,650,399,8,-5,[],[],[],[],"[490, 477, 656, 896, 1257]","[766, 690, 668, 696, 711]","[-6, -242, -429, -340, -306]","[40, -10, -71, -90, -78]",[],[],[],[]
11,3.7,10,False,830,405,9,2,[],[],[],[],"[485, 377, 476, 739, 1100]","[766, 670, 628, 646, 671]","[14, -204, -419, -381, -418]","[0, -30, -91, -110, -98]",[],[],[],[]
12,4.03,10,False,898,449,-8,4,[],[],[],[],"[485, 298, 307, 579, 907]","[746, 650, 588, 586, 613]","[34, -146, -373, -390, -496]","[-40, -50, -95, -119, -116]",[],[],[],[]
13,4.36,10,False,791,489,9,-3,[799],[544],[-6],[2],"[494, 246, 166, 421, 688]","[711, 614, 576, 576, 576]","[76, -54, -276, -344, -511]","[-54, -43, -73, -97, -94]",[],[],[],[]
14,4.68,10,False,971,432,9,-2,[679],[584],[-6],[2],"[527, 241, 76, 291, 482]","[688, 594, 576, 576, 576]","[136, 66, -136, -252, -465]","[-34, -3, -33, -57, -54]",[],[],[],[]
15,4.98,10,False,1079,416,0,0,[559],[635],[-6],[3],"[583, 283, 44, 205, 303]","[668, 593, 576, 576, 576]","[192, 182, 21, -137, -380]","[-14, 37, 7, -17, -14]",[],[],[],[]
16,5.29,10,False,1123,423,0,0,[439],[695],[-6],[3],"[660, 367, 76, 165, 164]","[655, 607, 576, 576, 576]","[232, 282, 179, -14, -265]","[6, 77, 47, 23, 26]",[],[],[],[]
17,5.61,10,False,1111,340,-9,-2,[319],[747],[-6],[2],"[746, 487, 167, 179, 77]","[655, 636, 595, 583, 585]","[255, 361, 319, 120, -125]","[26, 110, 87, 63, 66]",[],[],[],[]
18,5.91,10,False,943,416,-8,5,"[199, 992]","[787, 463]","[-6, -5]","[2, 3]","[840, 627, 308, 240, 47]","[655, 676, 629, 603, 605]","[238, 391, 414, 218, 10]","[24, 108, 101, 81, 84]",[],[],[],[]
19,6.22,10,False,806,498,-8,5,"[79, 892]","[813, 525]","[-6, -5]","[1, 4]","[915, 767, 475, 333, 67]","[655, 704, 650, 623, 625]","[186, 377, 462, 286, 130]","[4, 88, 81, 79, 80]",[],[],[],[]
20,6.53,10,False,653,512,-9,0,[792],[605],[-5],[4],"[967, 901, 655, 449, 131]","[639, 724, 670, 643, 645]","[126, 333, 473, 333, 231]","[-16, 65, 61, 59, 60]",[],[],[],[]
21,6.83,10,False,565,482,-5,-8,[692],[685],[-5],[4],"[992, 1012, 834, 577, 234]","[619, 731, 681, 652, 655]","[47, 265, 448, 356, 320]","[-35, 25, 41, 39, 40]",[],[],[],[]
22,7.12,10,False,542,403,0,0,[],[],[],[],"[983, 1090, 991, 367, 309]","[599, 723, 681, 655, 771]","[-33, 179, 390, 386, 3]","[-35, -15, 21, 20, -2]",[],[],[],[]
23,7.41,10,False,550,386,0,0,[],[],[],[],"[947, 1135, 1122, 521, 317]","[579, 703, 681, 655, 751]","[-81, 101, 324, 443, 85]","[-13, -16, 23, 22, -20]",[],[],[],[]
24,7.72,10,False,497,504,7,6,[],[],[],[],"[906, 1152, 1230, 699, 363]","[576, 688, 681, 655, 731]","[-101, 41, 252, 486, 185]","[27, 4, 43, 42, -20]",[],[],[],[]
25,8.01,10,False,592,563,-9,0,[681],[600],[5],[1],"[846, 1145, 1302, 879, 445]","[585, 688, 695, 668, 711]","[-114, -19, 162, 493, 267]","[67, 24, 63, 62, -11]",[],[],[],[]
26,8.32,10,False,417,514,-8,-5,[781],[620],[5],[1],"[786, 1115, 1336, 1059, 556]","[609, 688, 715, 688, 701]","[-114, -79, 62, 463, 332]","[107, 44, 83, 82, 9]",[],[],[],[]
27,8.61,10,False,380,486,-6,-7,[],[],[],[],"[1062, 1330, 1223, 689]","[703, 735, 711, 701]","[-137, -38, 399, 373]","[64, 89, 102, 29]",[],[],[],[]
28,8.92,10,False,464,392,7,6,[],[],[],[],"[988, 1281, 1350, 829, 1141]","[723, 755, 743, 701, 703]","[-199, -160, 284, 363, -55]","[60, 67, 85, 27, -11]","[1026, 1304, 1281, 750, 1146]","[722, 769, 741, 703, 740]","[-4, -5, -5, -4, -5]","[-3, -2, -3, -3, -2]"
29,9.25,10,False,566,519,-9,0,[],[],[],[],"[883, 1181, 1422, 955, 1089]","[728, 763, 760, 701, 683]","[-263, -284, 128, 309, -155]","[20, 27, 45, 7, -31]","[946, 1204, 1181, 670, 1046]","[662, 729, 681, 643, 700]","[-4, -5, -5, -4, -5]","[-3, -2, -3, -3, -2]"
30,9.58,10,False,420,414,-9,-2,[],[],[],[],"[760, 1035, 1430, 1053, 998]","[718, 756, 760, 688, 662]","[-305, -383, -32, 232, -241]","[-18, -13, 5, -13, -51]","[866, 1104, 1081, 590, 946, 798, 1070, 1460, 1091, 1038]","[602, 689, 624, 583, 660, 753, 792, 794, 727, 705]","[-4, -5, -5, -4, -5, -2, -4, -5, -4, -5]","[-3, -2, -2, -3, -2, -5, -3, -1, -3, -2]"
31,9.92,10,False,345,353,7,-6,[],[],[],[],"[620, 859, 1374, 1117, 877]","[698, 734, 742, 668, 622]","[-319, -450, -192, 136, -307]","[-38, -53, -35, -33, -71]","[786, 1004, 981, 510, 846, 758, 990, 1360, 1011, 938]","[542, 649, 584, 523, 620, 653, 732, 774, 667, 665]","[-4, -5, -5, -4, -5, -2, -4, -5, -4, -5]","[-3, -2, -2, -3, -2, -5, -3, -1, -3, -2]"
32,10.25,10,False,518,285,9,-2,[],[],[],[],"[480, 659, 1258, 1141, 737]","[670, 694, 709, 645, 582]","[-307, -480, -333, 36, -345]","[-58, -80, -70, -53, -72]","[706, 904, 881, 430, 746, 718, 910, 1260, 931, 838]","[482, 609, 544, 463, 580, 553, 672, 754, 607, 625]","[-4, -5, -5, -4, -5, -2, -4, -5, -4, -5]","[-3, -2, -2, -3, -2, -5, -3, -1, -3, -2]"
33,10.59,10,False,698,261,9,-1,[],[],[],[],"[358, 460, 1092, 1128, 591]","[630, 654, 669, 609, 576]","[-245, -448, -423, -42, -333]","[-56, -78, -68, -44, -50]","[626, 804, 781, 350, 646, 678, 830, 1160, 851, 738, 493, 611, 1167, 1151, 726]","[422, 569, 504, 393, 540, 453, 612, 734, 547, 585, 639, 660, 720, 627, 563]","[-4, -5, -5, -4, -5, -2, -4, -5, -4, -5, 3, 1, -5, -3, 2]","[-3, -2, -2, -4, -2, -5, -3, -1, -3, -2, -5, -5, -1, -4, -5]"
34,10.92,10,False,878,260,9,0,[],[],[],[],"[272, 289, 904, 1089, 459]","[605, 614, 632, 589, 576]","[-145, -359, -460, -102, -276]","[-21, -55, -48, -4, -10]","[546, 704, 681, 270, 546, 638, 750, 1060, 771, 638, 553, 631, 1067, 1091, 766]","[362, 527, 456, 313, 500, 353, 552, 714, 487, 545, 541, 560, 700, 547, 463]","[-4, -5, -5, -4, -5, -2, -4, -5, -4, -5, 3, 1, -5, -3, 2]","[-3, -3, -3, -4, -2, -5, -3, -1, -3, -2, -4, -5, -1, -4, -5]"
35,11.25,10,False,1058,260,9,0,[],[],[],[],"[229, 160, 704, 1029, 355]","[595, 592, 612, 588, 576]","[-27, -241, -458, -149, -193]","[19, -15, -20, 36, 30]","[466, 604, 581, 205, 446, 598, 670, 960, 691, 538, 613, 651, 967, 1031, 806, 269, 206, 744, 1064, 395]","[300, 467, 396, 233, 460, 253, 492, 694, 427, 505, 461, 460, 680, 467, 363, 628, 631, 645, 618, 609]","[-4, -5, -5, -3, -5, -2, -4, -5, -4, -5, 3, 1, -5, -3, 2, 5, 5, 2, 0, 5]","[-4, -3, -3, -4, -2, -5, -3, -1, -3, -2, -4, -5, -1, -4, -5, -2, -2, -5, -5, -2]"
36,11.59,10,False,1188,340,0,9,[],[],[],[],"[233, 83, 519, 949, 289]","[600, 585, 603, 602, 587]","[93, -101, -417, -185, -93]","[59, 25, 20, 76, 70]","[386, 504, 481, 149, 346, 562, 590, 860, 611, 438, 673, 671, 867, 971, 846, 369, 306, 784, 1064, 495]","[220, 407, 336, 143, 420, 153, 432, 658, 356, 450, 381, 360, 652, 387, 263, 588, 591, 545, 518, 569]","[-4, -5, -5, -2, -5, -1, -4, -5, -4, -5, 3, 1, -5, -3, 2, 5, 5, 2, 0, 5]","[-4, -3, -3, -5, -2, -5, -3, -2, -4, -3, -4, -5, -2, -4, -5, -2, -2, -5, -5, -2]"
37,11.92,10,False,1219,504,6,7,[],[],[],[],"[285, 64, 356, 864, 264]","[620, 593, 609, 631, 613]","[209, 51, -342, -205, 14]","[99, 65, 60, 111, 110]","[306, 417, 390, 115, 246, 542, 510, 760, 531, 345, 749, 702, 767, 911, 901, 469, 406, 833, 1064, 595]","[140, 347, 276, 43, 380, 53, 372, 618, 276, 390, 301, 260, 612, 307, 169, 548, 551, 445, 418, 529]","[-4, -4, -4, -1, -5, -1, -4, -5, -4, -4, 4, 2, -5, -3, 3, 5, 5, 3, 0, 5]","[-4, -3, -3, -5, -2, -5, -3, -2, -4, -3, -4, -5, -2, -4, -4, -2, -2, -5, -5, -2]"
38,12.26,10,False,1151,576,-9,2,[1187],[618],[-5],[1],"[377, 103, 228, 764, 280]","[658, 613, 629, 671, 653]","[286, 174, -258, -227, 102]","[98, 83, 70, 109, 112]","[233, 337, 310, 146, 430, 660, 451, 265, 829, 742, 667, 851, 965, 569, 506, 893, 1064, 695, 427, 180, 383, 914, 370]","[60, 287, 216, 320, 312, 578, 196, 330, 238, 160, 572, 227, 89, 508, 511, 345, 318, 489, 685, 639, 659, 696, 657]","[-3, -4, -4, -5, -4, -5, -4, -4, 4, 2, -5, -3, 4, 5, 5, 3, 0, 5, 5, 5, 5, 5, 5]","[-4, -3, -3, -3, -3, -2, -4, -3, -3, -5, -2, -4, -4, -2, -2, -5, -5, -2, 0, -1, 0, 0, -2]"
39,12.62,10,False,1059,574,9,-2,[1087],[638],[-5],[1],"[491, 183, 134, 664, 325]","[678, 633, 649, 700, 685]","[323, 272, -170, -247, 162]","[78, 71, 50, 89, 92]","[257, 230, 48, 350, 560, 387, 185, 920, 782, 567, 791, 1045, 669, 606, 953, 1064, 795, 527, 280, 483, 1014, 470]","[227, 156, 260, 252, 538, 116, 270, 179, 60, 532, 147, 20, 468, 471, 261, 218, 449, 685, 619, 659, 696, 617]","[-4, -4, -4, -4, -5, -3, -4, 5, 2, -5, -3, 4, 5, 5, 3, 0, 5, 5, 5, 5, 5, 5]","[-3, -3, -3, -3, -2, -4, -3, -2, -5, -2, -4, -3, -2, -2, -4, -5, -2, 0, -1, 0, 0, -2]"
40,12.95,10,False,1114,504,0,0,[987],[658],[-5],[1],"[611, 297, 78, 564, 393]","[698, 653, 649, 720, 705]","[336, 348, -70, -247, 216]","[58, 51, 30, 69, 72]","[177, 150, 270, 460, 327, 105, 1020, 467, 731, 769, 706, 1013, 1064, 895, 627, 380, 583, 1114, 570, 656, 342, 118, 610, 440]","[167, 96, 191, 498, 36, 210, 139, 492, 67, 428, 440, 181, 118, 412, 685, 599, 659, 696, 579, 737, 694, 683, 759, 747]","[-4, -4, -4, -5, -3, -4, 5, -5, -3, 5, 5, 3, 0, 5, 5, 5, 5, 5, 5, 5, 5, 5, 5, 5]","[-3, -3, -4, -2, -4, -3, -2, -2, -4, -2, -1, -4, -5, -1, 0, -1, 0, 0, -1, -1, 1, -1, -2, 0]"
41,13.28,10,False,1167,445,0,0,[887],[678],[-5],[1],"[731, 437, 63, 464, 477]","[706, 654, 649, 730, 724]","[326, 399, 43, -227, 255]","[38, 31, 10, 30, 48]","[97, 70, 190, 360, 25, 1120, 367, 869, 806, 1073, 1064, 995, 727, 480, 683, 1214, 670, 756, 442, 218, 710, 540]","[107, 36, 111, 458, 131, 106, 452, 388, 420, 101, 18, 392, 685, 579, 659, 696, 559, 717, 708, 663, 719, 747]","[-4, -4, -4, -5, -4, 5, -5, 5, 5, 3, 0, 5, 5, 5, 5, 5, 5, 5, 5, 5, 5, 5]","[-3, -3, -4, -2, -4, -1, -2, -2, -1, -4, -5, -1, 0, -1, 0, 0, -1, -1, 0, -1, -2, 0]"
42,13.62,10,False,1217,300,5,-8,[],[],[],[],"[597, 94, 371, 577]","[654, 639, 725, 724]","[420, 150, -187, 274]","[11, -10, -10, 8]","[17, 110, 260, 1220, 267, 969, 906, 1133, 1095, 827, 580, 783, 1314, 770, 856, 542, 318, 810, 640]","[35, 31, 418, 86, 412, 348, 400, 21, 372, 685, 559, 659, 696, 539, 697, 708, 643, 679, 747]","[-4, -4, -5, 5, -5, 5, 5, 3, 5, 5, 5, 5, 5, 5, 5, 5, 5, 5, 5]","[-4, -4, -2, -1, -2, -2, -1, -4, -1, 0, -1, 0, 0, -1, -1, 0, -1, -2, 0]"
43,13.96,10,False,1159,245,-9,-2,[],[],[],[],"[757, 169, 300, 677, 944]","[654, 619, 705, 711, 654]","[431, 272, -106, 295, -11]","[13, -7, -13, 2, 11]","[161, 1320, 167, 1069, 1006, 1195, 927, 680, 883, 1414, 870, 956, 642, 418, 910, 740, 745, 222, 428, 721, 1033]","[363, 71, 361, 308, 380, 352, 685, 539, 659, 696, 519, 677, 708, 623, 639, 747, 645, 660, 735, 726, 645]","[-4, 5, -5, 5, 5, 5, 5, 5, 5, 5, 5, 5, 5, 5, 5, 5, 3, 5, 5, 4, 4]","[-3, 0, -3, -2, -1, -1, 0, -1, 0, 0, -1, -1, 0, -1, -2, 0, -4, -1, -2, -3, -4]"
44,14.3,10,False,979,217,-9,-1,[],[],[],[],"[917, 293, 268, 793, 924]","[654, 616, 693, 711, 654]","[427, 389, -6, 311, -31]","[33, 33, 7, 22, 31]","[81, 1420, 84, 1169, 1106, 1295, 1027, 780, 983, 1514, 970, 1056, 742, 518, 1010, 840, 805, 322, 528, 801, 1113]","[303, 71, 301, 268, 360, 332, 682, 519, 659, 685, 487, 657, 708, 603, 599, 747, 565, 640, 695, 666, 565]","[-4, 5, -4, 5, 5, 5, 5, 5, 5, 5, 5, 5, 5, 5, 5, 5, 3, 5, 5, 4, 4]","[-3, 0, -3, -2, -1, -1, -1, -1, 0, -1, -2, -1, 0, -1, -2, 0, -4, -1, -2, -3, -4]"
45,14.64,10,False,799,217,-9,1,[],[],[],[],"[1074, 459, 280, 913, 903]","[658, 628, 693, 711, 656]","[394, 479, 104, 304, -51]","[53, 66, 27, 42, 51]","[1, 1520, 4, 1269, 1206, 1395, 1127, 880, 1083, 1070, 1156, 842, 618, 1110, 940, 865, 422, 628, 881, 1192, 1112, 503, 318, 944, 946]","[233, 71, 234, 228, 340, 299, 662, 499, 659, 447, 620, 708, 583, 559, 747, 485, 620, 655, 606, 485, 693, 665, 723, 743, 699]","[-4, 5, -4, 5, 5, 5, 5, 5, 5, 5, 5, 5, 5, 5, 5, 3, 5, 5, 4, 3, -2, 5, 3, -4, -4]","[-4, 0, -4, -2, -1, -2, -1, -1, 0, -2, -2, 0, -1, -2, 0, -4, -1, -2, -3, -4, -5, -2, -5, -3, -4]"
46,14.97,10,False,705,304,2,9,[747],[350],[1],[5],"[1208, 653, 332, 1017, 863]","[678, 648, 693, 724, 676]","[328, 533, 204, 275, -69]","[73, 86, 47, 59, 71]","[1369, 1306, 1495, 1227, 980, 1183, 1170, 1256, 942, 718, 1210, 1040, 925, 522, 728, 961, 1252, 1072, 603, 378, 864, 866]","[188, 306, 259, 642, 479, 659, 407, 580, 708, 563, 519, 747, 405, 600, 615, 546, 405, 593, 625, 623, 683, 619]","[5, 5, 5, 5, 5, 5, 5, 5, 5, 5, 5, 5, 3, 5, 5, 4, 3, -2, 5, 3, -4, -4]","[-2, -2, -2, -1, -1, 0, -2, -2, 0, -1, -2, 0, -4, -1, -2, -3, -4, -5, -2, -5, -3, -4]"
47,15.3,10,False,607,274,-8,-5,[767],[450],[1],[5],"[1312, 853, 423, 1109, 823]","[698, 675, 711, 744, 696]","[239, 547, 294, 226, -69]","[93, 106, 67, 59, 91]","[1469, 1406, 1327, 1080, 1283, 1270, 1356, 1042, 818, 1310, 1140, 985, 622, 828, 1041, 1312, 1032, 703, 438, 784, 786]","[148, 266, 622, 459, 659, 367, 540, 708, 543, 461, 747, 325, 580, 575, 486, 325, 493, 574, 523, 623, 539]","[5, 5, 5, 5, 5, 5, 5, 5, 5, 5, 5, 3, 5, 5, 4, 3, -2, 5, 3, -4, -4]","[-2, -2, -1, -1, 0, -2, -2, 0, -1, -3, 0, -4, -1, -2, -3, -4, -5, -3, -5, -3, -4]"
48,15.63,10,False,437,202,-9,-1,[787],[550],[1],[5],"[1374, 1052, 542, 1175, 783]","[723, 715, 731, 757, 717]","[115, 499, 340, 142, -91]","[89, 104, 55, 37, 89]","[1506, 1427, 1180, 1383, 1370, 1449, 1142, 918, 1402, 1240, 1045, 722, 928, 1121, 1372, 992, 795, 498, 704, 706, 1353, 983, 522, 1147, 795]","[226, 602, 439, 659, 327, 482, 708, 523, 401, 733, 245, 560, 535, 426, 245, 393, 514, 423, 559, 459, 716, 681, 706, 754, 721]","[5, 5, 5, 5, 5, 4, 5, 5, 4, 5, 3, 5, 5, 4, 3, -2, 4, 3, -4, -4, -4, -1, 0, -4, -5]","[-2, -1, -1, 0, -2, -3, 0, -1, -3, -1, -4, -1, -2, -3, -4, -5, -3, -5, -4, -4, -4, -5, -5, -4, -3]"
49,15.97,10,False,278,265,-5,8,[807],[650],[1],[5],"[1377, 1221, 662, 1197, 727]","[742, 738, 733, 755, 737]","[-45, 395, 345, 22, -118]","[49, 67, 15, -3, 53]","[1527, 1280, 1483, 1470, 1529, 1242, 1018, 1482, 1340, 1097, 822, 1028, 1201, 1425, 952, 875, 558, 624, 626, 1273, 963, 522, 1067, 712]","[582, 406, 659, 287, 415, 705, 503, 341, 713, 145, 540, 495, 366, 145, 293, 454, 323, 479, 379, 636, 581, 606, 674, 661]","[5, 5, 5, 5, 4, 5, 5, 4, 5, 2, 5, 5, 4, 2, -2, 4, 3, -4, -4, -4, -1, 0, -4, -4]","[-1, -2, 0, -2, -4, -1, -1, -3, -1, -5, -1, -2, -3, -5, -5, -3, -5, -4, -4, -4, -5, -5, -4, -3]"
50,16.3,10,False,227,443,-1,9,[],[],[],[],"[1318, 1342, 1172, 667, 1007]","[742, 746, 735, 738, 783]","[-190, 262, -98, -138, -4]","[9, 27, -43, 13, -2]","[1380, 1342, 1118, 1440, 1137, 922, 1128, 1281, 1465, 906, 955, 618, 544, 546, 1193, 943, 522, 987, 632, 1348, 1372, 1214, 697, 1052]","[366, 685, 483, 687, 45, 518, 437, 287, 45, 193, 382, 223, 415, 299, 556, 481, 506, 614, 601, 775, 780, 779, 773, 829]","[5, 5, 5, 5, 2, 5, 5, 4, 2, -3, 4, 3, -4, -4, -4, -1, 0, -4, -4, -5, -5, -5, -5, -4]","[-2, -1, -1, -2, -5, -2, -3, -4, -5, -5, -4, -5, -3, -4, -4, -5, -5, -3, -3, -2, -1, -3, 0, -3]"
51,16.63,10,False,241,576,4,8,[],[],[],[],"[1203, 1405, 1102, 607, 978]","[726, 739, 698, 724, 747]","[-320, 109, -200, -138, -84]","[-31, -13, -72, -27, -42]","[1480, 1442, 1218, 1022, 1222, 1361, 846, 1024, 662, 464, 466, 1113, 904, 522, 907, 544, 1248, 1272, 1114, 597, 972]","[326, 665, 444, 478, 377, 207, 97, 302, 123, 355, 237, 476, 381, 406, 554, 541, 735, 760, 719, 773, 769]","[5, 5, 5, 5, 4, 4, -3, 3, 2, -4, -4, -4, -2, 0, -4, -5, -5, -5, -5, -5, -4]","[-2, -1, -2, -2, -3, -4, -4, -4, -5, -3, -3, -4, -5, -5, -3, -3, -2, -1, -3, 0, -3]"
52,16.97,10,False,332,576,-6,7,[401],[673],[4],[4],"[1043, 1405, 992, 547, 922]","[699, 717, 658, 703, 711]","[-423, -51, -287, -131, -149]","[-57, -52, -92, -51, -78]","[1318, 1122, 1302, 1426, 786, 1084, 702, 384, 386, 1033, 864, 522, 827, 444, 1148, 1172, 1014, 497, 883]","[404, 438, 317, 127, 17, 218, 23, 295, 177, 416, 281, 306, 494, 481, 695, 740, 666, 773, 709]","[5, 5, 4, 3, -3, 3, 2, -4, -4, -4, -2, 0, -4, -5, -5, -5, -5, -5, -5]","[-2, -2, -3, -4, -4, -5, -5, -3, -3, -3, -5, -5, -3, -3, -2, -1, -2, 0, -3]"
53,17.3,10,False,163,576,0,0,[481],[749],[4],[3],"[849, 1344, 855, 491, 842]","[659, 678, 617, 665, 671]","[-469, -183, -328, -89, -181]","[-55, -50, -89, -49, -76]","[1418, 1222, 1382, 1486, 1124, 304, 306, 953, 824, 522, 747, 344, 1048, 1072, 914, 397, 783, 935, 1374, 913, 554, 874]","[364, 398, 257, 47, 118, 235, 117, 356, 181, 206, 434, 422, 663, 720, 626, 773, 649, 720, 734, 680, 676, 738]","[5, 5, 4, 3, 1, -4, -4, -4, -2, 0, -4, -5, -5, -5, -5, -5, -5, -5, -5, -5, -1, -5]","[-2, -2, -3, -4, -5, -3, -3, -3, -5, -5, -3, -2, -1, -1, -2, 0, -3, 0, -1, 0, -5, 0]"
54,17.63,10,False,267,576,-3,9,[561],[809],[4],[3],"[649, 1240, 715, 459, 762]","[635, 658, 578, 645, 631]","[-457, -279, -321, -21, -180]","[-35, -30, -49, -29, -56]","[1518, 1322, 1462, 1126, 220, 208, 873, 764, 522, 667, 244, 948, 972, 814, 297, 683, 835, 1274, 813, 534, 774]","[324, 358, 195, 18, 175, 58, 296, 86, 106, 374, 382, 643, 700, 586, 773, 589, 720, 714, 680, 576, 738]","[5, 5, 4, -1, -5, -5, -4, -3, 0, -4, -5, -5, -5, -5, -5, -5, -5, -5, -5, -1, -5]","[-2, -2, -4, -5, -3, -2, -3, -4, -5, -3, -2, -1, -1, -2, 0, -3, 0, -1, 0, -5, 0]"
55,17.97,10,False,219,531,0,-9,[],[],[],[],"[466, 1105, 582, 457, 682]","[615, 638, 576, 625, 606]","[-406, -350, -288, 59, -160]","[-10, -10, -9, -9, -22]","[1422, 120, 108, 790, 704, 507, 587, 144, 848, 872, 714, 197, 583, 735, 1174, 713, 506, 674, 505, 1140, 617, 501, 719]","[318, 115, 18, 236, 6, 6, 314, 342, 623, 680, 546, 773, 535, 720, 694, 680, 476, 738, 649, 678, 614, 672, 647]","[5, -5, -5, -5, -3, -1, -4, -5, -5, -5, -5, -5, -5, -5, -5, -5, -2, -5, 0, -5, -5, -5, -5]","[-2, -3, -2, -3, -4, -5, -3, -2, -1, -1, -2, 0, -2, 0, -1, 0, -5, 0, -5, 0, -2, -2, -1]"
56,18.3,10,False,250,351,0,-9,[],[],[],[],"[312, 945, 469, 487, 616]","[611, 629, 576, 619, 596]","[-319, -393, -231, 130, -124]","[30, 10, 31, 26, 18]","[1522, 20, 690, 507, 44, 748, 772, 614, 97, 483, 635, 1074, 613, 466, 574, 505, 1040, 517, 401, 619]","[278, 75, 176, 254, 302, 603, 660, 506, 768, 495, 720, 674, 677, 376, 738, 549, 678, 574, 632, 627]","[5, -5, -5, -4, -5, -5, -5, -5, -5, -5, -5, -5, -5, -2, -5, 0, -5, -5, -5, -5]","[-2, -2, -3, -3, -2, -1, -1, -2, -1, -2, 0, -1, -1, -5, 0, -5, 0, -2, -2, -1]"
57,18.63,10,False,183,266,-8,4,[],[],[],[],"[197, 772, 382, 541, 565]","[622, 629, 587, 628, 601]","[-206, -403, -152, 190, -83]","[69, 30, 71, 59, 58]","[590, 427, 648, 672, 514, 383, 535, 974, 513, 426, 474, 505, 940, 417, 301, 519]","[118, 194, 583, 640, 466, 455, 720, 654, 657, 276, 738, 449, 678, 534, 592, 607]","[-5, -4, -5, -5, -5, -5, -5, -5, -5, -2, -5, 0, -5, -5, -5, -5]","[-2, -3, -1, -1, -2, -2, 0, -1, -1, -5, 0, -5, 0, -2, -2, -1]"
58,18.97,10,False,252,317,9,0,[],[],[],[],"[129, 609, 330, 618, 531]","[642, 629, 607, 648, 621]","[-96, -399, -79, 216, -45]","[67, 28, 89, 57, 76]","[490, 329, 548, 572, 414, 283, 435, 874, 413, 386, 374, 505, 840, 317, 201, 419, 213, 691, 341, 576, 537]","[78, 134, 563, 620, 426, 415, 720, 634, 637, 176, 738, 349, 678, 494, 552, 587, 621, 609, 619, 647, 647]","[-5, -5, -5, -5, -5, -5, -5, -5, -5, -2, -5, 0, -5, -5, -5, -5, 1, -3, -5, -4, -5]","[-2, -3, -1, -1, -2, -2, 0, -1, -1, -5, 0, -5, 0, -2, -2, -1, -5, -5, -2, -3, -1]"
59,19.3,10,False,432,307,9,-1,[],[],[],[],"[101, 449, 301, 698, 511]","[659, 629, 627, 655, 641]","[4, -383, -19, 209, -25]","[47, 8, 83, 37, 56]","[390, 229, 448, 472, 314, 183, 335, 774, 313, 329, 274, 493, 740, 217, 101, 319, 233, 631, 241, 496, 437]","[38, 74, 543, 600, 386, 367, 720, 614, 617, 76, 738, 249, 678, 454, 512, 567, 521, 509, 579, 587, 612]","[-5, -5, -5, -5, -5, -5, -5, -5, -5, -3, -5, -1, -5, -5, -5, -5, 1, -3, -5, -4, -5]","[-2, -3, -1, -1, -2, -3, 0, -1, -1, -5, 0, -5, 0, -2, -2, -1, -5, -5, -2, -3, -2]"
60,19.63,10,False,612,298,9,0,[],[],[],[],"[113, 295, 295, 767, 491]","[659, 617, 647, 655, 647]","[104, -334, 41, 189, -5]","[27, -9, 63, 17, 36]","[129, 348, 372, 214, 83, 235, 674, 213, 174, 474, 640, 117, 1, 219, 273, 571, 145, 416, 337, 153, 339, 330, 799, 526]","[14, 508, 572, 346, 307, 720, 594, 597, 738, 149, 678, 414, 458, 547, 421, 409, 524, 527, 572, 693, 653, 677, 686, 677]","[-5, -5, -5, -5, -5, -5, -5, -5, -5, 0, -5, -5, -5, -5, 2, -3, -4, -4, -5, 5, 4, 0, -3, 0]","[-3, -2, -2, -2, -3, 0, -1, -1, 0, -5, 0, -2, -3, -1, -5, -5, -3, -3, -2, -1, -4, -5, -4, -5]"
61,19.97,10,False,792,299,9,1,[],[],[],[],"[165, 166, 314, 827, 487]","[659, 597, 660, 652, 647]","[204, -258, 101, 150, 15]","[7, -9, 43, -3, 16]","[248, 272, 114, 135, 574, 113, 74, 474, 540, 17, 119, 313, 511, 65, 336, 237, 253, 419, 344, 739, 526]","[468, 532, 306, 720, 574, 577, 725, 49, 678, 374, 518, 321, 309, 463, 467, 532, 671, 573, 577, 606, 577]","[-5, -5, -5, -5, -5, -5, -5, 0, -5, -5, -5, 2, -3, -4, -4, -5, 5, 4, 1, -3, 0]","[-2, -2, -2, 0, -1, -1, -1, -5, 0, -2, -2, -5, -5, -4, -3, -2, -2, -4, -5, -4, -5]"
62,20.3,10,False,715,406,-7,6,[781],[438],[-4],[3],"[254, 74, 358, 867, 487]","[646, 577, 660, 632, 643]","[285, -158, 161, 110, 35]","[-13, -9, 23, -23, -4]","[148, 172, 14, 35, 474, 13, 440, 19, 353, 451, 256, 137, 353, 499, 364, 679, 526]","[428, 492, 266, 720, 554, 554, 678, 478, 221, 209, 394, 492, 631, 497, 477, 507, 477]","[-5, -5, -5, -5, -5, -5, -5, -5, 2, -3, -4, -5, 5, 4, 1, -3, 0]","[-2, -2, -2, 0, -1, -2, 0, -2, -5, -5, -4, -2, -2, -3, -5, -5, -5]"
63,20.63,10,False,867,363,8,-4,[701],[498],[-4],[3],"[376, 29, 425, 890, 497]","[626, 576, 660, 612, 623]","[369, -18, 227, 73, 77]","[-11, 13, 25, -13, -2]","[48, 72, 374, 340, 393, 410, 176, 37, 453, 579, 384, 631, 526, 406, 146, 467, 896, 522]","[388, 452, 534, 678, 121, 109, 314, 452, 591, 437, 377, 407, 377, 665, 601, 662, 616, 613]","[-5, -5, -5, -5, 2, -2, -4, -5, 5, 4, 1, -2, 0, 5, 5, 4, -3, 0]","[-2, -2, -1, 0, -5, -5, -4, -2, -2, -3, -5, -5, -5, -1, -2, -3, -5, -5]"
64,20.97,10,False,1035,287,9,-3,[621],[558],[-4],[3],"[529, 45, 520, 910, 530]","[618, 578, 660, 606, 622]","[442, 142, 297, 53, 137]","[23, 53, 45, 27, 18]","[274, 240, 440, 370, 96, 553, 659, 404, 591, 527, 506, 246, 547, 836, 522]","[514, 664, 21, 9, 234, 551, 377, 277, 307, 277, 645, 561, 602, 516, 513]","[-5, -5, 3, -2, -4, 5, 4, 1, -2, 1, 5, 5, 4, -3, 0]","[-1, -1, -5, -5, -4, -2, -3, -5, -5, -5, -1, -2, -3, -5, -5]"
65,21.3,10,False,1215,239,9,-3,[541],[618],[-4],[3],"[707, 124, 640, 913, 586]","[625, 598, 676, 615, 622]","[483, 290, 346, 33, 192]","[59, 93, 65, 67, 38]","[174, 140, 35, 653, 739, 436, 563, 547, 606, 346, 627, 781, 538, 749, 170, 684, 952, 626]","[475, 644, 154, 511, 317, 177, 207, 177, 625, 521, 542, 416, 413, 660, 637, 713, 646, 656]","[-5, -5, -3, 5, 4, 2, -1, 1, 5, 5, 4, -2, 1, 3, 5, 4, 4, 5]","[-2, -1, -4, -2, -3, -5, -5, -5, -1, -2, -3, -5, -5, -4, -2, -3, -4, -1]"
66,21.63,10,False,1355,120,5,-8,[461],[678],[-4],[3],"[887, 259, 779, 913, 663]","[645, 635, 696, 635, 631]","[488, 418, 370, 13, 232]","[79, 126, 85, 93, 58]","[74, 40, 753, 819, 476, 558, 581, 706, 446, 707, 741, 558, 809, 270, 764, 1032, 726]","[435, 624, 471, 257, 77, 107, 77, 605, 481, 482, 316, 313, 580, 597, 653, 566, 636]","[-5, -5, 5, 4, 2, 0, 2, 5, 5, 4, -2, 1, 3, 5, 4, 4, 5]","[-2, -1, -2, -3, -5, -5, -5, -1, -2, -3, -5, -5, -4, -2, -3, -4, -1]"
67,21.97,10,False,1318,138,-3,9,[],[],[],[],"[1067, 919, 906, 748]","[665, 722, 669, 651]","[458, 363, -7, 254]","[99, 105, 113, 78]","[853, 907, 569, 806, 546, 787, 701, 593, 869, 370, 844, 1112, 826]","[431, 197, 7, 585, 441, 422, 216, 213, 500, 557, 593, 486, 616]","[5, 5, 1, 5, 5, 4, -2, 2, 3, 5, 4, 4, 5]","[-2, -3, -5, -1, -2, -3, -5, -5, -4, -2, -3, -4, -1]"
68,22.3,10,False,1299,283,0,0,[1316],[300],[-2],[5],"[1225, 1048, 886, 841, 227]","[702, 753, 709, 671, 671]","[370, 309, -49, 237, 44]","[97, 83, 111, 76, -11]","[953, 1007, 906, 646, 867, 672, 633, 929, 470, 924, 1192, 926, 1225, 1043, 953, 872, 317]","[391, 137, 551, 401, 362, 116, 113, 420, 517, 533, 406, 596, 672, 731, 680, 658, 705]","[5, 5, 5, 5, 4, -1, 2, 3, 5, 4, 4, 5, 3, 1, 1, 3, 5]","[-2, -3, -2, -2, -3, -5, -5, -4, -2, -3, -4, -1, -5, -5, -5, -4, -1]"
69,22.63,10,False,1338,309,0,0,[1276],[400],[-2],[5],"[1337, 1142, 846, 915, 253]","[722, 769, 737, 691, 651]","[237, 213, -98, 184, 124]","[76, 43, 77, 56, -31]","[1053, 1107, 1006, 746, 947, 652, 686, 1009, 570, 1004, 1272, 1026, 1285, 1063, 973, 936, 417]","[351, 95, 511, 361, 302, 16, 14, 340, 477, 473, 326, 576, 572, 631, 580, 578, 685]","[5, 5, 5, 5, 4, -1, 3, 4, 5, 4, 4, 5, 3, 1, 1, 4, 5]","[-2, -2, -2, -2, -3, -5, -4, -4, -2, -3, -4, -1, -5, -5, -5, -4, -1]"
70,22.97,10,False,1382,379,2,9,[1236],[500],[-2],[5],"[1392, 1196, 787, 966, 307]","[735, 769, 750, 697, 630]","[86, 102, -138, 124, 192]","[36, 3, 37, 36, -51]","[1153, 1207, 1106, 846, 1027, 1089, 670, 1084, 1352, 1126, 1345, 1083, 998, 1016, 517, 1427, 1235, 827, 1006, 360]","[311, 55, 471, 321, 242, 260, 437, 413, 246, 556, 472, 531, 480, 498, 665, 765, 800, 783, 730, 677]","[5, 5, 5, 5, 4, 4, 5, 4, 4, 5, 3, 1, 2, 4, 5, 0, 4, 5, 5, 5]","[-2, -2, -2, -2, -3, -4, -2, -3, -4, -1, -5, -5, -5, -4, -1, -5, -4, -2, -2, -1]"
71,23.3,9,False,1325,331,-9,-3,[1196],[600],[-2],[5],"[1383, 1201, 713, 991, 385]","[733, 749, 748, 697, 590]","[-74, -18, -165, 46, 248]","[-4, -37, -3, 16, -56]","[1253, 1307, 1206, 946, 1107, 1169, 770, 1164, 1432, 1226, 1103, 1038, 1096, 617, 1427, 1315, 927, 1106, 460]","[280, 15, 431, 281, 182, 180, 397, 353, 166, 536, 431, 380, 418, 645, 665, 720, 743, 690, 657]","[5, 5, 5, 5, 4, 4, 5, 4, 4, 5, 1, 2, 4, 5, 0, 4, 5, 5, 5]","[-1, -2, -2, -2, -3, -4, -2, -3, -4, -1, -5, -5, -4, -1, -5, -4, -2, -2, -1]"
72,23.63,9,False,1184,214,-6,-7,[1156],[700],[-2],[5],"[1313, 1159, 633, 982, 485]","[713, 715, 728, 693, 576]","[-220, -135, -177, -34, 285]","[-37, -75, -43, -4, -56]","[1353, 1306, 1046, 1199, 1249, 870, 1244, 1512, 1326, 1123, 1078, 1176, 717, 1427, 1390, 1027, 1206, 560]","[260, 391, 241, 122, 116, 357, 293, 99, 516, 331, 280, 338, 625, 565, 640, 703, 650, 637]","[5, 5, 5, 5, 4, 5, 4, 4, 5, 1, 2, 4, 5, 0, 3, 5, 5, 5]","[-1, -2, -2, -3, -3, -2, -3, -4, -1, -5, -5, -4, -1, -5, -4, -2, -2, -1]"
73,23.96,7,False,1017,161,-9,1,[],[],[],[],"[1190, 553, 946, 595, 1356]","[693, 695, 673, 576, 794]","[-327, -152, -81, 323, -55]","[-35, -47, -2, -34, 0]","[1453, 1406, 1299, 1329, 970, 1324, 1426, 1143, 1256, 817, 1426, 1450, 1127, 1306, 660, 1297, 651, 1013, 635, 1369]","[234, 351, 62, 56, 317, 233, 496, 231, 258, 605, 465, 560, 663, 610, 617, 688, 703, 675, 599, 785]","[5, 5, 5, 4, 5, 4, 5, 1, 4, 5, -1, 3, 5, 5, 5, 0, 1, 0, 5, -3]","[-2, -2, -3, -3, -2, -3, -1, -5, -4, -1, -5, -4, -2, -2, -1, -5, -5, -5, -2, -4]"
74,24.3,7,False,837,199,-9,2,[],[],[],[],"[1036, 496, 905, 722, 1304]","[673, 675, 672, 576, 794]","[-387, -92, -101, 356, -155]","[-15, -27, 18, 6, 0]","[1506, 1399, 1070, 1404, 1526, 1163, 1335, 917, 1406, 1510, 1227, 1406, 760, 1297, 671, 1013, 735, 1309]","[311, 2, 277, 173, 465, 131, 178, 585, 365, 480, 623, 570, 597, 588, 603, 575, 559, 705]","[5, 5, 5, 4, 5, 1, 3, 5, -1, 3, 5, 5, 5, 0, 1, 0, 5, -3]","[-2, -3, -2, -3, -2, -5, -4, -1, -5, -4, -2, -2, -1, -5, -5, -5, -2, -4]"
75,24.63,7,False,684,281,1,9,[],[],[],[],"[862, 463, 845, 862, 1213]","[659, 655, 672, 576, 794]","[-416, -27, -114, 363, -244]","[5, -7, 38, 46, 0]","[1170, 1484, 1183, 1395, 1017, 1375, 1327, 1506, 860, 1297, 691, 1013, 835, 1249, 895, 512, 877, 894, 1244]","[237, 113, 31, 98, 565, 265, 583, 530, 577, 488, 503, 475, 519, 625, 689, 699, 703, 607, 825]","[5, 4, 1, 3, 5, -2, 5, 5, 5, 0, 1, 0, 5, -3, -2, 0, -3, -3, -4]","[-2, -3, -5, -4, -1, -5, -2, -2, -1, -5, -5, -5, -2, -4, -5, -5, -4, -4, -4]"
76,24.97,6,False,630,359,-9,-3,[772],[442],[2],[5],"[682, 458, 785, 996, 1090]","[659, 649, 681, 595, 794]","[-407, 53, -114, 340, -312]","[25, 13, 58, 86, 0]","[1270, 1455, 1117, 1327, 1427, 960, 1297, 1013, 935, 1189, 855, 512, 817, 834, 1164]","[197, 18, 545, 167, 537, 557, 388, 375, 479, 545, 589, 599, 623, 527, 745]","[5, 3, 5, -3, 5, 5, 0, 0, 5, -3, -2, 0, -3, -3, -4]","[-2, -4, -1, -4, -3, -1, -5, -5, -2, -4, -5, -5, -4, -4, -4]"
77,25.32,6,False,459,286,-9,-3,[812],[542],[2],[5],"[518, 487, 726, 1113, 947]","[659, 649, 701, 629, 794]","[-363, 124, -100, 293, -354]","[45, 33, 78, 122, 0]","[1370, 1217, 1263, 1524, 1060, 1297, 1013, 1035, 1129, 811, 512, 757, 774, 1084]","[157, 525, 87, 477, 537, 288, 275, 439, 465, 489, 499, 543, 447, 665]","[5, 5, -4, 4, 5, 0, 0, 5, -3, -3, 0, -3, -3, -4]","[-2, -1, -4, -3, -1, -5, -5, -2, -4, -5, -5, -4, -4, -4]"
78,25.67,6,False,284,293,-7,6,[839],[642],[1],[5],"[374, 539, 684, 1205, 787]","[668, 649, 721, 669, 776]","[-312, 162, -102, 203, -386]","[43, 31, 76, 120, -22]","[1470, 1317, 1183, 1160, 1291, 1009, 1135, 1067, 751, 512, 697, 714, 1004, 462, 500, 742, 1153, 862]","[117, 486, 20, 517, 188, 175, 399, 385, 389, 399, 463, 367, 585, 650, 651, 703, 683, 799]","[5, 5, -4, 5, -1, -1, 5, -4, -3, 0, -3, -3, -4, -2, -4, -1, -5, -4]","[-2, -2, -3, -1, -5, -5, -2, -4, -5, -5, -4, -4, -4, -5, -3, -5, -1, -3]"
79,26.0,6,False,235,467,-1,9,[859],[742],[1],[5],"[251, 599, 624, 1250, 618]","[668, 649, 734, 709, 750]","[-250, 172, -108, 83, -404]","[23, 11, 36, 100, -62]","[1417, 1260, 1271, 989, 1235, 987, 691, 512, 637, 654, 924, 422, 420, 722, 1053, 782]","[446, 490, 88, 75, 359, 305, 303, 299, 383, 287, 524, 550, 591, 603, 663, 739]","[5, 5, -1, -1, 5, -4, -3, 0, -3, -3, -4, -2, -4, -1, -5, -4]","[-2, -2, -5, -5, -2, -4, -4, -5, -4, -4, -3, -5, -3, -5, -1, -3]"
80,26.33,5,False,349,450,8,-4,[879],[842],[1],[5],"[159, 659, 564, 1248, 449]","[668, 640, 732, 729, 710]","[-168, 172, -107, -37, -388]","[3, -9, -4, 72, -97]","[1517, 1360, 1335, 907, 631, 496, 569, 588, 844, 340, 688, 953, 702, 197, 698, 608, 1292, 493]","[406, 450, 319, 225, 223, 199, 303, 207, 464, 531, 503, 643, 679, 699, 683, 771, 777, 747]","[5, 5, 5, -4, -3, -1, -4, -4, -4, -4, -2, -5, -4, 3, -5, 0, -5, 2]","[-2, -2, -2, -4, -4, -5, -4, -4, -3, -3, -5, -1, -3, -4, -1, -5, -1, -5]"
81,26.67,5,False,484,459,0,9,[],[],[],[],"[103, 719, 518, 1198, 293]","[651, 620, 712, 740, 653]","[-68, 156, -87, -157, -339]","[-17, -29, -36, 32, -117]","[1460, 1435, 827, 571, 476, 489, 508, 764, 260, 648, 853, 622, 257, 598, 608, 1192, 533]","[410, 271, 158, 143, 99, 223, 127, 404, 471, 403, 623, 619, 619, 663, 671, 757, 647]","[5, 5, -4, -3, -1, -4, -4, -4, -4, -2, -5, -4, 3, -5, 0, -5, 2]","[-2, -3, -3, -4, -5, -4, -4, -3, -3, -5, -1, -3, -4, -1, -5, -1, -5]"
82,27.0,5,False,383,501,0,0,[],[],[],[],"[87, 765, 478, 1102, 163]","[631, 600, 686, 736, 593]","[32, 136, -67, -265, -263]","[-37, -29, -56, -8, -128]","[1535, 747, 494, 409, 428, 684, 180, 608, 753, 542, 317, 498, 608, 1092, 571]","[211, 98, 63, 143, 47, 344, 395, 303, 603, 559, 539, 643, 571, 737, 547]","[5, -4, -4, -4, -4, -4, -4, -2, -5, -4, 3, -5, 0, -5, 1]","[-3, -3, -4, -4, -4, -3, -4, -5, -1, -3, -4, -1, -5, -1, -5]"
83,27.33,5,False,513,413,8,-4,[],[],[],[],"[113, 805, 449, 969, 72]","[611, 580, 646, 716, 576]","[154, 120, -10, -329, -141]","[-26, -7, -54, -22, -106]","[667, 329, 604, 100, 568, 653, 462, 377, 398, 608, 992, 591, 198, 777, 486, 1035, 214]","[38, 63, 284, 315, 203, 583, 499, 459, 623, 471, 717, 447, 670, 615, 657, 722, 624]","[-4, -4, -4, -4, -2, -5, -4, 3, -5, 0, -5, 1, 5, -5, -1, -4, 5]","[-3, -4, -3, -4, -5, -1, -3, -4, -1, -5, -1, -5, 0, -2, -5, -4, 0]"
84,27.66,3,False,690,353,9,-2,[],[],[],[],"[194, 845, 453, 829, 39]","[599, 577, 623, 696, 576]","[289, 120, 70, -345, 17]","[14, 33, -34, -2, -66]","[524, 26, 528, 553, 382, 437, 298, 892, 298, 677, 466, 955, 314]","[224, 235, 103, 563, 439, 379, 584, 697, 670, 575, 557, 642, 624]","[-4, -3, -2, -5, -4, 3, -5, -5, 5, -5, -1, -4, 5]","[-3, -4, -5, -1, -3, -4, -2, -1, 0, -2, -5, -4, 0]"
85,28.0,3,False,870,333,9,-1,[],[],[],[],"[324, 885, 486, 689, 69]","[602, 589, 605, 695, 576]","[402, 112, 142, -334, 177]","[54, 73, 3, 18, -26]","[444, 488, 453, 302, 497, 198, 792, 398, 577, 446, 875, 414, 368, 935, 523, 729, 118]","[164, 3, 543, 379, 299, 544, 677, 670, 529, 457, 562, 624, 638, 632, 635, 728, 620]","[-4, -2, -5, -4, 3, -5, -5, 5, -5, -1, -4, 5, 5, 3, 2, 5, 5]","[-3, -5, -1, -3, -4, -2, -1, 0, -3, -5, -4, 0, -3, -4, -5, -2, 0]"
86,28.33,3,False,1017,373,-3,9,[],[],[],[],"[494, 917, 545, 551, 159]","[622, 616, 605, 695, 576]","[486, 92, 202, -295, 317]","[93, 113, 43, 38, 14]","[364, 353, 222, 559, 98, 692, 498, 478, 426, 795, 514, 468, 995, 563, 829, 218]","[104, 523, 319, 219, 504, 657, 653, 469, 357, 482, 624, 578, 552, 535, 680, 620]","[-4, -5, -4, 4, -5, -5, 5, -4, -1, -4, 5, 5, 3, 2, 5, 5]","[-3, -1, -3, -4, -2, -1, -1, -3, -5, -4, 0, -3, -4, -5, -3, 0]"
87,28.66,3,False,982,422,8,-5,[944],[491],[-5],[3],"[690, 937, 625, 437, 301]","[656, 656, 622, 704, 579]","[532, 72, 248, -229, 435]","[113, 136, 82, 58, 54]","[284, 253, 142, 639, 2, 592, 598, 398, 424, 733, 614, 568, 1055, 603, 929, 318]","[44, 503, 259, 139, 448, 637, 633, 409, 257, 402, 624, 518, 472, 435, 620, 620]","[-4, -5, -4, 4, -4, -5, 5, -4, 0, -3, 5, 5, 3, 2, 5, 5]","[-3, -1, -3, -4, -3, -1, -1, -3, -5, -4, 0, -3, -4, -5, -3, 0]"
88,29.02,3,False,1068,258,3,-9,[844],[551],[-5],[3],"[890, 950, 725, 350, 480]","[696, 696, 642, 724, 599]","[516, 30, 255, -167, 500]","[111, 134, 80, 53, 72]","[153, 62, 719, 492, 698, 318, 424, 673, 714, 668, 1115, 643, 1010, 418, 842, 1026, 771, 487, 483]","[477, 180, 59, 617, 613, 349, 157, 322, 624, 466, 392, 335, 560, 620, 662, 667, 651, 741, 617]","[-5, -4, 4, -5, 5, -4, 0, -3, 5, 5, 3, 2, 4, 5, 1, 3, 5, 5, 5]","[-2, -4, -4, -1, -1, -3, -5, -4, 0, -2, -4, -5, -3, 0, -5, -5, -2, -2, -1]"
89,29.35,3,False,1123,78,4,-9,[754],[611],[-4],[3],"[1073, 940, 810, 285, 680]","[727, 736, 662, 725, 619]","[445, -30, 225, -107, 508]","[85, 107, 60, 13, 72]","[53, 392, 798, 239, 424, 613, 814, 768, 1175, 683, 1090, 518, 862, 1086, 871, 587, 583]","[437, 581, 593, 274, 57, 242, 622, 426, 312, 235, 500, 620, 562, 567, 611, 701, 597]","[-5, -5, 5, -3, 0, -3, 5, 5, 3, 2, 4, 5, 1, 3, 5, 5, 5]","[-2, -2, -1, -4, -5, -4, -1, -2, -4, -5, -3, 0, -5, -5, -2, -2, -1]"
90,29.68,3,False,1267,89,6,7,[],[],[],[],"[1220, 906, 882, 247, 1390]","[744, 759, 672, 711, 715]","[338, -90, 181, -35, -8]","[45, 67, 40, -18, -1]","[292, 898, 180, 553, 914, 868, 1235, 739, 1170, 618, 893, 1146, 971, 687, 683, 1254, 956, 919, 301, 1436]","[541, 573, 189, 161, 602, 368, 232, 135, 438, 620, 462, 467, 554, 661, 577, 774, 802, 702, 759, 760]","[-5, 5, -2, -3, 5, 5, 3, 3, 4, 5, 2, 3, 5, 5, 5, -1, 3, 2, 5, -3]","[-2, -1, -5, -5, -1, -3, -4, -5, -4, 0, -5, -5, -3, -2, -1, -5, -4, -5, -1, -4]"
91,30.01,3,False,1358,249,3,9,[],[],[],[],"[1319, 849, 932, 239, 1344]","[744, 767, 672, 691, 695]","[207, -144, 121, 45, -161]","[5, 27, 20, -38, -21]","[192, 998, 147, 499, 1014, 968, 1295, 799, 1250, 718, 933, 1206, 1071, 787, 783, 1234, 1016, 959, 401, 1376]","[493, 553, 89, 61, 582, 314, 152, 43, 358, 620, 362, 367, 494, 621, 557, 674, 722, 602, 739, 680]","[-5, 5, -1, -2, 5, 5, 3, 3, 4, 5, 2, 3, 5, 5, 5, -1, 3, 2, 5, -3]","[-3, -1, -5, -5, -1, -2, -4, -4, -4, 0, -5, -5, -3, -2, -1, -5, -4, -5, -1, -4]"
92,30.35,1,False,1207,230,-9,-3,[],[],[],[],"[1363, 772, 959, 265, 1241]","[726, 760, 672, 663, 675]","[67, -184, 61, 125, -297]","[-35, -13, 0, -58, -41]","[109, 1098, 1114, 1068, 1355, 818, 973, 1171, 887, 883, 1214, 1076, 999, 501, 1316]","[433, 525, 562, 274, 72, 620, 262, 434, 581, 537, 574, 642, 502, 704, 595]","[-4, 5, 5, 5, 3, 5, 2, 5, 5, 5, -1, 3, 2, 5, -3]","[-3, -2, -1, -2, -4, 0, -5, -3, -2, -1, -5, -4, -5, -2, -5]"
93,40.45,0,False,1117,203,-9,-2,[],[],[],[],"[1364, 732, 962, 288, 1169]","[716, 750, 662, 643, 665]","[-1, -193, 33, 159, -355]","[-49, -31, -8, -66, -49]","[69, 1148, 1164, 1385, 868, 993, 1221, 937, 933, 1204, 1106, 1019, 551, 1286, 1413, 777, 1001, 341, 1208]","[402, 505, 552, 32, 620, 212, 404, 561, 527, 524, 602, 452, 684, 545, 760, 788, 694, 688, 699]","[-4, 5, 5, 3, 5, 2, 5, 5, 5, -1, 3, 2, 5, -3, 0, 3, 4, 5, 0]","[-4, -2, -1, -4, 0, -5, -3, -2, -1, -5, -4, -5, -2, -5, -5, -4, -3, -3, -5]"
94,40.63,10,False,777,210,-3,-9,[],[],[],[],[391],[819],[30],[-20],[],[],[],[]
95,40.9,10,False,748,102,0,-9,[],[],[],[],[405],[785],[86],[-60],[],[],[],[]
96,41.18,10,False,754,47,0,9,[],[],[],[],"[439, 926]","[745, 794]","[126, -30]","[-98, -21]",[],[],[],[]
97,41.47,10,False,702,227,-2,9,[],[],[],[],"[496, 906]","[705, 774]","[206, -50]","[-78, -21]",[],[],[],[]
98,41.75,10,False,776,254,5,-8,[],[],[],[],"[583, 866, 141]","[665, 754, 748]","[268, -53, 70]","[-58, -21, 10]",[],[],[],[]
99,42.04,10,False,818,233,-4,8,[],[],[],[],"[690, 826, 188]","[638, 734, 748]","[312, -53, 210]","[-26, -5, 30]",[],[],[],[]
100,42.33,10,False,775,401,0,0,[815],[430],[-1],[6],"[810, 791, 289, 228]","[626, 730, 749, 802]","[333, -46, 334, 60]","[14, 15, 50, -1]",[],[],[],[]
101,42.63,10,False,742,258,-4,-8,[800],[550],[0],[6],"[930, 771, 435, 268]","[629, 730, 769, 782]","[329, -26, 432, 180]","[54, 35, 52, -1]",[],[],[],[]
102,42.94,10,False,720,217,0,0,[800],[670],[0],[6],"[1039, 751, 607, 345, 901]","[649, 730, 770, 762, 753]","[262, -46, 461, 250, -30]","[54, 15, 12, -41, -20]",[],[],[],[]
103,43.24,10,False,740,182,9,-3,[],[],[],[],"[1117, 715, 447, 870]","[655, 725, 726, 733]","[177, -66, 302, -71]","[36, -5, -69, -43]",[],[],[],[]
104,43.54,10,False,909,172,0,0,[],[],[],[],"[1157, 675, 567, 824, 1489]","[655, 705, 686, 700, 697]","[77, -74, 331, -111, -84]","[16, -25, -89, -63, -10]",[],[],[],[]
105,43.86,10,False,972,179,9,3,[],[],[],[],"[1157, 635, 687, 764, 1413]","[651, 685, 637, 660, 677]","[-23, -74, 337, -139, -244]","[-4, -45, -105, -83, -30]",[],[],[],[]
106,44.2,10,False,898,336,-5,8,[959],[365],[-3],[5],"[1117, 595, 807, 695, 1274]","[631, 650, 600, 620, 657]","[-123, -72, 319, -158, -384]","[-5, -65, -105, -88, -50]",[],[],[],[]
107,44.53,10,False,728,355,-9,-1,[899],[478],[-3],[6],"[1047, 568, 927, 632, 1097]","[629, 623, 600, 600, 637]","[-169, -12, 315, -118, -453]","[35, -25, -65, -48, -17]",[],[],[],[]
108,44.86,10,False,584,347,0,0,[844],[598],[-2],[6],"[966, 565, 1041, 584, 897]","[642, 611, 600, 600, 629]","[-201, 48, 288, -70, -483]","[75, 15, -25, -8, 23]",[],[],[],[]
109,45.16,10,False,575,346,0,0,[],[],[],[],"[866, 588, 1137, 558]","[667, 614, 600, 600]","[-215, 108, 240, -10]","[104, 55, 15, 32]",[],[],[],[]
110,45.48,10,False,518,338,-8,5,[],[],[],[],"[766, 631, 1210, 556, 655]","[707, 634, 603, 612, 801]","[-209, 155, 177, 50, 20]","[124, 95, 55, 72, 0]",[],[],[],[]
111,45.8,10,False,527,463,-8,5,[],[],[],[],"[678, 691, 1255, 580, 661]","[747, 672, 623, 639, 801]","[-184, 195, 97, 110, 60]","[144, 125, 95, 112, 0]",[],[],[],[]
112,46.11,10,False,468,557,8,4,[],[],[],[],"[598, 751, 1258, 620, 681]","[787, 712, 643, 677, 781]","[-184, 179, -23, 121, 60]","[106, 105, 95, 98, -40]",[],[],[],[]
113,46.44,10,False,496,528,-2,-9,[645],[669],[6],[3],"[518, 811, 1214, 660, 701]","[810, 737, 663, 697, 746]","[-164, 156, -143, 121, 60]","[66, 85, 83, 78, -78]",[],[],[],[]
114,46.76,10,False,514,348,3,-9,[],[],[],[],"[449, 854, 1125, 711, 821]","[815, 757, 683, 706, 794]","[-129, 116, -247, 40, -20]","[26, 59, 63, -98, -21]",[],[],[],[]
115,47.06,10,False,632,211,8,-4,[],[],[],[],"[395, 882, 997, 711, 796]","[802, 761, 696, 648, 768]","[-87, 76, -332, 20, -58]","[-14, 19, 43, -118, -61]",[],[],[],[]
116,47.36,10,False,812,195,9,2,[],[],[],[],"[363, 895, 843, 711, 756]","[780, 750, 696, 600, 728]","[-27, 36, -385, 0, -78]","[-54, -21, 23, -118, -90]",[],[],[],[]
117,47.66,10,False,894,325,-4,8,[],[],[],[],"[363, 895, 683, 711, 716]","[742, 730, 696, 600, 688]","[73, 36, -369, 20, -58]","[-49, -1, 43, -78, -70]",[],[],[],[]
118,47.96,10,False,835,477,0,0,[874],[499],[-3],[5],"[403, 895, 534, 711, 689]","[722, 730, 710, 600, 649]","[173, 36, -320, 40, -27]","[-29, 19, 63, -38, -49]",[],[],[],[]
119,48.27,10,False,961,392,9,-4,[814],[599],[-3],[5],"[478, 895, 410, 722, 676]","[702, 730, 730, 600, 629]","[253, 36, -245, 60, 13]","[-9, 39, 83, 2, -9]",[],[],[],[]
120,48.57,10,False,1015,380,0,0,[],[],[],[],"[585, 895, 322, 678]","[694, 740, 754, 625]","[318, 36, -147, 53]","[11, 59, 102, 31]",[],[],[],[]
121,48.88,10,False,1020,439,-7,7,[],[],[],[],"[711, 895, 276, 698]","[694, 760, 794, 636]","[360, 36, -35, 93]","[31, 70, 102, 71]",[],[],[],[]
122,49.21,10,False,879,557,-8,5,[],[],[],[],"[841, 893, 268, 718, 1416]","[694, 770, 813, 656, 699]","[334, -4, 45, 76, -160]","[11, 30, 62, 66, -20]","[793, 1001, 421, 848, 1428]","[629, 716, 782, 666, 707]","[2, 3, 5, 5, -4]","[-5, -4, -3, -1, -3]"
123,49.54,10,False,811,437,-5,-8,[],[],[],[],"[955, 873, 294, 738, 1312]","[685, 765, 802, 672, 679]","[284, -44, 125, 56, -304]","[-9, -10, 22, 46, -40]","[833, 1061, 521, 948, 1348]","[529, 636, 722, 646, 647]","[2, 3, 5, 5, -4]","[-5, -4, -3, -1, -3]"
124,49.88,10,False,684,304,-8,-5,[],[],[],[],"[1046, 836, 348, 744, 1154]","[665, 745, 793, 672, 649]","[214, -84, 189, 36, -421]","[-29, -45, -18, 26, -60]","[873, 1121, 621, 1048, 1268, 1051, 901, 386, 819, 1243]","[429, 556, 662, 626, 587, 665, 751, 787, 677, 669]","[2, 3, 5, 5, -4, 0, 0, 3, 4, -3]","[-5, -4, -3, -1, -3, -5, -5, -5, -3, -4]"
125,50.21,10,False,506,271,-9,1,[],[],[],[],"[1105, 784, 425, 744, 958]","[645, 710, 769, 672, 609]","[132, -119, 243, 16, -503]","[-44, -65, -58, 6, -60]","[913, 1181, 715, 1148, 1188, 1043, 901, 446, 899, 1183]","[329, 476, 602, 603, 527, 565, 651, 687, 617, 589]","[2, 3, 4, 5, -4, -1, 0, 3, 4, -3]","[-5, -4, -3, -2, -3, -5, -5, -5, -3, -4]"
126,50.54,10,False,418,308,0,0,[],[],[],[],"[1127, 724, 522, 740, 738]","[625, 670, 729, 658, 600]","[32, -139, 279, -4, -544]","[-44, -85, -88, -14, -60]","[953, 1241, 795, 1248, 1108, 1017, 901, 506, 979, 1103]","[229, 384, 542, 563, 467, 465, 551, 587, 537, 509]","[2, 3, 4, 5, -4, -2, 0, 3, 4, -4]","[-5, -5, -3, -2, -3, -5, -5, -5, -4, -4]"
127,50.88,10,False,339,394,-7,6,[],[],[],[],"[1117, 664, 636, 737, 518]","[605, 630, 689, 648, 600]","[-28, -107, 334, 16, -501]","[-4, -55, -68, 18, -20]","[983, 1283, 875, 1348, 1021, 974, 901, 557, 1047, 1023, 1062, 769, 572, 688, 728]","[129, 284, 482, 523, 407, 365, 451, 487, 457, 429, 619, 616, 672, 666, 541]","[1, 2, 4, 5, -5, -3, 0, 2, 3, -4, -5, 0, 0, -5, -2]","[-5, -5, -3, -2, -3, -5, -5, -5, -4, -4, -2, -5, -5, -2, -5]"
128,51.21,10,False,317,370,0,-9,[],[],[],[],"[1084, 621, 769, 737, 326]","[604, 608, 652, 653, 600]","[-80, -67, 365, 36, -415]","[36, -15, -48, 56, 20]","[1003, 1321, 955, 1448, 921, 914, 887, 597, 1107, 943, 962, 769, 572, 588, 668]","[29, 184, 422, 475, 347, 283, 351, 387, 376, 354, 579, 516, 572, 626, 456]","[1, 1, 4, 5, -5, -3, -1, 2, 3, -4, -5, 0, 0, -5, -3]","[-5, -5, -3, -3, -3, -4, -5, -5, -5, -3, -2, -5, -5, -2, -4]"
129,51.55,10,False,341,238,5,-8,[],[],[],[],"[1034, 593, 909, 744, 174]","[618, 601, 632, 673, 606]","[-120, -20, 369, 56, -295]","[76, 25, -10, 76, 60]","[1341, 1035, 1530, 821, 835, 867, 637, 1154, 863, 862, 761, 572, 488, 605, 1055, 637, 836, 732, 301]","[84, 349, 415, 287, 205, 251, 287, 276, 294, 539, 416, 472, 585, 376, 643, 586, 671, 669, 595]","[1, 4, 4, -5, -4, -1, 2, 2, -4, -5, -1, 0, -5, -4, -5, 0, -5, -4, 3]","[-5, -4, -3, -3, -3, -5, -5, -5, -3, -2, -5, -5, -3, -4, -1, -5, -1, -3, -4]"
130,51.88,10,False,336,228,-9,-1,[],[],[],[],"[972, 587, 1045, 764, 76]","[647, 609, 628, 693, 627]","[-152, 40, 343, 76, -149]","[116, 65, 30, 96, 100]","[1111, 721, 755, 834, 677, 1185, 783, 762, 741, 572, 388, 525, 955, 637, 736, 652, 361]","[269, 237, 145, 151, 187, 176, 234, 499, 316, 372, 525, 296, 623, 486, 651, 609, 510]","[3, -5, -4, -2, 2, 1, -4, -5, -1, 0, -5, -4, -5, 0, -5, -4, 3]","[-4, -2, -3, -5, -5, -5, -3, -2, -5, -5, -3, -4, -1, -5, -1, -3, -5]"
131,52.21,10,False,293,235,0,0,[],[],[],[],"[892, 604, 1162, 784, 40]","[687, 632, 639, 730, 667]","[-170, 97, 293, 96, 11]","[138, 105, 70, 116, 132]","[1171, 621, 666, 794, 717, 1195, 703, 662, 721, 572, 294, 445, 855, 637, 636, 572, 421]","[189, 197, 85, 51, 87, 76, 174, 459, 216, 272, 465, 216, 603, 386, 631, 549, 410]","[3, -5, -5, -2, 2, 0, -4, -5, -1, 0, -4, -4, -5, 0, -5, -4, 3]","[-4, -2, -3, -5, -5, -5, -3, -2, -5, -5, -3, -4, -1, -5, -1, -3, -5]"
132,52.55,10,False,265,363,0,9,[],[],[],[],"[807, 624, 1246, 804, 60]","[727, 667, 659, 763, 707]","[-210, 97, 181, 73, 131]","[118, 95, 62, 87, 112]","[1225, 521, 566, 623, 562, 701, 572, 214, 365, 755, 637, 536, 492, 465, 835, 651, 1128, 731, 115]","[95, 157, 43, 114, 419, 116, 172, 405, 156, 583, 286, 611, 489, 310, 696, 580, 621, 718, 604]","[2, -5, -5, -4, -5, -1, 0, -4, -4, -5, 0, -5, -4, 2, -5, 0, -4, -5, 2]","[-5, -2, -2, -3, -2, -5, -5, -3, -3, -1, -5, -1, -3, -5, -2, -5, -3, -3, -5]"
133,52.88,10,False,267,543,-1,9,[],[],[],[],"[707, 644, 1284, 815, 126]","[762, 687, 671, 781, 739]","[-232, 97, 61, 33, 245]","[90, 75, 42, 47, 92]","[421, 466, 527, 462, 681, 572, 134, 278, 655, 637, 436, 412, 505, 735, 637, 1048, 631, 155]","[117, 9, 54, 379, 16, 72, 345, 99, 563, 186, 591, 429, 210, 656, 480, 561, 658, 504]","[-5, -5, -5, -5, -1, 0, -4, -5, -5, 0, -5, -4, 2, -5, -1, -4, -5, 2]","[-2, -1, -3, -2, -5, -5, -3, -2, -1, -5, -1, -3, -5, -2, -5, -3, -3, -5]"
134,53.21,10,False,298,600,4,9,[],[],[],[],"[607, 664, 1273, 811, 236]","[782, 707, 671, 781, 759]","[-234, 97, -59, -7, 340]","[50, 55, 22, 7, 64]","[321, 427, 362, 54, 178, 555, 634, 336, 332, 545, 635, 617, 968, 531, 212, 643, 654, 1269, 801, 262]","[77, 10, 339, 285, 68, 543, 86, 571, 369, 110, 616, 380, 501, 598, 404, 814, 727, 706, 786, 750]","[-5, -5, -5, -4, -5, -5, -1, -5, -4, 2, -5, -1, -4, -5, 3, -5, -5, -5, -5, 4]","[-2, -2, -2, -3, -1, -1, -5, -1, -3, -5, -2, -5, -3, -3, -5, 0, -2, 0, -3, -4]"
135,53.55,10,False,442,600,9,1,[],[],[],[],"[507, 684, 1214, 791, 378]","[782, 712, 671, 764, 766]","[-216, 97, -179, -38, 410]","[10, 35, 2, -33, 24]","[221, 262, 78, 455, 236, 249, 587, 535, 597, 888, 431, 272, 543, 554, 1169, 701, 342]","[37, 302, 68, 523, 551, 309, 10, 576, 280, 441, 538, 312, 814, 687, 706, 726, 670]","[-5, -5, -5, -5, -5, -5, 3, -5, -1, -4, -5, 3, -5, -5, -5, -5, 4]","[-2, -1, 1, -1, -1, -3, -5, -2, -5, -3, -3, -4, 0, -2, 0, -3, -4]"
136,53.88,10,False,617,556,8,-5,[],[],[],[],"[419, 704, 1110, 763, 538]","[767, 712, 653, 732, 758]","[-178, 94, -283, -58, 449]","[-30, 15, -18, -64, -16]","[121, 162, 355, 136, 149, 435, 577, 808, 331, 332, 443, 454, 1069, 601, 422]","[4, 282, 503, 531, 249, 536, 180, 381, 478, 232, 814, 647, 706, 666, 590]","[-5, -5, -5, -5, -5, -5, -1, -4, -5, 3, -5, -5, -5, -5, 4]","[-1, -1, -1, -1, -3, -2, -5, -3, -3, -4, 0, -2, 0, -3, -4]"
137,54.21,10,False,778,460,9,-4,[],[],[],[],"[357, 739, 977, 736, 718]","[747, 712, 643, 699, 738]","[-83, 114, -322, -38, 495]","[-27, 35, 19, -44, -4]","[62, 255, 36, 49, 335, 557, 728, 231, 401, 343, 354, 969, 507, 502, 557, 640, 1044, 710, 686]","[262, 483, 511, 189, 496, 80, 321, 418, 152, 814, 607, 706, 606, 521, 768, 747, 672, 799, 816]","[-5, -5, -5, -5, -5, -1, -4, -5, 4, -5, -5, -5, -4, 4, 5, -5, -5, -5, 5]","[-1, -1, -1, -3, -2, -5, -3, -3, -4, 0, -2, 0, -3, -3, -2, 0, -1, 1, 1]"
138,54.54,10,False,958,420,9,-1,[],[],[],[],"[335, 779, 837, 716, 914]","[727, 718, 648, 679, 735]","[17, 134, -333, -18, 503]","[-7, 55, 59, -24, 16]","[155, 235, 648, 136, 481, 243, 254, 869, 427, 582, 657, 540, 944, 610, 786]","[463, 456, 261, 358, 82, 814, 550, 706, 546, 461, 728, 747, 652, 819, 835]","[-5, -5, -4, -4, 4, -5, -5, -5, -4, 4, 5, -5, -5, -5, 5]","[-1, -2, -3, -3, -3, 0, -3, 0, -3, -3, -2, 0, -1, 1, 0]"
139,54.88,10,False,1138,411,9,2,[],[],[],[],"[353, 819, 697, 700, 1097]","[721, 738, 668, 659, 735]","[117, 145, -319, 6, 473]","[13, 75, 82, -4, 36]","[55, 135, 568, 56, 567, 143, 171, 769, 347, 662, 757, 440, 844, 510, 886, 425, 878, 850, 794, 1021]","[443, 414, 201, 298, 22, 814, 490, 706, 485, 401, 688, 747, 632, 827, 835, 726, 726, 679, 687, 720]","[-5, -5, -4, -4, 5, -5, -4, -5, -4, 4, 5, -5, -5, -5, 5, 5, 3, 5, 4, -3]","[-1, -3, -3, -3, -3, 0, -3, 0, -4, -3, -2, 0, -1, 0, 0, -3, -5, -2, -3, -5]"
140,55.21,10,False,1029,507,0,-9,[1101],[562],[-4],[3],"[411, 859, 568, 700, 1265]","[721, 758, 691, 656, 742]","[215, 145, -274, 46, 406]","[33, 88, 102, 16, 56]","[35, 488, 43, 91, 669, 268, 742, 857, 340, 744, 410, 986, 525, 938, 950, 874, 980]","[354, 141, 806, 427, 706, 405, 341, 648, 747, 612, 827, 835, 666, 626, 639, 627, 620]","[-5, -4, -5, -4, -5, -3, 4, 5, -5, -5, -5, 5, 5, 3, 5, 4, -2]","[-3, -3, -1, -4, 0, -4, -3, -2, 0, -1, 0, 0, -3, -5, -2, -3, -5]"
141,55.55,10,False,1089,327,3,-9,[1021],[636],[-4],[4],"[503, 899, 461, 719, 1398]","[725, 778, 731, 656, 762]","[295, 145, -207, 68, 311]","[53, 88, 122, 36, 65]","[408, 18, 569, 208, 842, 957, 240, 644, 310, 1086, 625, 998, 1050, 954, 940]","[81, 347, 706, 324, 281, 608, 747, 592, 827, 835, 606, 531, 599, 567, 520]","[-4, -3, -5, -3, 5, 5, -5, -5, -5, 5, 5, 3, 5, 4, -2]","[-3, -4, 0, -5, -3, -2, 0, -1, 0, 0, -3, -4, -2, -3, -5]"
142,55.88,10,False,1140,149,4,-8,[941],[716],[-4],[4],"[619, 934, 378, 737, 1480]","[728, 797, 767, 656, 769]","[312, 86, -162, 48, 152]","[33, 48, 92, 16, 25]","[328, 469, 166, 942, 1057, 140, 544, 210, 1186, 725, 1058, 1150, 1034, 900, 649, 909, 601, 815, 1404]","[21, 706, 224, 231, 555, 732, 555, 822, 823, 546, 435, 559, 507, 420, 727, 726, 758, 611, 703]","[-4, -5, -1, 5, 5, -5, -5, -5, 5, 5, 3, 5, 4, -2, 5, -1, 5, 3, -2]","[-3, 0, -5, -2, -3, -2, -2, -1, -1, -3, -5, -2, -3, -5, -2, -5, -1, -4, -5]"
143,56.21,10,False,1140,48,-9,0,[861],[796],[-4],[4],"[739, 946, 315, 737, 1497]","[728, 797, 787, 652, 761]","[306, 26, -102, 28, -8]","[13, 8, 52, -4, -15]","[369, 158, 1042, 1148, 55, 444, 117, 1286, 825, 1118, 1250, 1114, 860, 749, 889, 701, 875, 1364]","[706, 124, 191, 495, 673, 515, 777, 792, 486, 335, 504, 447, 320, 687, 626, 723, 531, 603]","[-5, 0, 5, 4, -3, -5, -4, 5, 5, 3, 5, 4, -2, 5, -1, 5, 3, -2]","[0, -5, -2, -3, -4, -2, -4, -2, -3, -5, -3, -3, -5, -2, -5, -2, -4, -5]"
144,56.55,10,False,960,57,-9,1,[781],[876],[-4],[4],"[845, 934, 281, 737, 1450]","[721, 781, 788, 632, 741]","[278, -34, -30, 8, -168]","[-7, -32, 12, -6, -46]","[269, 172, 1142, 1228, 33, 344, 81, 1380, 925, 1178, 1342, 1194, 820, 849, 869, 801, 935, 1324, 855, 1002, 348, 802, 1487]","[706, 24, 144, 435, 574, 466, 682, 741, 426, 235, 444, 387, 220, 647, 526, 683, 451, 503, 713, 789, 773, 636, 767]","[-5, 2, 5, 4, 0, -5, 0, 4, 5, 3, 4, 4, -2, 5, -1, 5, 3, -2, 2, 1, 2, 3, -4]","[0, -5, -3, -3, -5, -3, -5, -3, -3, -5, -3, -3, -5, -2, -5, -2, -4, -5, -5, -5, -5, -4, -3]"
145,56.88,9,False,780,69,-9,0,[],[],[],[],"[938, 899, 275, 725, 1341]","[701, 750, 774, 612, 705]","[230, -94, 50, -12, -319]","[-27, -72, -28, -6, -66]","[169, 1242, 1308, 51, 261, 88, 1458, 1025, 1232, 1422, 1274, 949, 849, 901, 995, 1284, 895, 1006, 388, 862, 1407]","[703, 84, 368, 474, 406, 582, 670, 366, 135, 384, 313, 607, 426, 643, 371, 403, 613, 689, 673, 556, 707]","[-5, 5, 4, 2, -4, 1, 3, 5, 2, 4, 4, 5, -1, 5, 3, -2, 2, 0, 2, 3, -4]","[-1, -3, -4, -5, -3, -5, -4, -3, -5, -3, -4, -2, -5, -2, -4, -5, -5, -5, -5, -4, -3]"
146,57.21,9,False,915,86,9,2,[],[],[],[],"[1008, 842, 303, 705, 1177]","[681, 710, 745, 600, 665]","[168, -134, 129, -32, -443]","[-47, -92, -66, -6, -86]","[69, 1327, 1380, 98, 181, 121, 1514, 1121, 1272, 1502, 1349, 1049, 829, 1001, 1055, 1244, 935, 1006, 428, 922, 1327]","[683, 24, 288, 376, 341, 482, 581, 306, 35, 323, 233, 559, 326, 603, 291, 303, 513, 589, 573, 476, 647]","[-5, 4, 3, 3, -4, 2, 2, 4, 2, 4, 3, 5, -1, 5, 3, -2, 2, 0, 2, 3, -4]","[-1, -3, -4, -4, -4, -5, -5, -3, -5, -4, -4, -3, -5, -2, -4, -5, -5, -5, -5, -4, -3]"
147,57.55,9,False,877,104,-9,-3,[],[],[],[],"[1057, 782, 365, 687, 979]","[661, 670, 710, 600, 625]","[128, -128, 229, 3, -489]","[-27, -72, -46, 34, -54]","[1440, 162, 110, 176, 1548, 1201, 1582, 1409, 1148, 825, 1101, 1115, 1204, 975, 1006, 468, 982, 1247, 995, 887, 454, 753, 1149]","[208, 296, 261, 391, 481, 246, 243, 153, 499, 226, 548, 191, 203, 413, 489, 473, 396, 587, 644, 656, 732, 549, 624]","[3, 4, -3, 3, 1, 4, 4, 3, 4, 0, 5, 3, -2, 2, 0, 2, 3, -4, -3, 0, 5, 0, -3]","[-4, -4, -4, -4, -5, -3, -4, -4, -3, -5, -3, -5, -5, -5, -5, -5, -4, -3, -4, -5, -3, -5, -4]"
148,57.88,9,False,1004,76,0,0,[],[],[],[],"[1091, 722, 466, 687, 779]","[643, 635, 690, 613, 604]","[88, -108, 317, 43, -495]","[2, -42, -26, 74, -14]","[1493, 242, 52, 240, 1561, 1281, 1469, 1228, 825, 1191, 1175, 1164, 1015, 1006, 527, 1042, 1167, 935, 887, 554, 753, 1089]","[112, 223, 173, 311, 381, 186, 71, 439, 126, 488, 91, 103, 313, 389, 373, 316, 527, 564, 556, 672, 449, 544]","[2, 4, -2, 4, 0, 4, 3, 4, 0, 4, 3, -2, 2, 0, 3, 3, -4, -3, 0, 5, 0, -3]","[-5, -3, -5, -4, -5, -3, -5, -3, -5, -3, -5, -5, -5, -5, -5, -4, -3, -4, -5, -3, -5, -4]"
149,58.23,9,False,915,122,0,0,[],[],[],[],"[1107, 675, 598, 704, 579]","[643, 615, 670, 641, 600]","[38, -76, 383, 80, -461]","[42, -2, -6, 114, 26]","[1533, 322, 17, 320, 1561, 1361, 1308, 825, 1271, 1124, 1055, 1006, 587, 1102, 1087, 875, 887, 634, 753, 1029, 1147, 740, 625, 745, 744]","[12, 163, 73, 234, 281, 126, 379, 26, 428, 3, 213, 289, 273, 236, 467, 471, 456, 612, 349, 464, 628, 621, 689, 623, 595]","[2, 4, -1, 4, 0, 4, 4, 0, 4, -2, 2, 0, 3, 3, -4, -3, 0, 4, 0, -3, 1, 0, 5, 1, 4]","[-5, -3, -5, -3, -5, -3, -3, -5, -3, -5, -5, -5, -5, -4, -3, -5, -5, -3, -5, -4, -5, -5, -3, -5, -4]"
150,58.56,9,False,904,194,-1,-9,[939],[249],[-1],[5],"[1099, 643, 751, 725, 399]","[660, 615, 665, 681, 609]","[-21, -36, 418, 100, -390]","[73, 38, 14, 139, 66]","[414, 400, 1554, 1441, 1388, 1351, 1095, 1006, 647, 1162, 1007, 815, 887, 714, 753, 969, 1167, 740, 725, 765, 824]","[103, 174, 181, 66, 319, 368, 113, 189, 173, 156, 407, 371, 356, 552, 249, 384, 528, 521, 629, 523, 515]","[5, 4, -1, 4, 4, 4, 2, 0, 3, 3, -4, -3, 0, 4, 0, -3, 1, 0, 5, 1, 4]","[-3, -3, -5, -3, -3, -3, -5, -5, -5, -4, -3, -5, -5, -3, -5, -4, -5, -5, -3, -5, -4]"
151,58.9,9,False,877,23,0,0,[919],[349],[-1],[5],"[1073, 626, 911, 765, 255]","[680, 630, 665, 731, 633]","[-61, 4, 424, 120, -284]","[93, 78, 34, 159, 106]","[514, 480, 1527, 1521, 1468, 1431, 1135, 1006, 707, 1222, 927, 755, 887, 794, 753, 909, 1170, 740, 819, 785, 904]","[62, 114, 81, 6, 244, 299, 13, 89, 73, 76, 347, 271, 256, 492, 149, 304, 428, 421, 569, 423, 435]","[5, 4, -2, 4, 4, 4, 2, 0, 3, 3, -4, -3, 0, 4, 0, -3, 0, 0, 4, 1, 4]","[-2, -3, -5, -3, -4, -4, -5, -5, -5, -4, -3, -5, -5, -3, -5, -4, -5, -5, -3, -5, -4]"
152,59.23,9,False,959,135,0,0,[899],[449],[-1],[5],"[1022, 626, 1059, 804, 149]","[700, 650, 665, 779, 668]","[-141, 4, 356, 98, -194]","[73, 78, 14, 126, 95]","[614, 575, 1546, 1511, 847, 710, 887, 874, 754, 849, 1170, 740, 899, 805, 984, 1078, 681, 974, 815, 373]","[22, 54, 164, 219, 272, 171, 156, 432, 49, 217, 328, 321, 509, 323, 355, 628, 566, 600, 682, 619]","[5, 5, 3, 4, -4, -2, 0, 4, 1, -3, 0, 0, 4, 1, 4, -2, 1, 1, 0, 4]","[-2, -3, -4, -4, -4, -5, -5, -3, -5, -5, -5, -5, -3, -5, -4, -5, -5, -5, -5, -3]"
153,59.56,8,False,1035,222,8,-5,[894],[549],[0],[5],"[941, 626, 1172, 824, 84]","[720, 670, 659, 802, 688]","[-207, 4, 263, 58, -88]","[53, 59, -6, 86, 75]","[675, 1574, 767, 670, 887, 954, 789, 1170, 740, 979, 825, 1038, 701, 994, 815, 453]","[10, 139, 192, 71, 56, 372, 117, 228, 221, 449, 223, 528, 466, 500, 582, 559]","[5, 3, -4, -2, 0, 4, -3, 0, 0, 4, 1, -2, 1, 1, 0, 4]","[-2, -4, -4, -5, -5, -3, -5, -5, -5, -3, -5, -5, -5, -5, -5, -3]"
154,59.89,8,False,1210,226,9,3,[894],[649],[0],[5],"[838, 626, 1245, 828, 64]","[723, 679, 639, 815, 708]","[-256, 4, 150, 18, 32]","[33, 39, -15, 46, 55]","[687, 1034, 729, 1170, 740, 1059, 845, 998, 721, 1014, 815, 533, 941, 701, 1260, 873, 166]","[112, 312, 17, 128, 121, 389, 123, 428, 366, 400, 482, 499, 708, 674, 640, 793, 728]","[-4, 4, -3, 0, 0, 4, 1, -2, 1, 1, 0, 4, 2, 4, 0, 1, 5]","[-4, -3, -5, -5, -5, -3, -5, -5, -5, -5, -5, -3, -5, -4, -5, -5, -2]"
155,60.23,8,False,1321,354,2,9,[894],[749],[0],[5],"[718, 626, 1269, 817, 92]","[723, 679, 619, 815, 713]","[-283, 4, 30, -22, 152]","[13, 19, -15, 6, 35]","[607, 1114, 1170, 752, 1139, 865, 958, 741, 1034, 815, 613, 981, 781, 1260, 893, 266]","[32, 252, 28, 21, 329, 23, 328, 266, 300, 382, 439, 608, 594, 540, 693, 688]","[-4, 4, 0, 1, 4, 1, -2, 1, 1, 0, 4, 2, 4, 0, 1, 5]","[-4, -3, -5, -5, -3, -5, -5, -5, -5, -5, -3, -5, -4, -5, -5, -2]"
156,60.56,8,False,1348,476,-8,5,[894],[849],[0],[5],"[598, 626, 1247, 791, 166]","[716, 678, 600, 787, 713]","[-286, 4, -90, -58, 255]","[-7, -1, -15, -34, 15]","[1194, 1219, 938, 766, 1062, 815, 693, 1033, 861, 1260, 930, 366]","[192, 269, 228, 166, 200, 282, 379, 508, 514, 440, 593, 648]","[4, 4, -1, 2, 2, 0, 4, 3, 4, 0, 2, 5]","[-3, -3, -5, -5, -5, -5, -3, -5, -4, -5, -5, -2]"
157,60.9,8,False,1323,510,0,0,[1306],[593],[-4],[3],"[487, 626, 1184, 764, 286]","[710, 678, 600, 767, 713]","[-224, 44, -166, -38, 382]","[13, 19, 25, -34, 35]","[1277, 1301, 918, 806, 1102, 834, 773, 1093, 941, 1260, 970, 466, 732, 761, 1232, 916, 306]","[132, 209, 128, 66, 100, 182, 319, 408, 434, 340, 493, 608, 735, 713, 547, 773, 728]","[5, 5, -1, 2, 2, 1, 4, 3, 4, 0, 2, 5, 5, 5, -3, 4, 5]","[-3, -3, -5, -5, -5, -5, -3, -5, -4, -5, -5, -2, -1, 0, -5, -3, -1]"
158,61.23,8,False,1378,559,1,9,[1226],[653],[-4],[3],"[404, 644, 1095, 744, 452]","[710, 678, 608, 747, 719]","[-144, 84, -225, -18, 480]","[33, 39, 65, -31, 55]","[1377, 1401, 898, 854, 862, 1153, 1021, 1260, 1010, 566, 832, 861, 1172, 996, 406]","[72, 149, 28, 82, 259, 308, 355, 240, 393, 568, 715, 713, 447, 713, 708]","[5, 5, -1, 1, 5, 3, 4, 0, 2, 5, 5, 5, -3, 4, 5]","[-3, -3, -5, -5, -3, -5, -3, -5, -5, -2, -1, 0, -5, -3, -1]"
159,61.56,8,False,1333,550,-9,-3,[1136],[713],[-5],[3],"[356, 677, 987, 727, 648]","[714, 688, 631, 727, 739]","[-46, 124, -263, 2, 542]","[53, 59, 105, -11, 75]","[1477, 1501, 962, 1213, 1101, 1260, 1050, 666, 932, 961, 1129, 1076, 506, 458, 746, 1131, 832, 646]","[22, 96, 199, 223, 295, 140, 293, 546, 695, 713, 347, 653, 688, 735, 696, 680, 765, 758]","[5, 5, 5, 3, 4, 0, 2, 5, 5, 5, -2, 4, 5, 5, 4, 5, 5, 5]","[-2, -2, -3, -4, -3, -5, -5, -1, -1, 0, -5, -3, -1, -1, -3, 2, -2, -1]"
160,61.9,8,False,1153,490,-9,-3,[1036],[754],[-5],[2],"[348, 724, 867, 727, 865]","[734, 708, 671, 717, 759]","[54, 156, -278, 22, 563]","[73, 79, 135, 9, 87]","[1062, 1273, 1181, 1260, 1090, 766, 1032, 1061, 1089, 1156, 606, 558, 826, 1231, 932, 746]","[158, 143, 235, 40, 193, 526, 675, 713, 247, 593, 668, 715, 636, 720, 725, 738]","[5, 3, 4, 0, 2, 5, 5, 5, -2, 4, 5, 5, 4, 5, 5, 5]","[-2, -4, -3, -5, -5, -1, -1, 0, -5, -3, -1, -1, -3, 2, -2, -1]"
161,62.23,8,False,973,430,-9,-3,[],[],[],[],"[380, 784, 747, 727]","[754, 728, 717, 717]","[154, 176, -270, 42]","[90, 99, 155, 29]","[1162, 1333, 1261, 1130, 866, 1132, 1161, 1047, 1236, 706, 658, 906, 1331, 1032, 846]","[118, 63, 175, 93, 506, 655, 713, 147, 533, 648, 695, 576, 760, 685, 718]","[5, 3, 4, 2, 5, 5, 5, -3, 4, 5, 5, 4, 5, 5, 5]","[-2, -4, -3, -5, -1, -1, 0, -5, -3, -1, -1, -3, 2, -2, -1]"
162,62.56,8,False,793,381,-9,-2,[],[],[],[],"[441, 840, 627, 727, 739]","[774, 748, 762, 717, 636]","[201, 142, -278, 22, -20]","[50, 79, 130, 9, -6]","[1262, 1341, 966, 1232, 1261, 987, 1316, 806, 758, 986, 1431, 1132, 946, 507, 811, 888, 842, 887]","[78, 115, 486, 635, 713, 53, 473, 628, 675, 516, 800, 645, 698, 739, 673, 727, 692, 624]","[5, 4, 5, 5, 5, -3, 4, 5, 5, 4, 5, 5, 5, 4, -1, 5, 4, 4]","[-2, -3, -1, -1, 0, -4, -3, -1, -1, -3, 2, -2, -1, -3, -5, -2, -3, -4]"
163,62.89,8,False,613,382,-9,3,[],[],[],[],"[521, 880, 507, 727, 719]","[774, 764, 797, 706, 616]","[236, 102, -263, 2, -40]","[10, 42, 90, -11, -6]","[1362, 1421, 1066, 1332, 1361, 1396, 906, 858, 1066, 1531, 1232, 1046, 587, 791, 988, 922, 967]","[38, 55, 466, 615, 713, 413, 608, 655, 456, 840, 605, 661, 679, 573, 671, 632, 544]","[5, 4, 5, 5, 5, 4, 5, 5, 4, 5, 5, 5, 4, -1, 5, 4, 4]","[-2, -3, -1, -1, 0, -3, -1, -1, -3, 2, -2, -2, -3, -5, -3, -3, -4]"
164,63.23,8,False,433,451,-9,3,[],[],[],[],"[608, 901, 400, 709, 689]","[759, 764, 817, 686, 600]","[255, 62, -225, -18, -55]","[-30, 2, 50, -31, -6]","[1166, 1432, 1461, 1476, 1006, 958, 1146, 1332, 1146, 667, 771, 1079, 1002, 1037, 587, 897, 466, 717, 754]","[445, 590, 705, 348, 588, 635, 396, 565, 621, 619, 473, 611, 563, 464, 760, 759, 799, 714, 602]","[5, 5, 5, 4, 5, 5, 4, 5, 5, 4, -1, 4, 4, 3, -2, -3, -2, -5, 0]","[-2, -2, -1, -4, -1, -1, -3, -2, -2, -3, -5, -3, -4, -4, -5, -4, -5, -3, -5]"
165,63.56,8,False,342,498,0,0,[],[],[],[],"[708, 905, 312, 689, 649]","[730, 745, 817, 665, 600]","[254, 2, -165, -27, -55]","[-59, -33, 10, -51, -6]","[1266, 1532, 1561, 1556, 1106, 1058, 1226, 1432, 1246, 747, 739, 1159, 1082, 1097, 547, 825, 440, 617, 754]","[405, 550, 685, 268, 568, 598, 336, 525, 581, 559, 373, 551, 483, 384, 660, 679, 699, 654, 502]","[5, 5, 5, 4, 5, 5, 4, 5, 5, 4, -2, 4, 4, 3, -2, -4, -1, -5, 0]","[-2, -2, -1, -4, -1, -2, -3, -2, -2, -3, -5, -3, -4, -4, -5, -4, -5, -3, -5]"
166,63.89,8,False,337,399,1,-9,[],[],[],[],"[792, 885, 252, 669, 609]","[690, 722, 799, 625, 600]","[234, -43, -88, -27, -55]","[-79, -53, -30, -59, -6]","[1366, 1206, 1158, 1306, 1532, 1346, 827, 699, 1239, 1162, 1157, 491, 745, 410, 517, 754]","[365, 548, 558, 272, 468, 541, 499, 273, 488, 403, 304, 560, 599, 599, 594, 402]","[5, 5, 5, 4, 5, 5, 4, -2, 4, 4, 3, -3, -4, -2, -5, 0]","[-2, -1, -2, -4, -3, -2, -3, -5, -4, -4, -4, -5, -4, -5, -3, -5]"
167,64.23,8,False,363,251,8,-5,[],[],[],[],"[872, 865, 232, 656, 587]","[650, 700, 779, 601, 600]","[237, -43, 32, 13, -2]","[-59, -33, -30, -19, 34]","[1466, 1306, 1258, 1386, 1446, 907, 647, 1315, 1222, 1213, 431, 665, 390, 423, 751, 783, 830, 358, 694, 554]","[325, 528, 518, 192, 501, 439, 173, 408, 323, 207, 460, 519, 499, 534, 302, 655, 746, 765, 569, 627]","[5, 5, 5, 4, 5, 4, -3, 3, 3, 2, -3, -4, -1, -4, -1, -3, -5, 3, -1, -5]","[-2, -1, -2, -4, -2, -3, -5, -4, -4, -5, -5, -4, -5, -3, -5, -4, -1, -4, -5, -1]"
168,64.56,8,False,475,331,9,0,[],[],[],[],"[952, 845, 260, 658, 590]","[626, 680, 759, 600, 613]","[225, -43, 152, 53, 58]","[-19, -13, -30, 21, 74]","[1566, 1406, 1358, 1451, 1544, 987, 587, 1375, 1282, 1253, 383, 585, 370, 343, 731, 723, 730, 418, 655, 454]","[285, 488, 478, 112, 444, 379, 92, 327, 243, 107, 360, 439, 399, 474, 202, 575, 726, 685, 469, 607]","[5, 5, 5, 3, 4, 4, -3, 3, 3, 2, -2, -4, -1, -4, -1, -3, -5, 3, -2, -5]","[-2, -2, -2, -4, -3, -3, -4, -5, -4, -5, -5, -4, -5, -3, -5, -4, -1, -4, -5, -1]"
169,64.9,8,False,655,314,9,-1,[],[],[],[],"[1031, 825, 336, 678, 615]","[617, 668, 739, 606, 641]","[198, -43, 264, 93, 109]","[21, 7, -19, 61, 114]","[1506, 1458, 1511, 1067, 527, 1421, 1339, 1287, 343, 505, 350, 263, 711, 663, 630, 478, 615, 354, 991, 863, 369, 654, 670]","[448, 438, 29, 319, 12, 227, 144, 7, 260, 359, 299, 414, 102, 495, 706, 605, 369, 569, 612, 668, 740, 635, 623]","[5, 5, 3, 4, -3, 2, 2, 1, -2, -4, -1, -4, -1, -3, -5, 3, -2, -5, -4, -2, 3, -5, 2]","[-2, -2, -5, -3, -4, -5, -5, -5, -5, -4, -5, -3, -5, -4, -1, -4, -5, -2, -4, -5, -5, 0, -5]"
170,65.23,8,False,787,364,-5,8,[],[],[],[],"[1091, 805, 451, 715, 655]","[623, 668, 721, 627, 681]","[158, -43, 356, 126, 149]","[61, 27, 1, 101, 139]","[1558, 1147, 1453, 1379, 303, 425, 330, 183, 691, 603, 530, 538, 578, 254, 911, 823, 429, 554, 710]","[398, 244, 127, 44, 160, 279, 199, 354, 2, 415, 686, 525, 269, 529, 532, 568, 650, 635, 523]","[5, 4, 1, 2, -2, -4, -1, -4, -1, -3, -5, 3, -1, -5, -4, -2, 3, -5, 2]","[-2, -4, -5, -5, -5, -4, -5, -3, -5, -4, -1, -4, -5, -2, -4, -5, -4, 0, -5]"
171,65.59,8,False,765,325,4,-9,[758],[506],[-3],[4],"[1135, 785, 600, 755, 715]","[644, 668, 721, 667, 731]","[102, -28, 424, 146, 185]","[101, 47, 21, 133, 159]","[1227, 1468, 263, 353, 310, 103, 543, 430, 598, 558, 154, 831, 783, 489, 454, 750]","[164, 27, 60, 199, 99, 282, 335, 666, 445, 169, 489, 452, 468, 570, 621, 423]","[4, 0, -2, -3, -1, -4, -3, -5, 3, -1, -5, -4, -2, 3, -5, 2]","[-4, -5, -5, -4, -5, -4, -4, -1, -4, -5, -2, -4, -5, -4, -1, -5]"
172,65.93,8,False,885,200,9,-1,[698],[586],[-3],[4],"[1145, 765, 760, 795, 775]","[669, 668, 721, 707, 779]","[2, -48, 418, 126, 165]","[85, 27, 1, 113, 126]","[1307, 293, 30, 483, 330, 658, 538, 54, 751, 761, 549, 354, 790, 1082, 819, 643, 786, 847]","[84, 119, 202, 246, 626, 365, 69, 445, 372, 368, 490, 590, 323, 652, 603, 656, 618, 723]","[4, -3, -3, -3, -5, 3, -1, -5, -4, -1, 3, -5, 2, -5, 0, 0, -1, 4]","[-4, -4, -4, -5, -2, -4, -5, -3, -4, -5, -4, -2, -5, -2, -5, -5, -5, -3]"
173,66.26,8,False,1059,256,8,5,[638],[666],[-3],[4],"[1115, 727, 912, 829, 827]","[689, 668, 702, 740, 806]","[-98, -68, 383, 89, 134]","[65, 7, -19, 93, 86]","[1387, 239, 423, 230, 718, 671, 741, 609, 276, 830, 982, 819, 643, 773, 927]","[4, 27, 146, 586, 285, 292, 268, 410, 523, 223, 612, 503, 556, 518, 655]","[4, -2, -3, -5, 3, -4, -1, 3, -3, 2, -5, 0, 0, 0, 4]","[-4, -5, -5, -2, -4, -4, -5, -4, -4, -5, -2, -5, -5, -5, -4]"
174,66.6,8,False,1215,356,4,9,[578],[746],[-3],[4],"[1046, 687, 1043, 848, 864]","[704, 655, 682, 760, 802]","[-183, -82, 316, 49, 94]","[45, -13, -39, 64, 46]","[382, 130, 794, 603, 734, 669, 255, 887, 882, 819, 659, 773, 1007, 1126, 792, 1069, 919, 936]","[46, 539, 205, 212, 168, 330, 424, 123, 564, 403, 456, 418, 575, 694, 681, 701, 750, 823]","[-2, -5, 4, -3, 0, 3, 0, 3, -5, 0, 1, 0, 4, 0, 4, 4, 3, 4]","[-5, -3, -4, -4, -5, -4, -5, -5, -3, -5, -5, -5, -4, -5, -3, -3, -5, -3]"
175,66.93,8,False,1134,510,-7,6,[518],[826],[-3],[4],"[949, 647, 1142, 848, 884]","[704, 635, 653, 767, 802]","[-253, -82, 227, 9, 54]","[25, -18, -59, 24, 6]","[46, 874, 543, 734, 745, 303, 947, 792, 838, 679, 773, 1087, 1126, 872, 1149, 979, 1016]","[479, 129, 132, 68, 250, 333, 37, 504, 303, 356, 318, 495, 594, 621, 641, 654, 763]","[-4, 4, -3, 0, 4, 4, 3, -4, 1, 1, 0, 4, 0, 4, 4, 3, 4]","[-3, -3, -4, -5, -4, -4, -4, -3, -5, -5, -5, -4, -5, -3, -3, -4, -3]"
176,67.26,8,False,1219,359,4,-8,[],[],[],[],"[828, 607, 1202, 832, 886]","[704, 615, 613, 759, 785]","[-302, -82, 127, -31, 14]","[5, -18, -61, -16, -34]","[954, 483, 825, 395, 712, 858, 699, 787, 1167, 1126, 952, 1229, 1039, 1096]","[69, 52, 176, 282, 444, 203, 256, 218, 415, 494, 561, 581, 574, 703]","[4, -3, 4, 5, -4, 1, 1, 1, 4, 0, 4, 4, 3, 4]","[-3, -4, -3, -2, -3, -5, -5, -5, -4, -5, -3, -3, -4, -3]"
177,67.6,8,False,1290,188,3,-9,[],[],[],[],"[703, 576, 1227, 812, 886]","[704, 607, 600, 739, 765]","[-286, -26, 47, -31, 14]","[25, 22, -21, -5, -34]","[1035, 905, 495, 632, 878, 731, 820, 1247, 1126, 1032, 1309, 1099, 1176, 936, 752, 1273, 880, 981]","[9, 116, 255, 377, 103, 156, 118, 347, 394, 501, 521, 494, 643, 679, 661, 560, 707, 739]","[5, 4, 5, -4, 1, 2, 2, 4, 0, 4, 4, 3, 4, 4, 5, 1, 0, 3]","[-3, -3, -1, -4, -5, -5, -5, -4, -5, -3, -3, -4, -3, -3, 0, -5, -5, -4]"
178,67.93,8,False,1160,179,-9,0,[],[],[],[],"[585, 568, 1218, 792, 886]","[704, 614, 600, 735, 745]","[-245, 34, -33, -23, 14]","[45, 62, 19, 15, -29]","[985, 595, 567, 902, 771, 872, 1327, 1126, 1112, 1389, 1159, 1256, 1016, 852, 1293, 896, 1041]","[56, 235, 297, 3, 56, 23, 267, 294, 441, 443, 414, 583, 619, 661, 460, 607, 659]","[4, 5, -3, 2, 2, 3, 4, 0, 4, 4, 3, 4, 4, 5, 1, 1, 3]","[-3, -1, -4, -5, -5, -4, -4, -5, -3, -4, -4, -3, -3, 0, -5, -5, -4]"
179,68.26,8,False,980,179,-9,0,[],[],[],[],"[491, 583, 1180, 772, 886]","[720, 636, 605, 735, 725]","[-183, 94, -104, -3, 14]","[65, 102, 59, 35, -9]","[695, 518, 1407, 1126, 1192, 1469, 1219, 1336, 1096, 952, 1313, 916, 1101, 601, 643, 1215, 816, 941]","[215, 201, 187, 194, 381, 363, 327, 511, 559, 661, 360, 507, 563, 712, 624, 585, 720, 719]","[5, -2, 4, 0, 4, 4, 3, 4, 4, 5, 1, 1, 3, 3, 2, -2, 0, 2]","[-1, -5, -4, -5, -3, -4, -5, -4, -3, 0, -5, -5, -5, -4, -5, -5, -5, -5]"
180,68.59,8,False,969,279,8,4,[],[],[],[],"[423, 622, 1115, 770, 886]","[740, 676, 625, 741, 717]","[-103, 144, -164, 17, 14]","[85, 130, 99, 55, 11]","[795, 485, 1478, 1126, 1272, 1535, 1279, 1416, 1176, 1052, 1333, 936, 1161, 661, 683, 1175, 816, 981]","[195, 101, 107, 94, 321, 283, 227, 431, 499, 661, 260, 407, 463, 632, 524, 485, 620, 619]","[5, -1, 3, 0, 4, 3, 3, 4, 4, 5, 1, 1, 3, 3, 2, -2, 0, 2]","[-1, -5, -4, -5, -3, -4, -5, -4, -3, 0, -5, -5, -5, -4, -5, -5, -5, -5]"
181,68.93,8,False,1040,260,5,-8,[],[],[],[],"[391, 680, 1031, 770, 886]","[760, 717, 665, 761, 717]","[-15, 184, -208, 37, 14]","[96, 150, 132, 65, 31]","[895, 474, 1538, 1352, 1595, 1339, 1496, 1256, 1152, 1353, 956, 1217, 721, 723, 1135, 816, 1021]","[189, 1, 27, 261, 203, 127, 351, 439, 661, 160, 307, 363, 552, 424, 385, 520, 519]","[5, 0, 3, 4, 3, 3, 4, 4, 5, 1, 1, 2, 3, 2, -2, 0, 2]","[0, -5, -4, -3, -4, -5, -4, -3, 0, -5, -5, -5, -4, -5, -5, -5, -5]"
182,69.26,8,False,1002,320,-5,8,[],[],[],[],"[387, 740, 922, 770, 873]","[780, 757, 705, 768, 717]","[45, 171, -275, 17, -26]","[56, 127, 112, 25, 11]","[995, 1432, 1399, 1563, 1336, 1252, 1373, 976, 1257, 781, 763, 1095, 816, 1061, 499, 791, 1031, 805, 961]","[189, 201, 27, 271, 379, 646, 60, 207, 263, 472, 324, 285, 420, 419, 730, 687, 612, 697, 652]","[5, 4, 3, 3, 4, 5, 1, 1, 2, 3, 2, -2, 0, 2, 3, 3, -2, 0, 2]","[0, -3, -5, -4, -3, -1, -5, -5, -5, -4, -5, -5, -5, -5, -4, -4, -5, -5, -5]"
183,69.6,8,False,992,427,9,0,[],[],[],[],"[407, 800, 792, 767, 845]","[783, 790, 737, 760, 708]","[100, 151, -318, -3, -66]","[16, 87, 92, -15, -9]","[1095, 1512, 1416, 1352, 996, 1297, 841, 803, 1055, 816, 1101, 559, 851, 991, 805, 1001]","[189, 128, 319, 626, 107, 163, 392, 224, 185, 320, 319, 650, 607, 512, 597, 552]","[5, 4, 4, 5, 1, 2, 3, 2, -2, 0, 2, 3, 3, -2, 0, 2]","[0, -4, -3, -1, -5, -5, -4, -5, -5, -5, -5, -4, -4, -5, -5, -5]"
184,69.93,8,False,1163,438,0,0,[],[],[],[],"[447, 841, 652, 747, 802]","[771, 806, 757, 740, 688]","[140, 112, -332, -23, -106]","[-24, 47, 66, -45, -29]","[1195, 1592, 1496, 1452, 1016, 1337, 918, 843, 1015, 816, 1141, 626, 911, 951, 805, 1041, 526, 910, 795, 855, 880]","[189, 48, 240, 606, 7, 63, 312, 124, 85, 220, 219, 570, 527, 412, 497, 452, 807, 808, 758, 774, 694]","[5, 4, 4, 5, 1, 2, 4, 2, -2, 0, 2, 4, 3, -2, 0, 2, 5, 4, 4, 5, 1]","[0, -4, -4, -1, -5, -5, -4, -5, -5, -5, -5, -4, -4, -5, -5, -5, -2, -4, -3, -3, -5]"
185,70.26,8,False,1022,521,0,0,[1075],[561],[-5],[3],"[503, 867, 512, 727, 742]","[744, 806, 765, 705, 668]","[180, 72, -320, -43, -127]","[-61, 7, 26, -65, -49]","[1295, 1576, 1552, 998, 883, 823, 1181, 706, 971, 911, 805, 1081, 626, 990, 875, 955, 900]","[190, 160, 586, 232, 24, 120, 119, 490, 447, 312, 397, 352, 767, 728, 698, 714, 594]","[5, 4, 5, 4, 2, 1, 2, 4, 3, -2, 0, 2, 5, 4, 4, 5, 1]","[1, -4, -1, -4, -5, -5, -5, -4, -4, -5, -5, -5, -2, -4, -3, -3, -5]"
186,70.59,8,False,1174,440,8,-5,[980],[621],[-4],[3],"[564, 878, 382, 694, 682]","[704, 787, 758, 665, 629]","[200, 32, -279, -60, -141]","[-81, -33, -14, -85, -59]","[1395, 1078, 843, 1221, 786, 1031, 886, 808, 1121, 726, 1070, 955, 1055, 924]","[210, 152, 20, 19, 410, 367, 212, 297, 252, 727, 648, 638, 654, 494]","[5, 4, 1, 2, 4, 3, -1, 1, 2, 5, 4, 4, 5, 2]","[1, -4, -5, -5, -4, -4, -5, -5, -5, -2, -4, -3, -3, -5]"
187,70.93,8,False,1321,430,0,0,[900],[681],[-4],[3],"[645, 878, 282, 670, 622]","[664, 767, 738, 625, 605]","[250, 32, -175, -20, -101]","[-61, -33, -2, -53, -19]","[1495, 1158, 866, 1091, 866, 828, 1161, 826, 1150, 1035, 1155, 964, 715, 1013, 516, 841, 827]","[244, 84, 330, 287, 112, 197, 152, 687, 568, 578, 594, 394, 689, 781, 757, 672, 655]","[5, 4, 4, 3, -1, 1, 2, 5, 4, 4, 5, 2, 5, 5, 5, 5, 5]","[2, -3, -4, -4, -5, -5, -5, -2, -4, -3, -3, -5, -3, -2, -2, -2, -1]"
188,71.26,8,False,1272,312,0,0,[820],[741],[-4],[3],"[745, 878, 226, 661, 582]","[636, 747, 737, 604, 600]","[282, 32, -55, 20, -52]","[-28, -30, 18, -13, 21]","[1595, 1238, 946, 1151, 846, 848, 1201, 926, 1230, 1115, 1255, 1004, 815, 1113, 616, 941, 927]","[284, 24, 253, 207, 12, 97, 52, 647, 488, 518, 534, 294, 629, 726, 717, 632, 635]","[5, 4, 4, 3, -1, 1, 2, 5, 4, 4, 5, 2, 5, 5, 5, 5, 5]","[2, -3, -3, -4, -5, -5, -5, -2, -4, -3, -3, -5, -3, -3, -2, -2, -1]"
189,71.6,8,False,1140,356,-9,2,[740],[801],[-4],[3],"[845, 878, 220, 667, 565]","[623, 727, 737, 600, 606]","[294, 32, 65, 60, 8]","[12, -10, 38, 27, 61]","[1026, 1211, 1026, 1310, 1195, 1355, 1044, 915, 1213, 716, 1041, 1027, 891, 943, 302, 726, 656]","[193, 127, 607, 408, 458, 474, 194, 569, 666, 677, 592, 615, 666, 731, 752, 595, 625]","[4, 3, 5, 4, 4, 5, 2, 5, 5, 5, 5, 5, 5, 3, 5, 3, 5]","[-3, -4, -2, -4, -3, -3, -5, -3, -3, -2, -2, -1, 0, -4, -2, -4, -1]"
190,71.93,8,False,964,344,-8,-5,[660],[861],[-4],[3],"[945, 878, 261, 688, 572]","[625, 718, 746, 609, 627]","[286, 32, 185, 100, 68]","[52, 10, 58, 67, 101]","[1106, 1271, 1126, 1390, 1275, 1445, 1084, 1015, 1303, 816, 1141, 1127, 991, 1003, 402, 786, 756]","[133, 47, 567, 328, 398, 414, 94, 509, 606, 637, 552, 595, 666, 651, 712, 515, 605]","[4, 3, 5, 4, 4, 4, 2, 5, 4, 5, 5, 5, 5, 3, 5, 3, 5]","[-3, -4, -2, -4, -3, -3, -5, -3, -3, -2, -2, -1, 0, -4, -2, -4, -1]"
191,72.26,8,False,804,290,-9,3,[],[],[],[],"[1045, 878, 349, 728, 602]","[645, 718, 766, 633, 667]","[258, 32, 296, 127, 128]","[92, 30, 63, 107, 133]","[1186, 1226, 1470, 1355, 1525, 1111, 1383, 916, 1241, 1227, 1091, 1063, 502, 846, 856]","[73, 527, 248, 323, 354, 449, 546, 597, 512, 575, 666, 571, 672, 435, 585]","[4, 5, 4, 4, 4, 4, 4, 5, 5, 5, 5, 3, 5, 3, 5]","[-3, -2, -4, -4, -3, -3, -3, -2, -2, -1, 0, -4, -2, -4, -1]"
192,72.6,8,False,756,317,0,0,[],[],[],[],"[1121, 874, 468, 768, 642]","[665, 718, 772, 669, 707]","[172, -8, 345, 107, 128]","[78, 10, 23, 96, 113]","[1266, 1326, 1545, 1435, 1191, 1463, 1016, 1341, 1327, 1191, 1123, 602, 906, 956, 991, 933, 455, 759, 733]","[13, 487, 168, 243, 389, 486, 557, 472, 546, 650, 489, 632, 355, 565, 667, 653, 728, 584, 658]","[4, 5, 3, 4, 4, 4, 5, 5, 5, 5, 3, 5, 3, 5, -5, 1, 3, -1, 4]","[-3, -2, -4, -4, -3, -3, -2, -2, -2, -1, -5, -2, -4, -1, -1, -5, -4, -5, -3]"
193,72.93,8,False,713,360,5,8,[],[],[],[],"[1159, 854, 606, 795, 682]","[685, 708, 763, 689, 740]","[72, -48, 370, 87, 128]","[58, -10, -17, 76, 93]","[1426, 1514, 1271, 1543, 1116, 1441, 1427, 1291, 1183, 702, 966, 1056, 891, 953, 515, 739, 813]","[431, 163, 329, 409, 504, 432, 506, 630, 389, 592, 275, 545, 632, 553, 648, 484, 598]","[5, 3, 4, 4, 5, 5, 5, 5, 3, 5, 3, 5, -5, 1, 3, -1, 4]","[-3, -4, -3, -4, -3, -2, -2, -1, -5, -2, -4, -1, -2, -5, -4, -5, -3]"
194,73.26,7,False,661,320,-6,-7,[815],[516],[2],[5],"[1157, 815, 746, 815, 722]","[693, 688, 743, 709, 760]","[-28, -88, 364, 53, 118]","[38, -30, -50, 56, 64]","[1526, 1574, 1351, 1216, 1541, 1527, 1391, 1243, 802, 1026, 1156, 791, 973, 575, 893, 1148, 890, 733, 805, 791]","[371, 83, 269, 444, 379, 466, 604, 289, 552, 195, 525, 592, 453, 568, 538, 718, 694, 742, 729, 758]","[5, 3, 4, 5, 5, 5, 5, 3, 5, 3, 5, -5, 1, 3, 4, -5, 1, 1, -5, 4]","[-3, -4, -3, -3, -3, -2, -2, -5, -2, -4, -1, -2, -5, -4, -3, -1, -5, -5, -2, -4]"
195,73.6,7,False,547,174,-5,-8,[855],[616],[2],[5],"[1115, 761, 877, 816, 760]","[693, 668, 703, 715, 767]","[-128, -115, 332, 13, 98]","[18, -50, -70, 36, 24]","[1431, 1301, 1491, 1284, 902, 1086, 1256, 691, 987, 635, 973, 1048, 910, 753, 705, 862]","[209, 384, 564, 189, 505, 115, 492, 552, 353, 488, 466, 698, 594, 642, 689, 678]","[4, 4, 5, 2, 5, 3, 5, -5, 0, 3, 4, -5, 1, 1, -5, 3]","[-3, -3, -2, -5, -3, -4, -2, -2, -5, -4, -4, -1, -5, -5, -2, -4]"
196,73.95,7,False,414,141,-5,8,[895],[716],[2],[5],"[1035, 701, 989, 802, 780]","[691, 628, 663, 715, 759]","[-213, -135, 276, -27, 78]","[-2, -59, -90, 16, -16]","[1511, 1381, 1576, 1324, 1002, 1146, 1356, 591, 987, 695, 1053, 948, 930, 773, 605, 922]","[136, 324, 501, 89, 445, 19, 452, 512, 253, 408, 386, 678, 494, 542, 649, 598]","[4, 4, 4, 2, 5, 3, 5, -5, 0, 3, 4, -5, 1, 1, -5, 3]","[-4, -3, -4, -5, -3, -5, -2, -2, -5, -4, -4, -1, -5, -5, -2, -4]"
197,74.35,7,False,336,315,-4,9,[935],[816],[2],[5],"[935, 644, 1083, 782, 800]","[690, 604, 623, 715, 739]","[-240, -96, 239, -9, 98]","[18, -19, -57, 36, -5]","[1582, 1461, 1094, 1448, 491, 987, 755, 1116, 848, 940, 793, 505, 977, 991, 745, 939, 816, 790]","[56, 250, 385, 397, 472, 153, 317, 306, 658, 394, 442, 609, 502, 671, 574, 646, 650, 707]","[3, 4, 4, 4, -5, 0, 3, 3, -5, 0, 1, -5, 2, -4, -1, -5, -1, -2]","[-4, -4, -3, -3, -2, -5, -5, -4, -1, -5, -5, -2, -5, -3, -5, -3, -5, -5]"
198,74.73,7,False,207,453,-6,7,[],[],[],[],"[835, 604, 1157, 774, 820]","[690, 600, 600, 722, 735]","[-247, -56, 184, 11, 99]","[38, 21, -17, 56, 15]","[1528, 1174, 1528, 391, 982, 803, 1176, 748, 940, 813, 405, 1017, 911, 725, 839, 796, 750]","[170, 325, 328, 432, 53, 217, 226, 638, 294, 342, 551, 402, 611, 474, 586, 550, 607]","[3, 4, 4, -5, -1, 2, 3, -5, 0, 1, -5, 2, -4, -1, -5, -1, -2]","[-4, -3, -4, -2, -5, -5, -4, -1, -5, -5, -3, -5, -3, -5, -3, -5, -5]"
199,75.07,7,False,118,600,-2,9,[],[],[],[],"[735, 583, 1208, 774, 840]","[699, 606, 600, 742, 735]","[-234, 2, 121, 31, 99]","[58, 61, 23, 76, 35]","[1581, 1254, 1580, 291, 843, 1226, 648, 940, 815, 305, 1043, 831, 705, 739, 773, 710, 765, 576, 1175, 759, 816]","[78, 265, 238, 392, 117, 126, 618, 194, 242, 501, 302, 551, 374, 526, 450, 507, 725, 655, 625, 748, 770]","[2, 4, 2, -5, 2, 2, -5, 0, 0, -5, 1, -4, -1, -5, -2, -2, -5, -5, -5, -5, -5]","[-5, -3, -5, -2, -5, -5, -1, -5, -5, -2, -5, -3, -5, -3, -5, -5, 0, 2, -1, -2, 0]"
200,75.43,7,False,208,600,9,2,[],[],[],[],"[635, 588, 1230, 776, 860]","[719, 627, 607, 762, 741]","[-201, 62, 41, 51, 99]","[78, 101, 63, 85, 55]","[1334, 1577, 191, 872, 1261, 548, 940, 815, 205, 1050, 736, 682, 639, 733, 670, 665, 476, 1075, 659, 716]","[205, 138, 352, 17, 26, 598, 94, 142, 461, 202, 491, 274, 470, 350, 407, 725, 694, 605, 708, 770]","[4, -2, -5, 1, 1, -5, 0, 0, -5, 0, -5, -2, -5, -2, -2, -5, -5, -5, -5, -5]","[-3, -5, -2, -5, -5, -1, -5, -5, -2, -5, -3, -5, -2, -5, -5, 0, 1, -1, -2, 0]"
201,75.78,7,False,302,554,0,-9,[358],[661],[5],[1],"[556, 616, 1220, 796, 880]","[739, 667, 629, 782, 761]","[-150, 115, -39, 71, 99]","[98, 133, 103, 85, 65]","[1414, 1501, 91, 448, 815, 105, 1049, 636, 642, 539, 693, 616, 565, 376, 975, 559, 616]","[142, 68, 312, 578, 42, 421, 102, 431, 174, 430, 250, 307, 725, 714, 585, 668, 770]","[4, -5, -5, -5, 0, -5, -1, -5, -2, -5, -2, -3, -5, -5, -5, -5, -5]","[-4, -2, -2, -1, -5, -2, -5, -3, -5, -2, -5, -5, 0, 1, -1, -2, 0]"
202,76.13,7,False,248,374,-4,-9,[458],[681],[5],[1],"[496, 656, 1171, 809, 900]","[759, 707, 663, 799, 768]","[-129, 115, -150, 36, 59]","[70, 113, 94, 45, 25]","[1494, 1401, 348, 5, 1022, 536, 602, 439, 653, 556, 465, 276, 875, 459, 516, 557, 567, 1165, 746, 870]","[62, 45, 558, 381, 2, 381, 74, 390, 150, 207, 725, 734, 565, 628, 770, 684, 765, 677, 792, 731]","[4, -5, -5, -5, -2, -5, -2, -5, -2, -3, -5, -5, -5, -5, -5, -2, -5, -5, -5, -3]","[-4, 0, -1, -2, -5, -2, -5, -2, -5, -5, 0, 1, -1, -2, 0, -5, 2, 0, -2, -4]"
203,76.48,7,False,191,203,2,-9,[558],[701],[5],[1],"[442, 696, 1081, 807, 903]","[769, 740, 683, 799, 760]","[-89, 115, -247, -4, 0]","[30, 93, 74, 5, -15]","[1301, 248, 436, 339, 613, 496, 365, 176, 775, 359, 416, 517, 467, 1065, 646, 790]","[45, 538, 341, 350, 50, 114, 725, 754, 545, 588, 770, 584, 802, 677, 752, 651]","[-5, -5, -5, -5, -2, -3, -5, -5, -5, -5, -5, -2, -5, -5, -5, -4]","[0, -1, -2, -2, -5, -4, 0, 1, -1, -2, 0, -5, 1, 0, -2, -4]"
204,76.83,7,False,360,208,9,1,[658],[721],[5],[1],"[403, 734, 954, 787, 883]","[764, 760, 703, 781, 740]","[-49, 98, -321, -31, -43]","[-10, 64, 54, -35, -45]","[1201, 148, 336, 239, 436, 265, 76, 675, 259, 316, 477, 367, 965, 546, 710, 435, 725, 1005, 815, 901]","[45, 518, 301, 310, 34, 725, 774, 525, 540, 770, 484, 821, 677, 712, 571, 754, 758, 704, 789, 758]","[-5, -5, -5, -5, -3, -5, -5, -5, -5, -5, -2, -5, -5, -5, -4, -2, -4, -5, -3, -4]","[0, -1, -2, -2, -4, 0, 1, -1, -3, 0, -5, 0, 0, -2, -4, -5, -4, -3, -5, -4]"
205,77.18,7,False,540,215,9,1,[758],[741],[5],[1],"[386, 754, 804, 766, 846]","[744, 767, 707, 748, 705]","[8, 78, -369, -51, -83]","[-44, 24, 34, -74, -65]","[1101, 48, 236, 139, 165, 575, 159, 216, 437, 267, 865, 446, 630, 400, 645, 905, 755, 821]","[45, 480, 259, 270, 725, 505, 480, 770, 384, 821, 675, 670, 491, 654, 678, 644, 689, 678]","[-5, -5, -5, -5, -5, -5, -5, -5, -2, -5, -5, -5, -4, -1, -4, -5, -3, -4]","[0, -2, -3, -2, 0, -1, -3, 0, -5, 0, -1, -3, -4, -5, -4, -3, -5, -4]"
206,77.53,7,False,720,235,9,1,[],[],[],[],"[393, 774, 644, 794]","[710, 759, 707, 665]","[68, 58, -383, -121]","[-64, -16, 14, -85]","[1001, 136, 39, 65, 475, 71, 116, 397, 167, 765, 346, 552, 380, 583, 805, 695, 741]","[45, 199, 222, 725, 485, 420, 770, 284, 817, 655, 610, 411, 554, 598, 584, 589, 598]","[-5, -5, -5, -5, -5, -4, -5, -2, -5, -5, -5, -3, -1, -3, -5, -3, -4]","[0, -3, -3, 0, -1, -3, 0, -5, -1, -1, -3, -4, -5, -4, -3, -5, -4]"
207,77.9,7,False,752,382,-1,9,[798],[400],[-1],[5],"[429, 794, 492, 734, 388]","[677, 739, 707, 625, 830]","[155, 78, -328, -101, 100]","[-44, -5, 34, -53, 0]","[901, 36, 375, 16, 359, 67, 665, 262, 492, 360, 523, 705, 635, 661, 440, 824, 691, 819, 491]","[45, 139, 465, 770, 184, 787, 635, 550, 331, 454, 518, 524, 489, 518, 654, 707, 642, 611, 805]","[-5, -5, -5, -5, -1, -5, -5, -4, -3, -1, -3, -5, -3, -4, 0, 0, 1, -1, 4]","[0, -3, -1, 0, -5, -2, -1, -3, -4, -5, -4, -3, -5, -4, -5, -5, -5, -5, -3]"
208,78.25,7,False,918,394,9,-1,[778],[500],[-1],[5],"[498, 814, 368, 694, 438]","[657, 735, 712, 604, 830]","[235, 85, -243, -78, 187]","[-24, 15, 54, -13, 0]","[801, 275, 339, 565, 182, 432, 340, 463, 606, 594, 590, 456, 824, 711, 799, 571]","[56, 445, 84, 615, 490, 251, 354, 438, 464, 389, 438, 554, 607, 542, 511, 745]","[-5, -5, -1, -5, -4, -3, -1, -3, -4, -2, -3, 1, 0, 1, -1, 4]","[1, -1, -5, -1, -3, -4, -5, -4, -3, -5, -4, -5, -5, -5, -5, -3]"
209,78.59,7,False,1098,368,9,-1,[758],[600],[-1],[5],"[594, 834, 283, 661, 520]","[642, 735, 732, 600, 830]","[296, 85, -138, -38, 264]","[9, 35, 74, 27, 0]","[701, 175, 465, 102, 372, 330, 403, 526, 554, 530, 476, 827, 742, 779, 651, 620, 900, 388, 757, 544]","[76, 425, 595, 427, 171, 254, 358, 404, 289, 358, 454, 507, 442, 411, 685, 647, 740, 725, 635, 815]","[-5, -5, -5, -4, -3, 0, -3, -4, -2, -3, 1, 1, 2, -1, 4, 3, 4, 3, 5, 3]","[1, -1, -1, -4, -4, -5, -4, -3, -5, -4, -5, -5, -5, -5, -3, -4, -3, -4, 0, -5]"
210,78.95,7,False,1278,366,9,0,[],[],[],[],"[854, 243, 643, 629]","[741, 752, 609, 830]","[85, -18, 2, 320]","[55, 93, 67, 0]","[601, 75, 365, 26, 312, 330, 343, 446, 514, 470, 502, 847, 782, 759, 731, 680, 980, 448, 857, 604]","[107, 385, 575, 347, 90, 154, 267, 344, 189, 278, 354, 407, 342, 311, 625, 567, 680, 645, 635, 718]","[-5, -5, -5, -3, -3, 0, -3, -4, -2, -3, 2, 1, 2, -1, 4, 3, 4, 3, 5, 3]","[2, -2, -1, -4, -5, -5, -5, -3, -5, -4, -5, -5, -5, -5, -3, -4, -3, -4, 0, -4]"
211,79.29,7,False,1374,300,-3,-9,[],[],[],[],"[874, 251, 643, 752]","[761, 772, 633, 830]","[85, 102, 42, 352]","[65, 93, 107, 0]","[502, 265, 330, 299, 366, 476, 412, 542, 867, 822, 739, 811, 740, 1060, 510, 957, 664]","[153, 555, 54, 167, 284, 89, 185, 254, 307, 242, 211, 565, 487, 620, 565, 635, 638]","[-4, -5, 0, -2, -4, -1, -2, 2, 1, 2, -1, 4, 3, 4, 4, 5, 3]","[3, -1, -5, -5, -3, -5, -5, -5, -5, -5, -5, -3, -4, -3, -4, 0, -4]"
212,79.63,7,False,1256,345,-6,7,[1314],[386],[-3],[4],"[891, 300, 643, 874, 1259]","[768, 792, 669, 802, 763]","[45, 182, 42, 320, -120]","[25, 53, 96, -40, -40]","[422, 165, 262, 286, 372, 593, 887, 862, 723, 891, 802, 1140, 590, 1057, 724, 1015, 400, 758, 879, 1343]","[220, 527, 67, 224, 85, 154, 207, 142, 111, 505, 407, 560, 485, 635, 558, 751, 780, 590, 789, 731]","[-4, -5, -1, -4, -2, 3, 1, 2, 0, 4, 4, 4, 4, 5, 3, 4, 5, 4, 4, 0]","[4, -2, -5, -3, -5, -5, -5, -5, -5, -3, -4, -3, -4, 0, -4, -3, -2, -4, -4, -5]"
213,79.96,7,False,1202,239,0,-9,[1254],[466],[-3],[4],"[891, 375, 643, 982, 1177]","[760, 793, 689, 767, 728]","[5, 243, 42, 265, -236]","[-15, 13, 76, -80, -69]","[370, 65, 206, 653, 907, 909, 723, 971, 882, 1220, 670, 1157, 784, 1095, 500, 838, 959, 1343]","[310, 487, 152, 74, 107, 42, 11, 445, 327, 500, 405, 635, 478, 691, 740, 510, 709, 631]","[-2, -5, -4, 3, 1, 3, 0, 4, 4, 4, 4, 5, 3, 4, 5, 4, 4, 0]","[5, -2, -4, -4, -5, -5, -5, -3, -4, -3, -4, 0, -4, -3, -2, -4, -4, -5]"
214,80.29,7,False,1202,221,0,0,[1194],[546],[-3],[4],"[873, 473, 643, 1063, 1051]","[740, 779, 709, 718, 688]","[-35, 289, 42, 189, -329]","[-45, -27, 56, -109, -89]","[359, 126, 931, 1051, 962, 1300, 750, 1257, 844, 1175, 600, 918, 1039, 1343, 951, 509, 718, 1067, 1177]","[410, 72, 7, 385, 247, 440, 325, 622, 398, 631, 700, 430, 629, 531, 748, 799, 695, 742, 700]","[0, -4, 2, 4, 4, 4, 4, 5, 3, 4, 5, 4, 4, 0, 2, 4, 4, -1, 2]","[5, -4, -5, -3, -4, -3, -4, -1, -4, -3, -2, -4, -4, -5, -5, -3, -4, -5, -5]"
215,80.63,7,False,1202,203,0,0,[1134],[626],[-3],[4],"[840, 588, 643, 1112, 896]","[705, 750, 715, 658, 639]","[-75, 315, 42, 104, -396]","[-65, -67, 36, -129, -106]","[397, 1131, 1042, 1380, 830, 1357, 904, 1255, 700, 998, 1119, 1329, 991, 589, 798, 1047, 1217]","[505, 325, 167, 368, 245, 602, 318, 571, 660, 350, 549, 431, 648, 739, 615, 642, 600]","[3, 4, 4, 4, 4, 5, 3, 4, 5, 4, 4, -1, 2, 4, 4, -1, 2]","[4, -3, -4, -4, -4, -1, -4, -3, -2, -4, -4, -5, -5, -3, -4, -5, -5]"
216,80.96,7,False,1267,149,9,2,[1074],[706],[-3],[4],"[792, 708, 643, 1122, 718]","[665, 710, 715, 600, 600]","[-113, 317, 42, 4, -427]","[-85, -87, 16, -132, -106]","[482, 1211, 1122, 1460, 910, 1457, 964, 1335, 800, 1078, 1199, 1309, 1031, 669, 878, 1027, 1244]","[566, 265, 87, 288, 175, 582, 238, 511, 620, 270, 469, 331, 548, 679, 535, 542, 500]","[5, 4, 4, 4, 4, 5, 3, 4, 5, 4, 4, -1, 2, 4, 4, -1, 1]","[2, -3, -4, -4, -3, -1, -4, -3, -2, -4, -4, -5, -5, -3, -4, -5, -5]"
217,81.29,7,False,1264,109,-8,5,[1014],[786],[-3],[4],"[740, 828, 660, 1101, 544]","[625, 670, 715, 600, 600]","[-93, 333, 82, -56, -383]","[-53, -67, 36, -92, -66]","[582, 1291, 1202, 1540, 990, 1557, 1024, 1415, 900, 1158, 1279, 1289, 1071, 749, 958, 1019, 1264, 917, 838, 738, 1257, 833]","[590, 205, 7, 208, 115, 548, 158, 451, 580, 190, 389, 231, 448, 619, 455, 442, 400, 631, 672, 670, 576, 564]","[5, 4, 4, 4, 4, 5, 3, 4, 5, 4, 4, -1, 2, 4, 4, 0, 1, 4, 4, 3, 5, 4]","[0, -3, -4, -4, -3, -2, -4, -3, -2, -4, -4, -5, -5, -3, -4, -5, -5, -4, -4, -4, -3, -4]"
218,81.63,6,False,1085,132,-9,2,[954],[866],[-3],[4],"[700, 948, 692, 1061, 395]","[604, 637, 722, 600, 600]","[-73, 326, 122, -97, -309]","[-13, -37, 56, -52, -26]","[682, 1371, 1070, 1099, 1495, 1000, 1359, 1269, 1111, 829, 1038, 1019, 1284, 997, 918, 798, 1346, 913]","[590, 145, 55, 78, 371, 540, 309, 131, 348, 559, 375, 342, 300, 551, 592, 590, 516, 484]","[5, 4, 4, 4, 4, 5, 4, -1, 2, 4, 4, 0, 1, 4, 4, 3, 4, 4]","[0, -3, -3, -4, -4, -2, -4, -5, -5, -3, -4, -5, -5, -4, -4, -4, -3, -4]"
219,81.96,6,False,905,188,-9,3,[],[],[],[],"[669, 1065, 732, 1002, 283]","[600, 619, 742, 600, 600]","[-33, 295, 147, -137, -206]","[27, 3, 76, -12, 14]","[782, 1451, 1575, 1100, 1439, 1249, 1151, 909, 1118, 1019, 1304, 1077, 998, 858, 1426, 993, 743, 1054, 791, 1103, 398]","[590, 85, 291, 500, 229, 31, 248, 499, 295, 242, 200, 471, 512, 510, 456, 404, 585, 616, 740, 594, 600]","[5, 4, 4, 5, 4, -1, 2, 4, 4, 0, 1, 4, 4, 3, 4, 4, 3, 0, 3, 3, 3]","[0, -3, -4, -2, -4, -5, -5, -3, -4, -5, -5, -4, -4, -4, -3, -4, -5, -5, -4, -5, -4]"
220,82.29,6,False,728,245,-8,5,[],[],[],[],"[653, 1162, 790, 934, 217]","[609, 619, 762, 600, 603]","[7, 243, 167, -158, -86]","[67, 43, 85, 28, 54]","[882, 1531, 1200, 1510, 1191, 989, 1198, 1019, 1324, 1157, 1078, 918, 1506, 1073, 795, 1054, 851, 1146, 458]","[573, 25, 460, 149, 148, 439, 215, 142, 100, 391, 432, 430, 395, 324, 485, 516, 660, 494, 520]","[5, 4, 5, 3, 2, 4, 4, 0, 1, 4, 4, 3, 4, 4, 2, 0, 3, 2, 3]","[-1, -3, -2, -4, -5, -3, -4, -5, -5, -4, -4, -4, -4, -4, -5, -5, -4, -5, -4]"
221,82.63,6,False,642,376,-8,-5,[722],[420],[-1],[5],"[653, 1235, 850, 854, 199]","[633, 636, 782, 610, 623]","[47, 173, 171, -167, 42]","[107, 83, 85, 68, 94]","[982, 1300, 1570, 1231, 1069, 1274, 1012, 1217, 1139, 978, 1586, 1153, 835, 1051, 911, 1186, 530]","[550, 420, 69, 48, 379, 135, 42, 311, 352, 350, 315, 244, 385, 416, 580, 394, 440]","[5, 5, 3, 2, 4, 3, -1, 3, 3, 3, 4, 4, 2, -1, 3, 2, 4]","[-2, -2, -4, -5, -3, -4, -5, -4, -4, -4, -4, -4, -5, -5, -4, -5, -4]"
222,82.96,6,False,475,296,-9,-2,[702],[520],[-1],[5],"[653, 1270, 900, 773, 225]","[669, 656, 799, 630, 643]","[47, 53, 131, -201, 125]","[96, 78, 45, 68, 94]","[1082, 1400, 1149, 1334, 1277, 1199, 1038, 1233, 875, 1031, 971, 1226, 610, 648, 1182, 817, 892, 314]","[510, 380, 319, 55, 231, 272, 270, 164, 285, 316, 500, 294, 360, 570, 681, 747, 553, 599]","[5, 5, 4, 3, 3, 3, 3, 4, 2, -1, 3, 2, 4, -2, -5, -4, 0, 4]","[-2, -2, -3, -4, -4, -4, -4, -4, -5, -5, -4, -5, -4, -5, 0, -4, -5, -3]"
223,83.29,6,False,295,305,-9,3,[682],[620],[-1],[5],"[653, 1255, 930, 673, 281]","[689, 676, 799, 650, 663]","[47, -67, 72, -216, 205]","[76, 58, 5, 68, 82]","[1168, 1500, 1229, 1334, 1259, 1098, 1308, 915, 1011, 1031, 1248, 674, 608, 1082, 737, 892, 394]","[450, 330, 259, 139, 192, 182, 84, 185, 216, 415, 194, 280, 470, 676, 667, 453, 539]","[4, 5, 4, 2, 3, 3, 3, 2, -1, 3, 1, 3, -2, -5, -4, 0, 4]","[-4, -3, -3, -5, -4, -5, -4, -5, -5, -5, -5, -4, -5, -1, -4, -5, -3]"
224,83.63,6,False,197,446,-1,9,[],[],[],[],"[653, 1193, 937, 368, 855]","[709, 684, 781, 683, 663]","[47, -186, 12, 270, -20]","[56, 38, -35, 62, -10]","[1211, 1593, 1309, 1374, 1317, 1154, 1368, 955, 972, 1087, 1257, 734, 568, 982, 657, 892, 474, 638, 1212, 922, 347, 873]","[358, 270, 181, 39, 97, 82, 4, 85, 116, 315, 94, 200, 370, 656, 587, 353, 479, 715, 709, 805, 666, 681]","[0, 4, 4, 2, 2, 2, 3, 2, -2, 2, 0, 3, -2, -5, -4, 0, 4, -5, -5, -5, -2, -4]","[-5, -3, -4, -5, -5, -5, -4, -5, -5, -5, -5, -4, -5, -1, -4, -5, -3, -2, -1, -2, -5, -4]"
225,83.96,6,False,185,600,0,0,[],[],[],[],"[653, 1087, 921, 477, 830]","[715, 684, 748, 695, 643]","[47, -284, -48, 317, -60]","[36, 18, -74, 42, -23]","[1180, 1389, 922, 1127, 794, 524, 882, 577, 878, 554, 538, 1112, 822, 307, 793]","[264, 101, 19, 215, 120, 270, 636, 507, 253, 419, 675, 689, 765, 566, 620]","[-4, 4, -3, 2, 3, -3, -5, -4, -1, 4, -5, -5, -5, -2, -4]","[-4, -4, -4, -5, -4, -5, -1, -4, -5, -3, -2, -1, -2, -5, -3]"
226,84.29,6,False,211,438,2,-9,[],[],[],[],"[653, 948, 881, 597, 790]","[715, 682, 708, 695, 623]","[47, -357, -99, 341, -95]","[16, -2, -94, 22, -23]","[1086, 1455, 1167, 854, 464, 782, 497, 855, 634, 438, 1012, 722, 267, 713]","[222, 21, 115, 40, 180, 616, 427, 153, 359, 635, 669, 725, 466, 560]","[-5, 3, 2, 3, -3, -5, -4, -2, 4, -5, -5, -5, -2, -4]","[-1, -4, -5, -4, -4, -1, -4, -5, -3, -2, -1, -2, -5, -3]"
227,84.63,5,False,170,453,-5,8,[],[],[],[],"[672, 788, 841, 734, 750]","[715, 681, 668, 695, 612]","[87, -362, -99, 378, -75]","[36, 18, -74, 42, 17]","[986, 1194, 404, 682, 417, 815, 714, 338, 912, 622, 633, 588, 879, 828, 538, 735]","[212, 15, 100, 596, 347, 53, 299, 595, 649, 685, 500, 750, 720, 755, 671, 669]","[-5, 1, -3, -5, -4, -2, 4, -5, -5, -5, -4, -5, -5, -5, -5, -5]","[0, -5, -4, -1, -4, -5, -3, -2, -1, -2, -3, 0, 0, 0, -3, 0]"
228,84.96,5,False,71,600,-4,8,[],[],[],[],"[706, 637, 801, 874, 710]","[722, 681, 632, 708, 616]","[125, -333, -99, 388, -55]","[56, 38, -43, 62, 57]","[886, 335, 582, 337, 794, 238, 812, 522, 553, 488, 779, 728, 438, 635]","[212, 20, 576, 270, 228, 555, 629, 645, 440, 750, 720, 755, 619, 669]","[-5, -4, -5, -4, 4, -5, -5, -5, -4, -5, -5, -5, -5, -5]","[0, -4, -1, -3, -4, -2, -1, -2, -3, 0, 0, 0, -2, 0]"
229,85.29,5,False,92,571,4,-8,[],[],[],[],"[746, 505, 761, 1014, 686]","[742, 690, 612, 728, 636]","[145, -279, -80, 371, -21]","[76, 58, -3, 82, 97]","[482, 257, 874, 138, 712, 422, 473, 388, 679, 628, 338, 535, 725, 555, 776, 941, 694]","[563, 210, 148, 515, 609, 605, 380, 750, 720, 755, 579, 669, 770, 686, 688, 759, 666]","[-5, -4, 4, -5, -5, -5, -4, -5, -5, -5, -5, -5, -5, -4, -5, -5, -5]","[0, -3, -4, -2, -1, -2, -3, 0, 0, 0, -2, 0, -1, -3, 2, 0, -1]"
230,85.63,5,False,179,402,4,-8,[],[],[],[],"[802, 399, 721, 1144, 676]","[762, 710, 611, 751, 675]","[165, -200, -60, 324, 19]","[85, 78, 37, 102, 125]","[382, 177, 954, 38, 612, 322, 393, 288, 579, 528, 238, 435, 625, 475, 676, 841, 594]","[563, 150, 68, 475, 589, 565, 320, 750, 720, 755, 539, 669, 750, 626, 728, 759, 646]","[-5, -4, 4, -5, -5, -5, -4, -5, -5, -5, -5, -5, -5, -4, -5, -5, -5]","[0, -3, -4, -2, -1, -2, -3, 0, 0, 0, -2, 0, -1, -3, 2, 0, -1]"
231,85.96,5,False,327,350,9,3,[],[],[],[],"[862, 331, 692, 1252, 681]","[782, 730, 625, 791, 715]","[165, -100, -32, 254, 59]","[85, 98, 77, 102, 145]","[282, 97, 512, 222, 313, 188, 479, 428, 138, 335, 525, 395, 576, 741, 494]","[549, 90, 569, 525, 260, 750, 720, 755, 499, 669, 730, 566, 761, 759, 626]","[-5, -4, -5, -5, -4, -5, -5, -5, -5, -5, -5, -4, -5, -5, -5]","[-1, -3, -1, -2, -3, 0, 0, 0, -2, 0, -1, -3, 1, 0, -1]"
232,86.29,5,False,507,379,9,1,[],[],[],[],"[909, 295, 672, 1317, 701]","[799, 750, 645, 806, 755]","[121, -36, -32, 128, 59]","[45, 78, 77, 62, 123]","[182, 17, 412, 122, 221, 88, 379, 328, 38, 235, 425, 315, 476, 641, 394, 849, 316, 640, 1203, 668]","[529, 30, 549, 485, 200, 743, 720, 742, 445, 669, 710, 506, 781, 759, 606, 747, 678, 625, 800, 683]","[-5, -4, -5, -5, -5, -5, -5, -5, -5, -5, -5, -4, -5, -5, -5, -3, -3, -5, -5, -3]","[-1, -3, -1, -2, -3, -1, 0, -1, -3, 0, -1, -3, 1, 0, -1, -4, -5, -3, -2, -4]"
233,86.63,5,False,607,497,1,9,[642],[528],[0],[5],"[936, 287, 652, 1330, 710]","[799, 764, 665, 802, 786]","[61, 44, -32, -12, 39]","[5, 39, 63, 22, 83]","[82, 312, 22, 122, 279, 228, 135, 325, 235, 376, 541, 294, 789, 271, 540, 1103, 608]","[509, 529, 445, 140, 720, 722, 669, 690, 446, 801, 759, 586, 667, 578, 565, 760, 603]","[-5, -5, -5, -5, -5, -5, -5, -5, -4, -5, -5, -5, -3, -2, -5, -5, -3]","[-1, -1, -2, -3, 0, -1, 0, -1, -3, 1, 0, -1, -4, -5, -3, -2, -4]"
234,86.96,5,False,710,394,5,-8,[642],[628],[0],[5],"[939, 313, 632, 1287, 710]","[781, 763, 678, 793, 802]","[1, 118, -32, -148, 19]","[-35, -1, 43, -18, 43]","[212, 25, 179, 128, 35, 225, 155, 276, 441, 194, 729, 231, 440, 1003, 548, 974, 332, 680, 1298, 765]","[509, 80, 720, 702, 669, 670, 386, 821, 759, 566, 587, 478, 505, 720, 523, 775, 749, 675, 827, 782]","[-5, -4, -5, -5, -5, -5, -4, -5, -5, -5, -3, -2, -5, -5, -3, 0, 0, -1, -5, 2]","[-1, -3, 0, -1, 0, -1, -3, 1, 0, -1, -4, -5, -3, -2, -4, -5, -5, -5, -1, -5]"
235,87.29,5,False,848,275,9,-3,[],[],[],[],"[916, 363, 1192, 709]","[748, 743, 769, 802]","[-59, 178, -267, -1]","[-74, -34, -58, 3]","[112, 79, 28, 125, 75, 176, 341, 94, 669, 191, 341, 903, 488, 958, 344, 660, 1198, 805]","[489, 720, 682, 650, 326, 841, 759, 546, 507, 378, 445, 680, 437, 675, 649, 575, 795, 682]","[-5, -5, -5, -5, -4, -5, -5, -5, -3, -2, -4, -5, -3, -1, 1, -1, -5, 2]","[-1, 0, -1, -1, -3, 1, 0, -1, -4, -5, -3, -2, -5, -5, -5, -5, -2, -5]"
236,87.62,5,False,1028,261,9,3,[],[],[],[],"[872, 436, 1055, 689]","[708, 719, 729, 783]","[-107, 230, -361, -10]","[-94, -54, -88, -37]","[12, 25, 76, 241, 609, 166, 261, 803, 435, 942, 364, 644, 1098, 845]","[458, 624, 843, 759, 427, 278, 385, 640, 337, 575, 549, 475, 755, 582]","[-5, -5, -5, -5, -3, -1, -4, -5, -2, 0, 1, 0, -5, 2]","[-2, -2, 0, 0, -4, -5, -3, -2, -5, -5, -5, -5, -2, -5]"
237,87.96,5,False,1085,389,-7,6,[],[],[],[],"[812, 534, 895, 685, 950]","[668, 696, 689, 763, 743]","[-107, 304, -388, 30, -20]","[-74, -34, -68, -37, 20]","[141, 549, 153, 181, 703, 395, 942, 384, 644, 998, 885, 977, 567, 1169, 737, 1064]","[759, 347, 178, 325, 600, 237, 475, 449, 375, 715, 482, 654, 704, 689, 731, 678]","[-5, -3, 0, -4, -5, -2, 0, 1, 0, -5, 2, 3, 4, 4, 0, 3]","[0, -4, -5, -3, -2, -5, -5, -5, -5, -2, -5, -5, -3, -4, -5, -5]"
238,88.29,5,False,1063,461,8,-5,[],[],[],[],"[762, 658, 735, 696, 930]","[632, 676, 652, 743, 743]","[-91, 356, -380, 70, -40]","[-43, -14, -48, -30, 40]","[41, 489, 153, 101, 603, 359, 942, 410, 644, 898, 925, 1037, 647, 1249, 740, 1124]","[751, 266, 78, 255, 556, 137, 375, 349, 275, 675, 382, 554, 644, 609, 631, 578]","[-5, -3, 0, -4, -5, -1, 0, 2, 0, -5, 2, 3, 4, 4, 1, 3]","[-1, -5, -5, -4, -3, -5, -5, -5, -5, -2, -5, -5, -3, -4, -5, -5]"
239,88.63,5,False,1174,350,0,0,[],[],[],[],"[722, 798, 578, 716, 900]","[612, 663, 632, 723, 754]","[-71, 383, -342, 95, -60]","[-3, 6, -10, -10, 57]","[429, 26, 503, 339, 942, 450, 644, 798, 965, 1097, 727, 1313, 760, 1184, 807, 815, 726, 796, 995]","[166, 175, 496, 37, 275, 249, 175, 635, 282, 454, 584, 529, 531, 478, 618, 675, 650, 751, 752]","[-3, -3, -5, -1, 0, 2, 0, -5, 2, 3, 4, 3, 1, 3, 2, 4, 4, 4, 3]","[-5, -4, -3, -5, -5, -5, -5, -2, -5, -5, -3, -4, -5, -5, -5, -3, -3, -3, -4]"
240,88.96,5,False,1176,278,0,-9,[],[],[],[],"[687, 938, 445, 752, 860]","[611, 663, 628, 714, 774]","[-42, 379, -274, 115, -60]","[37, 26, 30, 10, 57]","[381, 403, 942, 490, 644, 698, 1023, 1157, 807, 1373, 780, 1235, 847, 895, 806, 876, 1055]","[66, 436, 175, 149, 75, 595, 182, 354, 524, 449, 431, 378, 518, 615, 590, 691, 672]","[-2, -5, 0, 2, 0, -5, 3, 3, 4, 3, 1, 2, 2, 4, 4, 4, 3]","[-5, -3, -5, -5, -5, -2, -5, -5, -3, -4, -5, -5, -5, -3, -3, -3, -4]"
241,89.29,5,False,1129,154,-9,3,[],[],[],[],"[667, 1077, 344, 792, 820]","[625, 663, 639, 714, 794]","[-2, 348, -182, 135, -60]","[77, 46, 70, 30, 57]","[318, 942, 541, 598, 1083, 1217, 887, 1433, 800, 1275, 887, 975, 886, 956, 1115]","[376, 75, 49, 542, 100, 254, 464, 369, 331, 278, 418, 555, 530, 631, 592]","[-4, 0, 3, -5, 3, 3, 4, 3, 1, 2, 2, 4, 4, 4, 3]","[-3, -5, -5, -3, -4, -5, -3, -4, -5, -5, -5, -3, -3, -3, -4]"
242,89.63,5,False,1115,282,8,5,[],[],[],[],"[647, 1187, 274, 832, 780]","[645, 663, 659, 714, 797]","[-2, 252, -114, 100, -90]","[77, 26, 62, 10, 17]","[238, 513, 1143, 1277, 967, 1493, 820, 1315, 927, 1055, 966, 1036, 1175, 815, 1158, 482, 889, 925]","[316, 482, 20, 154, 404, 279, 231, 178, 318, 495, 470, 571, 512, 635, 598, 622, 649, 762]","[-4, -4, 3, 3, 4, 3, 1, 2, 2, 4, 4, 4, 3, 5, 2, 5, 3, 3]","[-3, -3, -4, -5, -3, -5, -5, -5, -5, -3, -3, -3, -4, -2, -5, -3, -5, -4]"
243,89.96,5,False,1285,361,7,6,[],[],[],[],"[627, 1253, 236, 852, 730]","[665, 663, 671, 704, 785]","[-2, 136, -34, 60, -110]","[63, 6, 42, -10, -23]","[158, 433, 1337, 1047, 1541, 840, 1355, 969, 1135, 1046, 1116, 1235, 915, 1198, 582, 949, 985]","[256, 422, 54, 344, 179, 131, 78, 218, 435, 410, 511, 432, 595, 498, 562, 549, 682]","[-4, -4, 3, 4, 2, 1, 2, 3, 4, 4, 4, 3, 5, 2, 5, 3, 3]","[-3, -3, -5, -3, -5, -5, -5, -5, -3, -3, -3, -4, -2, -5, -3, -5, -4]"
244,90.29,5,True,1293,518,-8,5,[],[],[],[],"[607, 1273, 228, 857, 670]","[678, 649, 671, 684, 758]","[-2, 16, 46, 20, -120]","[43, -13, 22, -30, -63]","[78, 353, 1138, 1581, 873, 1029, 1215, 1126, 1196, 1295, 1015, 1238, 682, 1009, 1045, 715, 1319, 313, 942, 791]","[189, 352, 284, 79, 31, 118, 375, 350, 451, 352, 555, 398, 502, 466, 602, 725, 657, 696, 708, 798]","[-4, -4, 5, 2, 2, 3, 4, 4, 4, 3, 5, 2, 5, 3, 3, 5, 0, 5, 5, 5]","[-4, -4, -3, -5, -5, -5, -3, -3, -3, -4, -2, -5, -3, -4, -4, 0, -5, -1, -2, -2]"
245,90.63,5,True,1272,569,9,1,[1226],[613],[-5],[2],"[599, 1245, 255, 847, 610]","[678, 629, 671, 664, 718]","[11, -104, 126, -20, -120]","[23, -13, 2, -50, -87]","[277, 1238, 1089, 1295, 1206, 1276, 1355, 1115, 1278, 782, 1069, 1105, 815, 1319, 413, 1042, 891]","[272, 224, 37, 315, 290, 391, 272, 515, 298, 450, 386, 522, 725, 557, 676, 668, 758]","[-3, 5, 3, 4, 4, 4, 3, 5, 2, 5, 3, 3, 5, 0, 5, 5, 5]","[-4, -3, -4, -3, -3, -3, -4, -2, -5, -2, -4, -4, 0, -5, -1, -2, -2]"
246,90.96,5,True,1326,575,0,0,[1126],[653],[-5],[2],"[599, 1168, 312, 822, 550]","[678, 609, 653, 624, 671]","[31, -217, 203, -60, -104]","[3, -13, -18, -57, -107]","[217, 1338, 1375, 1286, 1356, 1415, 1215, 1318, 882, 1129, 1165, 915, 1319, 513, 1142, 991]","[192, 166, 255, 230, 331, 192, 475, 198, 410, 306, 442, 725, 457, 656, 628, 718]","[-3, 5, 4, 4, 4, 3, 5, 2, 5, 3, 3, 5, 0, 5, 5, 5]","[-4, -2, -3, -3, -3, -4, -2, -5, -2, -4, -4, 0, -5, -1, -2, -2]"
247,91.29,5,True,1343,582,0,0,[1026],[693],[-5],[2],"[613, 1059, 404, 782, 512]","[678, 603, 643, 601, 625]","[79, -271, 303, -51, -44]","[23, 27, 19, -17, -75]","[172, 1438, 1455, 1366, 1436, 1475, 1315, 1361, 982, 1189, 1225, 1015, 1319, 613, 1242, 1091, 734, 1304, 458, 969, 690]","[92, 126, 195, 170, 271, 112, 435, 98, 370, 226, 362, 725, 357, 636, 588, 678, 713, 669, 654, 691, 657]","[-2, 5, 4, 4, 4, 3, 5, 3, 5, 3, 3, 5, 0, 5, 5, 5, 5, 5, 5, 5, 5]","[-5, -2, -3, -3, -3, -4, -2, -5, -2, -4, -4, 0, -5, -1, -2, -2, 0, 1, -2, 1, -3]"
248,91.62,5,True,1349,546,-2,-9,[926],[733],[-5],[2],"[643, 938, 533, 762, 499]","[678, 612, 648, 600, 600]","[119, -301, 379, -31, 24]","[43, 67, 59, 23, -35]","[1538, 1550, 1446, 1516, 1535, 1415, 1421, 1082, 1249, 1285, 1115, 1319, 713, 1342, 1191, 834, 1404, 558, 1069, 790]","[86, 135, 110, 211, 32, 395, 8, 330, 146, 282, 725, 257, 616, 548, 638, 713, 669, 614, 691, 597]","[5, 5, 4, 4, 3, 5, 3, 5, 3, 3, 5, 0, 5, 5, 5, 5, 5, 5, 5, 5]","[-2, -3, -3, -3, -4, -2, -4, -2, -4, -4, 0, -5, -1, -2, -2, 0, 0, -2, 0, -3]"
249,91.96,4,True,1227,410,-8,-5,[826],[773],[-5],[2],"[688, 798, 687, 742, 513]","[692, 636, 668, 607, 600]","[159, -307, 429, -11, 92]","[63, 107, 82, 63, 5]","[1546, 1596, 1515, 1182, 1309, 1345, 1215, 1319, 813, 1291, 934, 1504, 658, 1169, 890, 762, 951, 704, 836, 603]","[50, 151, 355, 290, 66, 202, 725, 157, 596, 598, 713, 669, 574, 691, 541, 700, 663, 678, 645, 649]","[5, 4, 5, 5, 3, 3, 5, 0, 5, 5, 5, 5, 5, 5, 5, 5, 5, 5, 5, 5]","[-3, -3, -2, -2, -4, -4, 0, -5, -1, -2, 0, 0, -2, 0, -2, -3, 0, -2, 1, 0]"
250,92.29,4,True,1059,329,-9,-4,[726],[813],[-5],[2],"[748, 672, 847, 732, 552]","[712, 676, 691, 629, 600]","[184, -283, 446, 9, 152]","[83, 135, 102, 103, 45]","[1282, 1405, 1315, 1319, 913, 1391, 1034, 758, 1269, 990, 862, 1051, 804, 936, 703]","[250, 122, 725, 57, 576, 558, 713, 534, 691, 501, 640, 663, 638, 665, 649]","[5, 3, 5, 0, 5, 5, 5, 5, 5, 5, 5, 5, 5, 5, 5]","[-2, -4, 0, -5, -1, -2, 0, -2, 0, -2, -3, 0, -2, 1, 0]"
251,92.63,4,True,879,250,-9,-3,[626],[853],[-5],[2],"[813, 558, 1007, 732, 617]","[736, 722, 731, 669, 618]","[201, -235, 433, 29, 208]","[103, 155, 122, 134, 85]","[1382, 1465, 1415, 1013, 1491, 1134, 858, 1369, 1090, 962, 1151, 904, 1036, 803]","[210, 42, 725, 556, 518, 713, 494, 691, 446, 580, 663, 598, 685, 649]","[5, 3, 5, 5, 5, 5, 5, 5, 5, 5, 5, 5, 5, 5]","[-2, -4, 0, -1, -2, 0, -2, 0, -3, -3, 0, -2, 1, 0]"
252,92.96,7,False,827,310,-3,9,[519],[893],[-6],[2],"[873, 458, 1154, 732, 697]","[759, 767, 767, 709, 638]","[161, -207, 346, 9, 208]","[75, 127, 92, 114, 85]","[1482, 1522, 1120, 1591, 1241, 965, 1476, 1190, 1058, 1258, 1004, 1143, 910, 884, 641, 1097, 807, 763]","[170, 720, 536, 478, 713, 454, 691, 386, 520, 663, 558, 704, 649, 679, 673, 668, 606, 621]","[5, 6, 6, 5, 6, 6, 6, 5, 5, 6, 5, 6, 6, 1, 2, 2, 2, 5]","[-2, -1, -1, -2, 0, -2, 0, -3, -3, 0, -2, 0, 0, -6, -5, -6, -5, -2]"
253,93.29,7,False,722,300,0,0,[],[],[],[],"[918, 375, 1260, 721, 766]","[771, 800, 787, 743, 658]","[113, -161, 234, -11, 189]","[35, 87, 52, 94, 78]","[1582, 1240, 1361, 1070, 1596, 1290, 1155, 1378, 1104, 1263, 1030, 904, 681, 1124, 847, 863]","[130, 516, 713, 414, 691, 326, 452, 659, 499, 704, 649, 559, 573, 548, 505, 568]","[5, 6, 6, 5, 6, 5, 4, 6, 5, 6, 6, 1, 2, 1, 2, 5]","[-2, -1, 0, -2, 0, -3, -4, -1, -3, 0, 0, -6, -5, -6, -6, -3]"
254,93.62,7,False,587,294,0,0,[],[],[],[],"[942, 312, 1318, 701, 826]","[768, 812, 788, 763, 678]","[53, -101, 106, -31, 161]","[-5, 47, 12, 62, 58]","[1360, 1481, 1170, 1384, 1235, 1494, 1204, 1383, 1150, 924, 721, 1136, 887, 963, 968, 393, 1303, 709, 803]","[496, 713, 374, 255, 372, 631, 439, 704, 649, 439, 473, 428, 385, 508, 746, 795, 773, 766, 673]","[6, 6, 5, 4, 4, 5, 5, 6, 6, 1, 2, 0, 2, 5, 0, 1, -3, -5, -4]","[-1, 0, -2, -4, -4, -2, -3, 0, 0, -6, -5, -6, -6, -3, -6, -6, -5, -4, -4]"
255,93.96,7,False,592,413,6,7,[643],[465],[4],[5],"[940, 278, 1321, 681, 871]","[748, 812, 774, 769, 686]","[-7, -27, -34, -32, 121]","[-43, 7, -28, 22, 38]","[1480, 1270, 1463, 1297, 1578, 1299, 1503, 1270, 944, 761, 1136, 914, 1053, 949, 413, 1243, 628, 723]","[472, 327, 172, 274, 556, 370, 690, 639, 319, 371, 308, 265, 434, 626, 675, 673, 686, 593]","[6, 5, 3, 2, 3, 4, 6, 6, 1, 2, 0, 1, 4, -1, 1, -3, -4, -4]","[-2, -3, -5, -5, -5, -4, -2, -1, -6, -6, -6, -6, -4, -6, -6, -5, -4, -4]"
256,94.29,7,False,569,309,-3,-9,[704],[565],[3],[5],"[914, 273, 1269, 661, 901]","[715, 787, 745, 760, 686]","[-67, 53, -165, -32, 81]","[-63, -33, -66, -18, 18]","[1600, 1370, 1515, 1323, 1573, 1379, 1588, 1390, 953, 801, 1121, 934, 1132, 920, 433, 1183, 548, 643, 915, 327, 1303, 725, 898]","[432, 267, 69, 159, 442, 290, 622, 619, 199, 251, 188, 145, 351, 506, 555, 573, 606, 513, 759, 781, 767, 754, 671]","[6, 5, 2, 0, -3, 4, 2, 6, 0, 2, -1, 1, 3, -2, 1, -3, -4, -4, -6, 2, -4, 2, -3]","[-2, -3, -6, -6, -5, -4, -5, -1, -6, -6, -6, -6, -5, -6, -6, -5, -4, -4, -2, -5, -4, -5, -5]"
257,94.63,7,False,523,129,-1,-9,[764],[665],[3],[5],"[874, 310, 1177, 646, 921]","[683, 767, 710, 740, 686]","[-74, 170, -241, 8, 61]","[-43, -33, -46, -8, 38]","[1468, 1302, 1491, 1438, 1561, 1499, 953, 841, 1076, 943, 1184, 880, 453, 1111, 468, 563, 802, 367, 1223, 761, 838]","[202, 44, 362, 192, 511, 576, 79, 131, 82, 25, 248, 399, 435, 473, 526, 433, 719, 681, 687, 634, 571]","[4, -3, -5, 2, -4, 5, 0, 2, -3, 0, 2, -2, 1, -4, -4, -4, -5, 2, -4, 1, -3]","[-4, -5, -3, -5, -5, -3, -6, -6, -5, -6, -6, -5, -6, -5, -4, -4, -2, -5, -4, -6, -5]"
258,94.96,7,False,520,102,0,0,[824],[765],[3],[5],"[834, 390, 1060, 646, 932]","[663, 747, 690, 733, 695]","[-74, 270, -295, 48, 41]","[-23, -30, -26, 12, 58]","[1541, 1391, 1452, 1473, 1576, 866, 1192, 833, 473, 1031, 399, 483, 702, 407, 1143, 781, 778, 869, 411, 1114, 691, 937]","[114, 306, 72, 437, 494, 11, 128, 299, 315, 388, 429, 339, 673, 581, 607, 514, 471, 669, 748, 699, 708, 671]","[3, -5, 0, -5, 2, 1, 0, -3, 1, -4, -3, -4, -5, 2, -4, 1, -3, -3, 2, -4, 1, -3]","[-5, -2, -6, -3, -5, -6, -6, -5, -6, -4, -5, -5, -3, -5, -4, -6, -5, -5, -5, -4, -6, -5]"
259,95.29,7,False,653,79,9,-3,[884],[865],[3],[5],"[794, 505, 922, 666, 932]","[646, 727, 670, 733, 715]","[-71, 353, -324, 88, 21]","[4, -10, -6, 32, 78]","[1291, 1373, 1588, 1157, 773, 493, 951, 339, 422, 602, 447, 1063, 791, 718, 809, 451, 1034, 711, 877]","[266, 377, 376, 17, 199, 195, 308, 329, 239, 613, 481, 527, 394, 371, 569, 648, 619, 588, 571]","[-5, -5, -1, -3, -3, 1, -4, -3, -3, -5, 2, -4, 0, -3, -3, 2, -4, 1, -3]","[-2, -3, -6, -5, -5, -6, -4, -5, -5, -3, -5, -4, -6, -5, -5, -5, -4, -6, -5]"
260,95.63,7,False,833,67,9,0,[],[],[],[],"[754, 649, 782, 701, 932]","[646, 718, 665, 736, 735]","[-51, 407, -326, 128, 1]","[44, 10, 14, 52, 98]","[1191, 1273, 1550, 713, 524, 871, 295, 362, 506, 487, 983, 791, 662, 749, 491, 954, 731, 817, 807, 647, 880, 718, 967]","[226, 317, 267, 99, 75, 228, 225, 139, 545, 381, 447, 274, 271, 469, 548, 536, 468, 471, 621, 703, 640, 708, 701]","[-5, -5, -3, -3, 2, -4, -2, -3, -4, 2, -4, 0, -2, -3, 2, -4, 1, -3, 0, 3, 0, 0, 0]","[-2, -3, -5, -5, -6, -4, -6, -5, -4, -5, -4, -6, -5, -5, -5, -5, -6, -5, -6, -5, -6, -6, -6]"
261,95.96,7,False,995,64,9,-1,[],[],[],[],"[734, 809, 644, 741, 913]","[664, 718, 665, 756, 774]","[-31, 433, -298, 148, -19]","[71, 30, 34, 67, 107]","[1091, 1173, 1482, 791, 276, 314, 426, 528, 903, 793, 625, 689, 531, 876, 751, 757, 807, 707, 880, 718, 967]","[186, 257, 172, 148, 105, 38, 465, 281, 367, 154, 161, 369, 448, 436, 348, 371, 501, 603, 520, 588, 581]","[-5, -5, -4, -4, 0, -2, -4, 3, -4, 1, -1, -3, 2, -3, 1, -3, 0, 3, 0, 0, 0]","[-2, -3, -4, -4, -6, -6, -4, -5, -4, -6, -6, -5, -5, -5, -6, -5, -6, -5, -6, -6, -6]"
262,96.3,7,False,1142,117,3,9,[],[],[],[],"[713, 964, 524, 781, 883]","[684, 718, 665, 764, 797]","[-51, 385, -286, 128, -71]","[51, 10, 14, 27, 67]","[991, 1073, 1402, 715, 363, 588, 823, 813, 615, 644, 585, 816, 771, 698, 807, 767, 880, 718, 967, 802, 952, 663, 808, 948]","[146, 197, 92, 54, 366, 181, 287, 34, 41, 269, 348, 336, 228, 271, 381, 503, 400, 468, 461, 674, 703, 670, 739, 775]","[-5, -5, -4, -3, -3, 3, -4, 1, 0, -2, 3, -3, 1, -2, 0, 3, 0, 0, 0, 3, 2, 5, 1, 0]","[-2, -3, -4, -5, -5, -5, -4, -6, -6, -5, -5, -5, -6, -5, -6, -5, -6, -6, -6, -5, -5, -3, -6, -6]"
263,96.64,7,False,1226,282,0,9,[],[],[],[],"[673, 1094, 405, 820, 837]","[685, 708, 659, 757, 805]","[-58, 311, -250, 98, -111]","[31, -10, -6, -13, 27]","[891, 973, 1314, 330, 651, 743, 604, 645, 756, 796, 658, 807, 827, 880, 738, 967, 862, 992, 763, 828, 948]","[106, 137, 16, 253, 81, 207, 156, 248, 236, 108, 171, 261, 403, 280, 348, 341, 574, 603, 610, 619, 655]","[-5, -5, -5, -1, 4, -4, -2, 3, -3, 2, -2, 0, 3, 0, 1, 0, 3, 2, 5, 1, 0]","[-2, -3, -3, -6, -5, -4, -6, -5, -5, -6, -5, -6, -5, -6, -6, -6, -5, -5, -3, -6, -6]"
264,96.98,7,False,1191,393,9,-4,[1201],[456],[-3],[5],"[633, 1188, 309, 840, 777]","[685, 688, 639, 737, 798]","[-58, 213, -191, 58, -144]","[11, -30, -15, -40, -13]","[786, 873, 327, 668, 581, 705, 696, 620, 807, 887, 881, 769, 967, 922, 1032, 863, 861, 948, 736, 1222, 451, 920, 869]","[66, 77, 133, 111, 36, 148, 136, 52, 141, 303, 160, 228, 221, 474, 503, 550, 499, 535, 690, 688, 689, 755, 790]","[-6, -5, 0, -3, -1, 3, -3, -1, 0, 3, 1, 2, 0, 3, 2, 5, 2, 0, 5, 3, 6, 4, 3]","[-2, -3, -6, -5, -6, -5, -5, -6, -6, -5, -6, -6, -6, -5, -5, -3, -6, -6, -3, -5, 0, -4, -5]"
265,97.31,7,False,1358,316,9,-1,[1141],[556],[-3],[5],"[593, 1240, 239, 844, 703]","[676, 668, 619, 707, 776]","[-55, 97, -114, 18, -164]","[-9, -50, -15, -60, -53]","[666, 773, 365, 608, 781, 644, 817, 952, 901, 815, 967, 982, 1086, 963, 901, 948, 836, 1282, 571, 1000, 929]","[40, 17, 23, 11, 58, 36, 21, 203, 40, 127, 101, 374, 403, 490, 387, 415, 630, 588, 689, 675, 690]","[-6, -5, 3, -3, 4, -2, 1, 4, 1, 3, 0, 3, 3, 5, 2, 0, 5, 3, 6, 4, 3]","[-1, -3, -5, -5, -4, -5, -6, -5, -6, -5, -6, -5, -5, -3, -5, -6, -3, -5, 0, -4, -5]"
266,97.64,7,False,1358,252,0,0,[1101],[656],[-2],[5],"[569, 1243, 201, 833, 623]","[656, 628, 600, 667, 736]","[-35, -23, -34, -22, -165]","[-29, -59, -15, -80, -86]","[582, 1032, 880, 1042, 1146, 1063, 947, 948, 936, 1342, 691, 1080, 989, 667, 1272, 311, 918, 746]","[65, 120, 29, 274, 303, 430, 287, 295, 570, 488, 687, 595, 590, 674, 621, 635, 681, 761]","[3, 4, 4, 3, 3, 5, 3, 0, 5, 3, 6, 4, 3, 4, -1, 5, 3, 4]","[4, -4, -4, -5, -5, -3, -5, -6, -3, -5, -1, -4, -5, -4, -6, -2, -5, -4]"
267,97.97,7,False,1295,256,0,0,[1066],[774],[-1],[6],"[558, 1208, 206, 813, 557]","[639, 604, 600, 628, 696]","[25, -103, 101, -22, -111]","[5, -19, 25, -49, -66]","[683, 1112, 1115, 1206, 1163, 1007, 948, 1036, 1402, 811, 1160, 1049, 747, 1252, 411, 978, 826]","[112, 40, 174, 203, 370, 187, 175, 510, 388, 667, 515, 490, 594, 501, 595, 581, 681]","[6, 4, 4, 3, 5, 3, 0, 5, 3, 6, 4, 3, 4, -1, 5, 3, 4]","[2, -4, -5, -5, -3, -5, -6, -3, -5, -1, -4, -5, -4, -6, -2, -5, -4]"
268,98.31,7,False,1124,262,-9,1,[1046],[894],[-1],[6],"[570, 1142, 262, 793, 514]","[639, 600, 608, 608, 661]","[85, -166, 221, -15, -51]","[45, 21, 65, -9, -46]","[803, 1195, 1266, 1263, 1067, 962, 1136, 1462, 931, 1240, 1109, 827, 1232, 511, 1038, 906, 636, 1200, 316, 896, 641]","[152, 90, 103, 310, 87, 55, 450, 288, 647, 435, 390, 514, 381, 555, 481, 601, 634, 575, 615, 626, 703]","[6, 4, 3, 5, 3, 1, 5, 3, 6, 4, 3, 4, -1, 5, 3, 4, 4, -1, 5, 4, 6]","[2, -4, -5, -3, -5, -6, -3, -5, -1, -4, -5, -4, -6, -2, -5, -4, -4, -6, -2, -4, -2]"
269,98.64,7,False,944,271,-9,1,[],[],[],[],"[606, 1053, 365, 779, 498]","[657, 606, 631, 604, 641]","[143, -217, 330, 5, 15]","[79, 61, 105, 31, -17]","[923, 1275, 1326, 1363, 1236, 1505, 1051, 1320, 1169, 907, 1212, 611, 1098, 986, 716, 1180, 416, 976, 761]","[192, 10, 3, 250, 390, 188, 627, 352, 290, 434, 261, 515, 381, 521, 554, 455, 575, 546, 663]","[6, 4, 3, 5, 5, 2, 6, 4, 3, 4, -1, 5, 3, 4, 4, -1, 5, 4, 6]","[2, -4, -5, -3, -3, -5, -1, -5, -5, -4, -6, -2, -5, -4, -4, -6, -2, -4, -2]"
270,98.98,7,False,818,295,0,0,[],[],[],[],"[663, 953, 507, 779, 510]","[677, 627, 671, 615, 633]","[183, -248, 416, 25, 86]","[99, 101, 135, 71, 23]","[1024, 1461, 1336, 1535, 1171, 1381, 1229, 987, 1186, 711, 1158, 1066, 796, 1156, 516, 1056, 866, 680, 999, 522, 874, 546]","[232, 180, 330, 68, 607, 252, 190, 354, 141, 475, 281, 441, 474, 335, 535, 466, 623, 652, 608, 656, 623, 608]","[5, 4, 5, 1, 6, 3, 3, 4, -2, 5, 3, 4, 4, -2, 5, 4, 5, 0, -4, 4, 6, 1]","[2, -4, -3, -6, -1, -5, -5, -4, -6, -2, -5, -4, -4, -6, -2, -4, -2, -6, -5, -4, -2, -6]"
271,99.31,7,False,683,270,-9,-2,[],[],[],[],"[735, 835, 676, 779, 546]","[717, 667, 717, 641, 640]","[215, -258, 468, 45, 146]","[119, 133, 155, 111, 63]","[1123, 1541, 1436, 1291, 1422, 1284, 1067, 1145, 811, 1218, 1146, 876, 1116, 616, 1136, 966, 680, 919, 602, 979, 566]","[292, 100, 270, 567, 145, 90, 274, 35, 435, 181, 361, 394, 224, 495, 386, 583, 532, 508, 576, 582, 488]","[4, 4, 5, 6, 1, 2, 4, -3, 5, 3, 4, 4, -2, 5, 4, 5, 0, -4, 4, 5, 1]","[4, -4, -3, -2, -6, -5, -4, -5, -2, -5, -4, -4, -5, -2, -4, -2, -6, -5, -4, -3, -6]"
272,99.65,7,False,507,278,-8,5,[],[],[],[],"[810, 715, 853, 779, 603]","[755, 707, 762, 677, 660]","[192, -284, 445, 25, 166]","[96, 113, 130, 96, 54]","[1183, 1521, 1394, 1425, 1146, 911, 1261, 1226, 956, 1062, 716, 1216, 1066, 680, 839, 682, 1077, 586, 826, 803, 786, 764, 660]","[386, 190, 527, 25, 186, 395, 78, 276, 314, 124, 442, 305, 524, 412, 409, 496, 519, 368, 726, 673, 735, 668, 655]","[1, 4, 5, -1, 3, 5, 2, 4, 4, -3, 5, 4, 5, 0, -4, 4, 4, 1, 0, -1, -3, -5, 4]","[6, -4, -2, -6, -5, -2, -6, -5, -4, -5, -3, -5, -3, -6, -4, -4, -4, -6, -6, -6, -5, -3, -4]"
273,99.98,7,False,396,425,-3,9,[],[],[],[],"[870, 595, 1010, 779, 663]","[775, 740, 797, 697, 664]","[152, -287, 390, 5, 166]","[56, 93, 90, 76, 34]","[1127, 1590, 1494, 1206, 1011, 1286, 1027, 989, 816, 1280, 1166, 680, 759, 762, 1150, 606, 826, 783, 726, 664, 725]","[477, 97, 467, 86, 355, 176, 220, 35, 382, 205, 464, 292, 329, 416, 431, 248, 606, 553, 635, 608, 557]","[-5, 3, 5, 3, 5, 3, 3, -4, 5, 3, 5, 0, -4, 4, 3, 1, 0, -1, -3, -5, 3]","[3, -5, -3, -5, -2, -5, -5, -4, -3, -5, -3, -6, -4, -4, -5, -6, -6, -6, -5, -3, -5]"
274,100.31,7,False,404,529,-8,-4,[507],[595],[4],[4],"[911, 475, 1140, 764, 723]","[778, 760, 817, 717, 664]","[107, -263, 304, -15, 159]","[16, 64, 50, 56, 14]","[1015, 1581, 1111, 1334, 1087, 916, 1330, 1252, 680, 679, 842, 1174, 626, 821, 748, 666, 564, 780, 898, 549, 1076, 791, 691]","[513, 391, 297, 74, 120, 322, 105, 385, 172, 249, 322, 317, 128, 486, 433, 535, 548, 457, 763, 741, 808, 707, 659]","[-6, 4, 5, 2, 3, 5, 2, 4, 0, -4, 4, 0, 1, -1, -2, -3, -5, 2, -3, -2, -5, -4, -4]","[1, -4, -3, -6, -5, -3, -5, -4, -6, -4, -5, -6, -6, -6, -6, -5, -3, -5, -5, -5, -4, -5, -4]"
275,100.66,7,False,272,400,-5,-8,[574],[691],[3],[5],"[932, 369, 1229, 744, 772]","[766, 767, 817, 723, 658]","[47, -217, 197, -35, 139]","[-24, 24, 10, 36, -6]","[895, 1211, 1126, 1016, 1325, 680, 593, 904, 1126, 642, 801, 708, 603, 464, 814, 838, 501, 976, 711, 608]","[533, 237, 12, 262, 296, 52, 170, 222, 216, 8, 366, 330, 435, 488, 345, 663, 641, 744, 616, 579]","[-6, 5, 1, 5, 3, 0, -5, 3, -4, 0, -1, -2, -4, -5, 1, -3, -3, -5, -4, -5]","[1, -3, -6, -3, -5, -6, -3, -5, -4, -6, -6, -5, -5, -3, -6, -5, -5, -3, -4, -4]"
276,100.99,7,False,223,226,0,-9,[639],[789],[4],[4],"[927, 284, 1272, 719, 812]","[739, 759, 795, 723, 638]","[-13, -153, 77, -55, 114]","[-59, -16, -30, 16, -14]","[775, 1311, 1116, 1353, 493, 960, 1018, 771, 649, 523, 364, 819, 769, 441, 876, 631, 508, 927, 335, 1255, 708, 801]","[536, 177, 202, 183, 110, 122, 172, 246, 230, 347, 428, 225, 563, 541, 684, 536, 518, 750, 752, 821, 748, 654]","[-6, 5, 5, 0, -5, 2, -6, -2, -3, -4, -5, 0, -4, -3, -5, -4, -5, -4, -2, -5, -6, -4]","[0, -3, -3, -6, -3, -5, -1, -6, -5, -4, -3, -6, -5, -5, -3, -4, -3, -4, -5, -3, -1, -4]"
277,101.33,7,False,345,137,9,0,[712],[866],[3],[3],"[907, 239, 1277, 695, 852]","[711, 739, 775, 723, 632]","[-33, -33, -3, -30, 114]","[-39, -5, -30, 36, 26]","[662, 1394, 1207, 1325, 400, 991, 905, 731, 589, 450, 271, 787, 696, 388, 783, 558, 420, 854, 295, 1162, 595, 728]","[536, 109, 137, 80, 57, 14, 152, 148, 137, 267, 368, 117, 481, 448, 624, 456, 448, 670, 652, 768, 724, 581]","[-5, 3, 4, -2, -4, 1, -5, -2, -3, -3, -4, -2, -3, -2, -4, -3, -4, -3, -2, -4, -5, -3]","[0, -3, -3, -4, -2, -5, -1, -4, -4, -4, -3, -4, -4, -4, -3, -4, -3, -4, -5, -2, -1, -3]"
278,101.66,7,False,525,164,9,3,[],[],[],[],"[887, 241, 1248, 681, 892]","[691, 735, 755, 730, 641]","[-40, 87, -83, 10, 114]","[-19, 15, -30, 56, 66]","[562, 1454, 1274, 1268, 320, 805, 691, 529, 390, 191, 747, 636, 348, 703, 498, 353, 794, 255, 1082, 495, 668]","[536, 35, 77, 1, 17, 141, 68, 57, 187, 308, 37, 401, 368, 564, 376, 388, 590, 552, 728, 704, 521]","[-5, 3, 3, -3, -4, -5, -2, -3, -3, -4, -2, -3, -2, -4, -3, -3, -3, -2, -4, -5, -3]","[0, -4, -3, -3, -2, 0, -4, -4, -4, -3, -4, -4, -4, -3, -4, -3, -4, -5, -2, -1, -3]"
279,101.99,7,False,692,246,9,4,[],[],[],[],"[867, 291, 1188, 682, 931]","[673, 735, 735, 750, 661]","[-40, 207, -160, 50, 99]","[1, 35, -15, 76, 96]","[462, 1334, 705, 330, 111, 576, 308, 623, 438, 293, 734, 232, 1002, 395, 608, 895, 327, 1233, 696, 917]","[520, 1, 141, 107, 248, 321, 288, 504, 296, 312, 510, 452, 688, 666, 460, 689, 730, 758, 736, 679]","[-5, 3, -5, -3, -4, -3, -2, -4, -3, -3, -3, -1, -4, -5, -3, -3, 3, -3, -2, -4]","[-1, -4, 0, -4, -3, -4, -4, -3, -4, -4, -4, -5, -2, -2, -4, -4, -4, -3, -4, -2]"
280,102.33,7,False,872,313,9,3,[],[],[],[],"[847, 387, 1101, 702, 951]","[673, 741, 721, 770, 698]","[-40, 310, -220, 89, 79]","[21, 55, 5, 77, 116]","[362, 605, 270, 44, 516, 273, 543, 378, 243, 674, 212, 922, 304, 548, 835, 387, 1173, 656, 837]","[500, 141, 27, 188, 241, 188, 444, 216, 232, 430, 352, 648, 626, 380, 609, 650, 698, 656, 639]","[-5, -5, -3, -3, -3, -1, -4, -3, -2, -3, -1, -4, -4, -3, -3, 3, -3, -2, -4]","[-1, 0, -4, -3, -4, -5, -3, -4, -4, -4, -5, -2, -2, -4, -4, -4, -3, -4, -2]"
281,102.66,7,False,1016,405,0,9,[],[],[],[],"[827, 518, 995, 732, 971]","[673, 761, 721, 790, 738]","[-40, 391, -261, 109, 59]","[41, 65, 25, 77, 136]","[264, 505, 456, 253, 463, 318, 217, 614, 192, 842, 224, 488, 790, 447, 1113, 616, 757]","[472, 141, 161, 88, 384, 136, 138, 350, 252, 608, 586, 300, 529, 570, 638, 574, 599]","[-4, -5, -3, -1, -4, -3, 0, -3, -1, -4, -4, -3, -2, 3, -3, -2, -4]","[-2, 0, -4, -5, -3, -4, -5, -4, -5, -2, -2, -4, -4, -4, -3, -5, -2]"
282,102.99,7,False,975,479,7,-6,[993],[556],[-3],[4],"[792, 670, 868, 761, 973]","[673, 768, 721, 802, 778]","[-76, 403, -317, 89, -1]","[21, 25, 5, 37, 103]","[184, 405, 396, 383, 265, 224, 554, 174, 762, 144, 428, 750, 507, 1053, 576, 677, 861, 585, 1064, 861, 1058]","[432, 141, 81, 324, 56, 38, 270, 152, 568, 546, 220, 449, 490, 578, 474, 559, 608, 702, 676, 778, 706]","[-4, -5, -3, -4, -2, 1, -3, 0, -4, -4, -3, -2, 3, -3, -2, -4, 0, 1, 2, 4, 2]","[-2, 0, -4, -3, -4, -5, -4, -5, -2, -2, -4, -4, -4, -3, -5, -2, -5, -5, -4, -3, -4]"
283,103.33,7,False,1100,344,6,-7,[933],[636],[-3],[4],"[752, 817, 728, 781, 949]","[673, 760, 706, 800, 799]","[-96, 385, -347, 69, -61]","[1, -15, -15, -3, 63]","[111, 305, 351, 313, 494, 174, 682, 64, 368, 710, 567, 993, 546, 597, 864, 610, 1104, 941, 1098]","[370, 154, 1, 264, 190, 52, 528, 501, 140, 369, 410, 518, 374, 516, 508, 602, 596, 718, 626]","[-3, -5, -2, -3, -3, 0, -4, -4, -3, -2, 3, -3, -1, -4, 1, 2, 2, 4, 2]","[-4, 1, -4, -3, -4, -5, -2, -3, -4, -4, -4, -3, -5, -3, -5, -5, -4, -3, -4]"
284,103.66,7,False,1178,253,0,0,[873],[716],[-3],[4],"[696, 952, 574, 800, 902]","[654, 740, 686, 780, 805]","[-115, 337, -348, 49, -121]","[-19, -45, -35, -43, 23]","[100, 226, 253, 434, 602, 308, 670, 627, 933, 526, 517, 884, 650, 1144, 1021, 1138, 817, 944, 732, 871, 972]","[277, 201, 197, 110, 469, 60, 289, 330, 458, 274, 456, 408, 502, 516, 658, 546, 697, 739, 714, 798, 790]","[2, -3, -3, -3, -4, -3, -2, 3, -3, -1, -4, 1, 2, 2, 4, 2, 5, 1, 5, 3, 1]","[-4, 4, -4, -4, -3, -4, -4, -4, -3, -5, -3, -5, -5, -4, -3, -4, -1, -5, -2, -4, -5]"
285,104.02,7,False,1211,213,0,0,[],[],[],[],"[636, 1063, 434, 836]","[634, 705, 661, 796]","[-115, 266, -319, -162]","[-23, -65, -55, -17]","[165, 224, 193, 376, 522, 630, 687, 873, 506, 444, 904, 690, 1184, 1092, 1178, 917, 964, 821, 931, 992]","[211, 291, 117, 30, 409, 209, 250, 383, 174, 396, 308, 416, 433, 598, 466, 657, 639, 674, 718, 690]","[4, 3, -3, -2, -4, -2, 3, -3, -1, -3, 1, 2, 2, 3, 2, 5, 1, 4, 3, 1]","[-2, 4, -4, -4, -3, -4, -4, -4, -5, -3, -5, -4, -5, -3, -4, -2, -5, -2, -4, -5]"
286,104.36,7,False,1147,153,-7,-6,[],[],[],[],"[576, 1142, 307, 756]","[614, 665, 621, 772]","[-107, 175, -264, -191]","[-23, -85, -61, -57]","[254, 304, 143, 442, 590, 747, 813, 494, 384, 924, 730, 1224, 1152, 1218, 1017, 984, 901, 991, 1012]","[177, 337, 37, 349, 119, 170, 303, 74, 318, 208, 336, 333, 538, 386, 617, 539, 634, 638, 590]","[5, 5, -2, -4, -2, 3, -3, 0, -3, 1, 2, 2, 3, 2, 5, 1, 4, 3, 1]","[-1, 1, -4, -3, -5, -4, -4, -5, -4, -5, -4, -5, -3, -4, -2, -5, -2, -4, -5]"
287,104.71,7,False,1100,234,-6,7,[],[],[],[],"[536, 1190, 216, 676, 715]","[603, 625, 600, 735, 811]","[-47, 115, -146, -165, 20]","[17, -53, -21, -48, -1]","[354, 404, 362, 558, 807, 753, 341, 944, 770, 1263, 1212, 1258, 1098, 1004, 981, 1051, 1032, 677, 1153, 445, 839, 770]","[157, 351, 289, 19, 108, 223, 238, 108, 256, 233, 478, 306, 577, 439, 594, 558, 490, 577, 624, 623, 737, 765]","[5, 5, -4, -1, 3, -3, -2, 1, 2, 1, 3, 2, 4, 1, 4, 3, 1, 3, -2, 5, 2, 1]","[-1, 0, -3, -5, -3, -4, -4, -5, -4, -5, -3, -4, -2, -5, -2, -4, -5, -4, -5, -2, -4, -5]"
288,105.06,7,False,926,299,-9,2,[],[],[],[],"[521, 1212, 175, 609, 715]","[607, 604, 600, 715, 791]","[13, 41, -12, -125, 40]","[57, -13, 19, -28, -1]","[454, 504, 287, 867, 693, 316, 964, 810, 1283, 1272, 1298, 1178, 1024, 1061, 1111, 1052, 737, 1113, 542, 879, 790]","[145, 351, 229, 48, 143, 138, 8, 176, 133, 412, 216, 537, 339, 554, 478, 390, 497, 524, 583, 657, 665]","[5, 5, -3, 3, -3, -1, 1, 2, 1, 3, 2, 4, 1, 4, 3, 1, 3, -2, 4, 2, 1]","[0, 0, -3, -3, -4, -5, -5, -4, -5, -4, -5, -2, -5, -2, -4, -5, -4, -5, -2, -4, -5]"
289,105.39,7,False,902,371,9,3,[],[],[],[],"[529, 1202, 191, 560, 726]","[627, 600, 605, 695, 771]","[73, -39, 128, -68, 60]","[97, 27, 59, -8, -1]","[604, 227, 633, 311, 850, 1303, 1332, 1338, 1258, 1044, 1141, 1171, 1072, 797, 1073, 622, 919, 810, 596, 1206, 262, 645, 766]","[351, 169, 63, 38, 96, 33, 332, 116, 497, 239, 514, 398, 290, 417, 432, 543, 577, 565, 623, 605, 625, 711, 779]","[5, -3, -3, 0, 2, 1, 3, 2, 4, 1, 4, 3, 1, 3, -2, 4, 2, 1, 4, -4, 5, 2, 0]","[0, -3, -4, -5, -4, -5, -4, -5, -2, -5, -2, -4, -5, -4, -4, -2, -4, -5, -3, -3, -1, -4, -5]"
290,105.72,7,False,1005,467,9,3,[],[],[],[],"[561, 1164, 258, 535, 746]","[666, 609, 625, 688, 751]","[133, -101, 253, -8, 80]","[130, 67, 99, 12, -1]","[704, 167, 890, 1392, 1359, 1338, 1064, 1221, 1231, 1092, 857, 1033, 704, 959, 830, 676, 1126, 362, 685, 766]","[351, 101, 16, 252, 16, 457, 139, 474, 318, 190, 337, 352, 503, 497, 465, 563, 545, 605, 631, 679]","[5, -3, 2, 3, 1, 4, 1, 4, 3, 1, 3, -2, 5, 2, 1, 4, -4, 5, 2, 0]","[0, -4, -4, -4, -5, -2, -5, -2, -4, -5, -4, -4, -2, -4, -5, -3, -3, -1, -4, -5]"
291,106.06,6,False,990,537,-9,2,[],[],[],[],"[616, 1100, 374, 534, 767]","[707, 633, 665, 688, 750]","[188, -161, 362, 52, 100]","[150, 107, 132, 32, 18]","[804, 107, 1452, 1418, 1084, 1301, 1291, 1112, 917, 993, 804, 999, 850, 756, 462, 727, 766]","[351, 21, 172, 417, 39, 434, 238, 90, 257, 272, 463, 417, 365, 503, 585, 551, 579]","[5, -3, 3, 4, 1, 4, 3, 1, 3, -2, 5, 2, 1, 4, 5, 3, 0]","[0, -4, -4, -2, -5, -2, -4, -5, -4, -4, -2, -4, -5, -3, -1, -4, -5]"
292,106.39,6,False,1026,551,9,-2,[],[],[],[],"[676, 1009, 518, 554, 787]","[747, 669, 705, 688, 748]","[188, -241, 404, 72, 80]","[130, 96, 112, 12, -2]","[904, 1512, 1498, 1381, 1351, 977, 953, 904, 1039, 870, 836, 562, 787, 766, 727, 1063, 524, 630, 803]","[367, 92, 377, 394, 158, 177, 192, 423, 337, 265, 443, 565, 471, 479, 677, 640, 734, 643, 685]","[5, 3, 4, 4, 3, 3, -2, 5, 2, 1, 4, 5, 3, 0, 3, -4, 5, 3, 0]","[1, -4, -2, -2, -4, -4, -4, -2, -4, -5, -3, -1, -4, -5, -4, -3, 1, -4, -5]"
293,106.72,6,False,1196,545,0,0,[],[],[],[],"[736, 890, 678, 574, 807]","[783, 689, 737, 680, 728]","[177, -302, 415, 92, 54]","[92, 76, 92, -8, -22]","[1004, 1572, 1578, 1461, 1411, 1037, 913, 1004, 1079, 890, 916, 662, 847, 766, 787, 983, 624, 690, 816]","[387, 12, 337, 354, 78, 97, 112, 383, 257, 165, 395, 545, 391, 379, 597, 580, 754, 576, 585]","[5, 3, 4, 4, 3, 3, -2, 5, 2, 1, 4, 5, 3, 0, 3, -4, 5, 3, 1]","[1, -4, -2, -2, -4, -4, -4, -2, -4, -5, -2, -1, -4, -5, -4, -3, 1, -3, -5]"
294,107.06,6,False,1046,600,0,0,[1104],[655],[-5],[2],"[796, 750, 835, 607, 809]","[803, 709, 757, 660, 708]","[157, -335, 394, 109, 14]","[52, 56, 66, -28, -42]","[1104, 1541, 1097, 873, 1104, 1119, 921, 996, 762, 907, 766, 847, 903, 724, 750, 836, 843, 903, 855, 686, 854]","[407, 314, 25, 32, 360, 177, 65, 355, 525, 311, 279, 517, 520, 774, 516, 485, 808, 750, 797, 696, 702]","[5, 4, 3, -2, 5, 2, 2, 4, 5, 3, 0, 3, -4, 5, 3, 1, 3, 5, 5, 5, 1]","[1, -2, -3, -4, -1, -4, -5, -2, -1, -4, -5, -4, -3, 1, -3, -5, -3, 1, 1, -2, -5]"
295,107.39,6,False,1109,600,-9,0,[1004],[695],[-5],[2],"[840, 610, 973, 647, 796]","[804, 715, 765, 640, 676]","[119, -343, 344, 109, -22]","[12, 36, 26, -38, -62]","[1204, 1204, 1159, 1076, 862, 970, 766, 907, 823, 824, 823, 856, 922, 1003, 955, 786, 874]","[434, 340, 97, 315, 505, 251, 179, 437, 460, 794, 456, 385, 748, 770, 817, 656, 602]","[5, 5, 2, 4, 5, 4, 0, 3, -4, 5, 4, 1, 4, 5, 5, 5, 1]","[2, -1, -4, -2, -1, -3, -5, -4, -3, 1, -3, -5, -3, 1, 1, -2, -5]"
296,107.72,6,False,939,539,-8,-5,[915],[735],[-4],[2],"[869, 470, 1085, 687, 776]","[790, 715, 758, 620, 636]","[79, -321, 269, 109, -42]","[-28, 16, -14, -38, -75]","[1289, 1304, 1199, 1156, 962, 1050, 766, 967, 743, 924, 903, 876, 1002, 1103, 1055, 886, 894]","[474, 320, 17, 275, 485, 191, 79, 357, 400, 814, 396, 285, 688, 790, 837, 616, 502]","[4, 5, 2, 4, 5, 4, 0, 3, -4, 5, 4, 1, 4, 5, 5, 5, 1]","[2, -1, -4, -2, -1, -3, -5, -4, -3, 1, -3, -5, -3, 1, 1, -2, -5]"
297,108.06,6,False,774,454,-9,-2,[835],[775],[-4],[2],"[889, 349, 1172, 727, 756]","[770, 715, 738, 602, 604]","[79, -232, 213, 136, -22]","[-28, 36, -2, 2, -35]","[1369, 1404, 1243, 1062, 1130, 1027, 663, 1024, 983, 896, 1065, 1203, 1155, 986, 930, 1019, 598, 1162, 816, 821]","[514, 300, 235, 465, 131, 277, 340, 815, 336, 185, 628, 800, 857, 576, 402, 820, 770, 698, 713, 580]","[4, 5, 5, 5, 4, 3, -4, 5, 4, 1, 3, 5, 5, 5, 1, 5, 5, 1, 4, 0]","[2, -1, -2, -1, -3, -4, -3, 0, -3, -5, -3, 0, 1, -2, -5, -1, 1, -5, 2, -5]"
298,108.39,6,False,594,458,-9,1,[755],[815],[-4],[2],"[909, 268, 1234, 774, 736]","[750, 722, 737, 602, 600]","[71, -123, 142, 156, -2]","[-28, 56, 18, 42, 5]","[1447, 1504, 1343, 1162, 1210, 1087, 583, 1124, 1063, 916, 1125, 1303, 1255, 1086, 950, 1119, 698, 1182, 896, 821]","[572, 280, 195, 445, 71, 197, 280, 815, 276, 85, 568, 800, 859, 536, 302, 800, 790, 598, 753, 480]","[3, 5, 5, 5, 4, 3, -4, 5, 4, 1, 3, 5, 5, 5, 1, 5, 5, 1, 4, 0]","[3, -1, -2, -1, -3, -4, -3, 0, -3, -5, -3, 0, 0, -2, -5, -1, 1, -5, 2, -5]"
299,108.72,6,False,415,457,-8,-4,[675],[855],[-4],[2],"[929, 233, 1264, 834, 735]","[730, 742, 737, 619, 600]","[51, -3, 62, 165, 18]","[-8, 76, 38, 82, 45]","[1493, 1425, 1262, 1290, 1147, 503, 1224, 1143, 1185, 1403, 1355, 1186, 970, 1211, 798, 1198, 976, 821, 929, 320, 1250, 801, 720]","[653, 155, 425, 11, 117, 238, 815, 216, 488, 800, 859, 496, 202, 765, 804, 498, 793, 380, 758, 740, 752, 644, 635]","[1, 4, 5, 4, 3, -4, 5, 4, 3, 5, 5, 5, 1, 4, 5, 0, 4, 0, -4, 3, -4, -5, -5]","[5, -2, -1, -3, -4, -2, 0, -3, -4, 0, 0, -2, -5, -2, 0, -5, 2, -5, -3, -4, -2, -1, 0]"
300,109.06,6,False,509,399,8,-5,[575],[885],[-5],[1],"[930, 248, 1262, 894, 735]","[723, 762, 746, 651, 618]","[31, 117, -18, 165, 38]","[12, 85, 58, 122, 85]","[1461, 1505, 1362, 1207, 423, 1324, 1211, 1245, 1503, 1455, 1268, 980, 1291, 898, 1198, 1056, 802, 849, 380, 1170, 701, 620]","[739, 115, 405, 37, 198, 815, 156, 408, 800, 859, 456, 102, 714, 804, 398, 833, 280, 698, 660, 712, 624, 635]","[-4, 4, 5, 3, -4, 5, 3, 3, 5, 5, 4, 0, 4, 5, 0, 4, -1, -4, 3, -4, -5, -5]","[3, -2, -1, -4, -2, 0, -3, -4, 0, 0, -2, -5, -3, 0, -5, 2, -5, -3, -4, -2, -1, 0]"
301,109.39,6,False,544,244,0,0,[],[],[],[],"[930, 310, 1230, 952, 744]","[723, 782, 766, 691, 651]","[11, 235, -98, 148, 58]","[32, 85, 63, 142, 125]","[1370, 1585, 1462, 343, 1424, 1271, 1292, 1554, 1348, 980, 1352, 998, 1198, 1136, 782, 769, 440, 1090, 601, 520]","[767, 68, 385, 158, 811, 89, 328, 846, 416, 2, 642, 804, 298, 873, 180, 638, 580, 672, 604, 635]","[-5, 4, 5, -4, 5, 3, 2, 4, 4, 0, 2, 5, 0, 4, -1, -4, 3, -4, -5, -5]","[0, -3, -1, -2, -1, -4, -4, -2, -2, -5, -4, 0, -5, 2, -5, -3, -4, -2, -1, 0]"
302,109.72,6,False,650,388,6,7,[702],[441],[3],[4],"[913, 406, 1156, 988, 752]","[723, 799, 772, 731, 691]","[-49, 294, -208, 88, 38]","[12, 45, 23, 122, 105]","[1270, 1562, 263, 1517, 1331, 1332, 1428, 1382, 1098, 1196, 1234, 762, 689, 500, 1010, 501, 420, 925, 396, 1191, 963, 811]","[767, 365, 118, 781, 9, 246, 376, 550, 804, 198, 900, 80, 578, 500, 632, 584, 635, 670, 725, 751, 662, 599]","[-5, 5, -4, 4, 3, 2, 4, 1, 5, -1, 5, -1, -4, 3, -4, -5, -5, -2, 2, -4, -2, 1]","[0, -1, -2, -2, -4, -5, -2, -5, 0, -5, 1, -5, -3, -4, -2, -1, 0, -4, -5, -3, -4, -5]"
303,110.06,6,False,726,350,2,-9,[762],[521],[3],[4],"[873, 524, 1044, 1000, 752]","[715, 799, 763, 767, 716]","[-96, 331, -299, 28, 18]","[-8, 5, -17, 92, 85]","[1170, 183, 1586, 1361, 1508, 1384, 1198, 1176, 609, 560, 930, 401, 320, 885, 436, 1111, 923, 831]","[766, 78, 717, 146, 327, 450, 789, 98, 518, 420, 592, 564, 635, 590, 625, 691, 582, 499]","[-5, -4, 2, 1, 4, 0, 5, -1, -4, 3, -4, -5, -5, -2, 2, -4, -2, 1]","[-1, -2, -4, -5, -3, -5, -1, -5, -3, -4, -2, -1, 0, -4, -5, -3, -4, -5]"
304,110.39,6,False,804,190,8,-4,[822],[601],[3],[4],"[815, 644, 898, 989, 750]","[695, 781, 743, 787, 736]","[-136, 344, -366, -32, -2]","[-28, -35, -50, 52, 65]","[1070, 103, 1381, 1588, 1372, 1287, 548, 620, 850, 301, 220, 845, 476, 1031, 883, 851, 876, 630, 997, 1047, 787]","[746, 38, 46, 267, 350, 755, 458, 340, 552, 544, 635, 510, 525, 631, 502, 399, 698, 780, 742, 777, 712]","[-5, -4, 1, 4, -1, 4, -3, 3, -4, -5, -5, -2, 2, -4, -2, 1, -1, 0, -1, 0, 0]","[-1, -2, -5, -3, -5, -2, -3, -4, -2, -1, 0, -4, -5, -3, -4, -5, -5, -5, -5, -5, -5]"
305,110.72,6,False,978,224,8,5,[873],[681],[2],[4],"[744, 764, 738, 955, 730]","[675, 748, 703, 788, 751]","[-161, 334, -399, -92, -22]","[-48, -74, -70, 12, 40]","[977, 1338, 1358, 488, 680, 770, 201, 120, 805, 516, 951, 843, 871, 856, 630, 977, 1047, 787]","[713, 260, 693, 394, 260, 512, 513, 615, 422, 437, 571, 422, 299, 598, 680, 642, 677, 612]","[-4, -2, 3, -3, 3, -4, -5, -5, -2, 2, -4, -2, 1, -1, 0, -1, 0, 0]","[-2, -4, -4, -4, -4, -2, -2, -1, -5, -4, -3, -4, -5, -5, -5, -5, -5, -5]"
306,111.06,6,False,1141,312,9,3,[],[],[],[],"[664, 560, 896, 710]","[637, 663, 774, 751]","[-172, -400, -151, -42]","[-62, -90, -28, 0]","[897, 1298, 1409, 428, 740, 690, 115, 20, 765, 556, 871, 803, 891, 836, 630, 957, 1047, 787]","[671, 180, 613, 314, 180, 454, 473, 591, 322, 357, 511, 342, 199, 498, 580, 542, 577, 512]","[-4, -2, 2, -3, 3, -4, -4, -5, -2, 2, -4, -2, 1, -1, 0, -1, 0, 0]","[-3, -4, -4, -4, -4, -3, -2, -2, -5, -4, -3, -4, -5, -5, -5, -5, -5, -5]"
307,111.39,6,False,1149,425,-7,7,[],[],[],[],"[594, 406, 816, 690, 106]","[612, 623, 754, 751, 617]","[-130, -328, -151, -12, 159]","[-22, -57, -28, 0, 40]","[817, 1241, 1449, 368, 800, 610, 35, 729, 596, 791, 763, 921, 816, 630, 937, 1047, 792, 787, 694, 954, 830, 217]","[611, 100, 529, 234, 117, 394, 433, 222, 277, 451, 242, 103, 398, 480, 442, 477, 412, 642, 683, 715, 746, 632]","[-4, -3, 2, -3, 3, -4, -4, -1, 2, -4, -2, 2, -1, 0, -1, 0, 1, 4, 5, 1, 4, 5]","[-3, -4, -5, -4, -3, -3, -2, -5, -4, -3, -5, -4, -5, -5, -5, -5, -5, -2, -1, -5, -2, -1]"
308,111.72,6,False,1203,470,8,-4,[1131],[541],[-3],[3],"[545, 286, 752, 685, 189]","[602, 600, 734, 751, 633]","[-70, -227, -135, 28, 299]","[18, -17, -12, 0, 80]","[756, 1180, 1470, 316, 869, 530, 709, 638, 711, 743, 964, 814, 630, 917, 1047, 812, 867, 794, 974, 910, 317]","[544, 30, 429, 154, 57, 334, 122, 197, 391, 142, 23, 298, 380, 342, 377, 312, 602, 663, 615, 706, 612]","[-3, -4, 1, -2, 4, -4, -1, 3, -4, -1, 3, 0, 0, -1, 0, 1, 4, 5, 1, 4, 5]","[-4, -3, -5, -4, -3, -3, -5, -4, -3, -5, -4, -5, -5, -5, -5, -5, -2, -1, -5, -2, -1]"
309,112.06,6,False,1269,370,-1,-9,[1071],[601],[-3],[3],"[519, 210, 692, 695, 325]","[607, 600, 723, 751, 664]","[-10, -107, -113, 68, 418]","[58, 23, 8, 0, 114]","[705, 1485, 276, 450, 689, 698, 631, 723, 814, 630, 897, 1047, 832, 947, 894, 994, 990, 417, 603, 323, 813, 761, 351]","[464, 329, 74, 274, 22, 117, 331, 42, 198, 280, 242, 277, 212, 562, 643, 515, 666, 592, 607, 625, 747, 766, 679]","[-2, 0, -2, -4, -1, 3, -4, -1, 0, 0, -1, 0, 1, 4, 5, 1, 4, 5, 4, 5, 5, 4, 5]","[-4, -5, -4, -3, -5, -4, -3, -5, -5, -5, -5, -5, -5, -2, -1, -5, -2, -1, -3, -1, -2, -2, -1]"
310,112.39,6,False,1247,318,0,0,[993],[661],[-4],[3],"[517, 186, 646, 715, 502]","[627, 607, 723, 751, 704]","[50, 28, -73, 94, 508]","[98, 63, 28, 0, 134]","[1485, 382, 758, 551, 814, 639, 877, 1047, 852, 1027, 994, 1014, 1070, 517, 683, 423, 913, 841, 451]","[229, 214, 37, 271, 98, 180, 142, 177, 112, 522, 623, 415, 626, 572, 547, 605, 707, 726, 659]","[0, -3, 3, -4, 0, 1, -1, 0, 1, 4, 5, 1, 4, 5, 4, 5, 5, 4, 5]","[-5, -3, -4, -3, -5, -5, -5, -5, -5, -2, -1, -5, -2, -1, -3, -1, -2, -2, -1]"
311,112.72,6,False,1314,471,6,7,[913],[721],[-4],[3],"[541, 216, 615, 750, 707]","[667, 629, 723, 751, 749]","[110, 162, -33, 114, 558]","[130, 103, 48, 0, 154]","[1485, 322, 488, 659, 857, 1047, 872, 1107, 1094, 1034, 1150, 617, 763, 523, 1001, 921, 551]","[129, 138, 211, 80, 42, 77, 12, 482, 587, 315, 586, 552, 487, 585, 667, 686, 639]","[0, -3, -3, 1, -1, 0, 1, 4, 5, 1, 4, 5, 4, 5, 4, 4, 5]","[-5, -4, -3, -5, -5, -5, -5, -2, -2, -5, -2, -1, -3, -1, -2, -2, -1]"
312,113.06,6,False,1315,600,-6,7,[],[],[],[],"[581, 287, 595, 784]","[707, 663, 723, 731]","[130, 242, -28, 94]","[110, 94, 28, -21]","[1477, 267, 428, 1187, 1194, 1054, 1230, 717, 843, 623, 1089, 1001, 651, 672, 367, 749, 899, 841]","[29, 58, 148, 442, 556, 215, 546, 532, 429, 565, 627, 646, 619, 678, 679, 738, 777, 735]","[-1, -2, -3, 4, 5, 1, 4, 5, 4, 5, 5, 4, 5, 4, 5, 5, 5, 4]","[-5, -4, -4, -2, -1, -5, -2, -1, -2, -1, -2, -2, -1, -2, 0, -1, -1, -3]"
313,113.39,5,False,1165,600,-7,6,[1229],[669],[-4],[3],"[621, 388, 575, 804]","[737, 683, 723, 711]","[140, 305, -8, 71]","[90, 74, 8, -41]","[368, 1267, 1294, 1090, 1310, 817, 923, 723, 1081, 751, 752, 467, 849, 999, 921]","[68, 402, 536, 115, 506, 512, 389, 545, 606, 599, 638, 679, 718, 757, 675]","[-3, 4, 5, 2, 4, 5, 4, 5, 4, 5, 4, 5, 5, 5, 4]","[-4, -2, -1, -5, -2, -1, -2, -1, -2, -1, -2, 0, -1, -1, -3]"
314,113.72,5,False,1240,600,9,1,[1149],[728],[-4],[3],"[661, 508, 568, 814, 1244]","[757, 703, 711, 680, 647]","[140, 347, 12, 31, -60]","[64, 54, -12, -61, 0]","[1347, 1394, 1130, 1390, 917, 1003, 823, 1161, 851, 832, 567, 949, 1099, 1001, 720, 544, 653, 889, 1240]","[362, 516, 21, 466, 492, 349, 525, 566, 579, 598, 679, 698, 737, 624, 755, 734, 765, 713, 682]","[4, 5, 2, 4, 5, 4, 5, 4, 5, 4, 5, 5, 5, 4, 3, 5, 5, 4, -5]","[-2, -1, -4, -2, -1, -2, -1, -2, -1, -2, 0, -1, -1, -2, -4, 0, 1, -2, 0]"
315,114.06,5,False,1261,519,-3,-9,[1069],[785],[-4],[2],"[701, 646, 568, 809, 1185]","[764, 707, 691, 640, 647]","[140, 361, 32, -9, -177]","[24, 34, -32, -76, 0]","[1427, 1494, 1470, 1017, 1083, 923, 1241, 951, 912, 667, 1049, 1199, 1081, 780, 644, 753, 969, 1140]","[322, 496, 426, 472, 309, 505, 526, 559, 558, 679, 678, 717, 584, 691, 734, 785, 673, 682]","[4, 5, 4, 5, 4, 5, 4, 5, 4, 5, 5, 5, 4, 3, 5, 5, 4, -5]","[-2, -1, -2, -1, -2, -1, -2, -1, -2, 0, -1, -1, -2, -3, 0, 1, -2, 0]"
316,114.39,4,False,1242,339,0,-9,[989],[825],[-4],[2],"[741, 785, 571, 789, 1083]","[756, 707, 669, 600, 647]","[120, 349, 52, -38, -275]","[-16, 14, -52, -76, 0]","[1507, 1594, 1550, 1117, 1163, 1023, 1051, 992, 767, 1149, 1299, 1161, 840, 744, 853, 1049, 1040]","[282, 476, 386, 452, 269, 485, 539, 518, 679, 658, 697, 544, 631, 734, 786, 633, 682]","[4, 5, 4, 5, 4, 5, 5, 4, 5, 5, 5, 4, 3, 5, 5, 4, -5]","[-2, -1, -2, -1, -2, -1, -1, -2, 0, -1, -1, -2, -3, 0, 0, -2, 0]"
317,114.72,4,False,1136,301,-9,-1,[909],[865],[-4],[2],"[781, 924, 596, 769, 955]","[736, 707, 648, 600, 647]","[140, 349, 112, -18, -309]","[-2, 34, -30, -36, 40]","[1587, 1217, 1243, 1123, 1151, 1072, 867, 1249, 1399, 1241, 900, 844, 953, 1129, 940, 890, 907, 678, 894, 1192]","[242, 432, 229, 465, 519, 478, 679, 638, 677, 504, 571, 734, 786, 593, 682, 782, 682, 633, 566, 622]","[4, 5, 4, 5, 5, 4, 5, 5, 5, 4, 3, 5, 5, 4, -5, 5, 4, 3, 3, 4]","[-2, -1, -2, -1, -1, -2, 0, -1, -1, -2, -3, 0, 0, -2, 0, -1, -3, -4, -4, -3]"
318,115.06,4,False,960,241,-8,-4,[],[],[],[],"[832, 1044, 639, 752, 815]","[735, 712, 634, 600, 663]","[150, 322, 155, 2, -317]","[18, 54, 10, 4, 68]","[1317, 1323, 1223, 1251, 1152, 967, 1349, 1497, 1321, 960, 944, 1053, 1209, 840, 990, 987, 738, 954, 1272]","[412, 189, 445, 499, 438, 679, 618, 638, 444, 511, 734, 786, 553, 682, 747, 622, 553, 486, 562]","[5, 4, 5, 5, 4, 5, 5, 4, 4, 3, 5, 5, 4, -5, 5, 4, 3, 3, 4]","[-1, -2, -1, -1, -2, 0, -1, -2, -3, -3, 0, 0, -2, 0, -2, -3, -4, -4, -3]"
319,115.39,4,False,815,197,-9,1,[],[],[],[],"[892, 1154, 699, 752, 677]","[735, 732, 635, 600, 683]","[150, 272, 195, 22, -297]","[38, 74, 50, 44, 88]","[1417, 1403, 1323, 1351, 1232, 1067, 1449, 1577, 1401, 1020, 1044, 1153, 1289, 740, 1079, 1067, 798, 1014, 1341, 880, 1130, 737, 817, 778]","[392, 149, 425, 479, 398, 679, 598, 598, 384, 451, 734, 786, 499, 663, 707, 562, 473, 406, 502, 730, 724, 629, 595, 664]","[5, 4, 5, 5, 4, 5, 5, 4, 4, 3, 5, 5, 4, -5, 4, 4, 3, 3, 3, -2, -2, 3, 3, 0]","[-1, -2, -1, -1, -2, 0, -1, -2, -3, -3, 0, 0, -3, -1, -2, -3, -4, -4, -3, -4, -4, -4, -4, -5]"
320,115.72,4,False,744,331,2,9,[],[],[],[],"[935, 1241, 776, 752, 558]","[744, 752, 655, 618, 712]","[133, 202, 216, 42, -250]","[58, 93, 86, 84, 108]","[1517, 1483, 1423, 1451, 1312, 1167, 1549, 1481, 1080, 1144, 1253, 1369, 642, 1159, 1147, 858, 1074, 1401, 840, 1090, 797, 877, 778]","[372, 109, 405, 459, 358, 679, 578, 324, 379, 734, 786, 439, 633, 667, 502, 393, 326, 425, 650, 644, 549, 515, 564]","[5, 4, 5, 5, 4, 5, 5, 4, 3, 5, 5, 4, -4, 4, 4, 3, 3, 3, -2, -2, 3, 3, 0]","[-1, -2, -1, -1, -2, 0, -1, -3, -4, 0, 0, -3, -2, -2, -3, -4, -4, -4, -4, -4, -4, -4, -5]"
321,116.06,4,False,653,327,-8,-4,[807],[481],[1],[5],"[975, 1294, 856, 765, 463]","[764, 772, 682, 651, 752]","[113, 122, 223, 62, -182]","[65, 93, 106, 124, 128]","[1563, 1523, 1551, 1392, 1267, 1561, 1140, 1244, 1353, 1449, 562, 1239, 1227, 918, 1134, 1455, 800, 1050, 837, 937, 778]","[69, 385, 439, 318, 679, 264, 299, 734, 786, 379, 593, 627, 442, 313, 246, 345, 570, 564, 469, 435, 464]","[4, 5, 5, 4, 5, 4, 3, 5, 5, 4, -4, 4, 4, 3, 3, 2, -2, -2, 2, 3, 0]","[-2, -1, -1, -2, 0, -3, -4, 0, 0, -3, -2, -2, -3, -4, -4, -4, -4, -4, -4, -4, -5]"
322,116.39,4,False,492,247,-9,-4,[827],[581],[1],[5],"[999, 1305, 927, 777, 388]","[771, 792, 708, 691, 786]","[53, -14, 175, 42, -138]","[25, 53, 86, 104, 88]","[1472, 1367, 1200, 1344, 1453, 1529, 482, 1319, 1293, 978, 1178, 1493, 760, 1010, 877, 997, 778, 984, 1263, 873, 712, 586]","[263, 679, 219, 734, 784, 319, 548, 572, 382, 233, 166, 259, 490, 484, 389, 355, 364, 732, 780, 631, 679, 741]","[4, 5, 3, 5, 5, 4, -4, 4, 3, 3, 2, 1, -2, -2, 2, 3, 0, -2, -4, -2, -5, 4]","[-3, 0, -4, 0, -1, -3, -3, -3, -3, -4, -4, -5, -4, -4, -4, -4, -5, -4, -2, -5, -1, -3]"
323,116.72,4,False,312,209,-9,0,[837],[681],[0],[5],"[997, 1263, 975, 777, 336]","[763, 793, 728, 715, 805]","[-7, -139, 115, 22, -78]","[-15, 13, 66, 84, 48]","[1552, 1467, 1257, 1444, 1553, 1590, 402, 1398, 1353, 1038, 1218, 1505, 720, 962, 911, 1049, 778, 944, 1183, 833, 612, 666]","[203, 679, 139, 734, 764, 253, 488, 512, 313, 153, 86, 159, 410, 404, 297, 275, 264, 652, 740, 540, 656, 681]","[4, 5, 2, 5, 5, 3, -4, 3, 3, 3, 2, 0, -2, -3, 1, 2, 0, -2, -4, -2, -5, 4]","[-3, 0, -4, 0, -1, -4, -3, -3, -4, -4, -4, -5, -4, -4, -5, -4, -5, -4, -2, -4, -2, -3]"
324,117.06,4,False,170,315,-4,9,[837],[781],[0],[5],"[971, 1173, 1000, 777, 307]","[743, 779, 744, 735, 805]","[-67, -254, 55, 2, -18]","[-48, -27, 46, 64, 8]","[1567, 1297, 1544, 322, 1458, 1413, 1094, 1498, 680, 902, 925, 1089, 778, 904, 1103, 793, 512, 746, 995, 1210, 1010, 802, 351]","[669, 59, 732, 428, 439, 233, 73, 59, 330, 324, 197, 195, 164, 572, 700, 460, 616, 621, 771, 809, 748, 711, 790]","[5, 2, 5, -4, 3, 3, 2, -1, -2, -3, 0, 2, 0, -2, -4, -2, -5, 4, -4, -5, -3, -1, 0]","[-1, -4, -1, -3, -4, -4, -4, -5, -4, -4, -5, -4, -5, -4, -2, -4, -2, -3, -3, -2, -4, -5, -5]"
325,117.39,4,False,161,483,9,0,[837],[881],[0],[5],"[922, 1042, 995, 759, 302]","[705, 750, 744, 749, 788]","[-127, -346, -19, -18, 42]","[-68, -67, 26, 44, -32]","[242, 1505, 1466, 640, 842, 925, 1129, 764, 864, 1023, 746, 412, 810, 915, 1110, 950, 775, 351]","[368, 359, 153, 250, 244, 97, 110, 64, 492, 660, 380, 576, 561, 711, 769, 668, 611, 690]","[-4, 2, 2, -2, -3, 0, 2, -1, -2, -4, -3, -5, 3, -4, -5, -3, -2, 0]","[-3, -4, -4, -4, -4, -5, -5, -5, -4, -2, -4, -2, -3, -3, -2, -4, -5, -5]"
326,117.72,4,False,300,365,7,-6,[],[],[],[],"[849, 879, 965, 739, 321]","[665, 710, 744, 749, 757]","[-175, -410, -79, -38, 102]","[-88, -87, 6, 24, -72]","[162, 1529, 1506, 594, 782, 901, 1156, 822, 943, 686, 312, 870, 835, 1010, 890, 735, 351]","[308, 260, 73, 170, 171, 1, 10, 412, 620, 300, 536, 486, 651, 729, 588, 511, 590]","[-4, 0, 2, -3, -3, -2, 1, -3, -4, -3, -5, 3, -4, -5, -3, -2, 0]","[-3, -5, -4, -4, -3, -4, -5, -4, -2, -4, -2, -4, -3, -2, -4, -5, -5]"
327,118.06,4,False,439,401,4,8,[],[],[],[],"[769, 701, 925, 719, 373]","[625, 670, 744, 749, 717]","[-168, -399, -99, -18, 202]","[-56, -67, 26, 44, -56]","[82, 1529, 534, 721, 762, 863, 626, 223, 930, 755, 910, 830, 695, 351, 812, 811, 918, 673, 332]","[248, 160, 90, 111, 332, 580, 220, 496, 406, 591, 689, 508, 414, 490, 670, 709, 739, 764, 724]","[-4, 0, -3, -4, -3, -4, -3, -4, 3, -4, -5, -3, -2, 0, -4, -5, -4, -5, -2]","[-3, -5, -4, -3, -4, -2, -4, -2, -4, -3, -2, -4, -4, -5, -2, -2, -2, -1, -4]"
328,118.41,4,False,453,438,-3,-9,[534],[563],[2],[4],"[692, 541, 866, 702, 463]","[603, 637, 744, 764, 692]","[-146, -353, -108, 2, 289]","[-16, -37, 46, 51, -36]","[2, 1509, 474, 641, 702, 783, 566, 143, 990, 675, 810, 770, 655, 351, 732, 711, 838, 573, 292]","[188, 62, 10, 51, 252, 540, 157, 456, 326, 531, 649, 439, 334, 390, 630, 669, 699, 744, 644]","[-4, -2, -3, -4, -3, -4, -3, -4, 3, -4, -5, -3, -2, 0, -4, -5, -4, -5, -2]","[-3, -4, -4, -3, -4, -2, -3, -2, -4, -3, -2, -3, -4, -5, -2, -2, -2, -1, -4]"
329,118.74,4,False,413,258,-1,-9,[574],[643],[2],[4],"[632, 407, 806, 702, 584]","[600, 619, 761, 784, 672]","[-106, -279, -108, 22, 356]","[24, 3, 56, 51, -16]","[642, 703, 492, 63, 1038, 595, 710, 710, 615, 351, 652, 611, 758, 473, 252, 654, 514, 827, 737, 547]","[172, 500, 97, 416, 246, 471, 609, 379, 254, 290, 590, 629, 659, 724, 564, 615, 616, 786, 760, 681]","[-3, -4, -4, -4, 2, -4, -5, -3, -2, 0, -4, -5, -4, -5, -2, -4, 1, -5, 0, -2]","[-4, -2, -3, -2, -4, -3, -2, -3, -4, -5, -2, -2, -2, -1, -4, -2, -5, -1, -5, -4]"
330,119.07,4,False,383,306,-7,6,[614],[723],[2],[4],"[590, 305, 757, 702, 724]","[608, 619, 781, 804, 657]","[-61, -181, -90, 42, 396]","[64, 43, 56, 51, 4]","[582, 623, 412, 1078, 515, 610, 650, 575, 351, 572, 523, 678, 373, 212, 574, 534, 727, 737, 507]","[92, 460, 37, 166, 411, 569, 319, 174, 190, 550, 589, 619, 684, 476, 575, 516, 766, 660, 601]","[-3, -4, -4, 2, -4, -5, -3, -2, 0, -4, -4, -4, -5, -2, -4, 1, -5, 0, -2]","[-4, -2, -3, -4, -3, -2, -3, -4, -5, -2, -2, -2, -2, -5, -2, -5, -1, -5, -4]"
331,119.4,4,False,255,434,-4,8,[654],[803],[2],[4],"[567, 247, 717, 715, 881]","[631, 636, 801, 802, 657]","[-1, -63, -70, 62, 406]","[104, 83, 56, 51, 24]","[522, 543, 1108, 435, 510, 590, 535, 351, 492, 443, 598, 291, 172, 494, 554, 627, 737, 467]","[12, 420, 68, 351, 529, 259, 94, 90, 510, 549, 579, 644, 376, 535, 416, 746, 560, 521]","[-3, -4, 1, -4, -5, -3, -2, 0, -4, -4, -4, -4, -2, -4, 1, -5, 0, -2]","[-4, -2, -5, -3, -2, -3, -4, -5, -2, -2, -2, -2, -5, -2, -5, -1, -5, -4]"
332,119.74,4,False,232,471,-7,6,[694],[883],[2],[4],"[567, 229, 677, 727, 1023]","[665, 656, 804, 802, 657]","[19, 17, -79, 42, 346]","[94, 78, 16, 11, 4]","[458, 355, 410, 522, 495, 412, 363, 518, 211, 132, 414, 574, 527, 737, 427, 502, 292, 702, 651, 864]","[380, 291, 489, 199, 14, 470, 509, 539, 604, 276, 495, 316, 726, 460, 441, 628, 584, 769, 817, 612]","[-5, -4, -5, -4, -2, -4, -4, -4, -4, -2, -4, 1, -5, 0, -2, -5, 0, -3, -5, -3]","[-2, -3, -2, -3, -4, -2, -2, -2, -2, -5, -2, -5, -1, -5, -4, -2, -5, -4, -1, -4]"
333,120.07,3,False,180,600,5,8,[],[],[],[],"[567, 241, 637, 727, 1134]","[685, 676, 792, 787, 641]","[39, 97, -79, 22, 260]","[74, 58, -24, -29, -7]","[358, 275, 310, 442, 332, 283, 438, 92, 334, 594, 427, 737, 387, 402, 292, 642, 551, 804]","[340, 248, 449, 139, 430, 469, 499, 176, 455, 216, 706, 360, 361, 588, 484, 689, 797, 532]","[-5, -4, -5, -4, -4, -4, -4, -2, -4, 1, -5, 0, -2, -5, 0, -3, -5, -3]","[-2, -2, -2, -3, -2, -2, -2, -5, -2, -5, -1, -5, -4, -2, -5, -4, -1, -4]"
334,120.4,3,False,343,592,9,-2,[],[],[],[],"[577, 288, 597, 727, 1208]","[705, 684, 765, 757, 621]","[59, 177, -78, 2, 158]","[54, 38, -64, -69, -7]","[258, 195, 210, 362, 252, 192, 358, 52, 254, 607, 327, 737, 347, 302, 292, 582, 451, 744, 587, 338, 622, 732, 1172]","[300, 208, 409, 79, 390, 429, 459, 76, 415, 116, 686, 260, 281, 548, 384, 609, 777, 453, 705, 699, 808, 780, 672]","[-5, -4, -5, -4, -4, -5, -4, -2, -4, 0, -5, 0, -2, -5, 0, -3, -5, -3, -3, 4, -4, -3, -5]","[-2, -2, -2, -3, -2, -2, -2, -5, -2, -5, -1, -5, -4, -2, -5, -4, -1, -3, -4, -2, -2, -3, 0]"
335,120.74,2,False,517,542,9,0,[],[],[],[],"[597, 363, 557, 709, 1236]","[709, 684, 725, 717, 601]","[79, 242, -58, -18, 38]","[34, 18, -92, -93, -7]","[158, 115, 110, 282, 169, 92, 278, 154, 607, 227, 736, 307, 202, 292, 351, 684, 527, 418, 542, 672, 1072]","[260, 168, 369, 19, 350, 389, 419, 375, 16, 658, 160, 201, 508, 284, 757, 393, 625, 659, 768, 720, 672]","[-5, -4, -5, -4, -5, -5, -4, -5, 0, -5, -1, -2, -5, 0, -5, -3, -3, 4, -4, -3, -5]","[-2, -2, -2, -3, -2, -2, -2, -2, -5, -2, -5, -4, -2, -5, -1, -3, -4, -2, -2, -3, 0]"
336,121.07,2,False,697,542,9,0,[],[],[],[],"[617, 461, 530, 689, 1216]","[709, 682, 673, 664, 600]","[83, 290, -38, -27, -82]","[14, -2, -112, -113, -7]","[58, 35, 10, 69, 198, 54, 127, 716, 267, 102, 292, 251, 624, 467, 498, 462, 612, 972]","[237, 128, 329, 310, 379, 335, 618, 60, 121, 468, 184, 737, 333, 545, 619, 728, 660, 672]","[-5, -4, -5, -5, -4, -5, -5, -1, -2, -5, 0, -5, -3, -3, 4, -4, -3, -5]","[-1, -2, -2, -2, -2, -2, -2, -5, -4, -2, -5, -1, -3, -4, -2, -2, -3, 0]"
337,121.4,2,False,729,573,-9,3,[776],[617],[-5],[2],"[649, 582, 518, 676, 1160]","[709, 681, 624, 616, 600]","[123, 357, 22, 13, -149]","[34, 18, -80, -78, 33]","[118, 37, 227, 2, 315, 151, 564, 407, 578, 382, 552, 872, 693, 473, 653, 712, 1161]","[339, 578, 41, 428, 85, 702, 273, 465, 579, 688, 600, 672, 644, 812, 774, 605, 607]","[-4, -4, -2, -5, 2, -5, -3, -3, 4, -4, -3, -5, 2, -1, 4, -1, -5]","[-2, -2, -4, -2, -4, -2, -3, -4, -2, -2, -3, 0, -5, 5, 3, -5, -2]"
338,131.39,0,False,702,582,-9,3,[761],[623],[-5],[2],"[655, 603, 518, 676, 1148]","[709, 681, 618, 610, 600]","[129, 366, 31, 19, -158]","[37, 21, -74, -72, 39]","[106, 25, 221, 321, 136, 555, 398, 590, 370, 543, 857, 470, 665, 1146]","[333, 572, 29, 73, 696, 264, 453, 573, 682, 591, 672, 827, 783, 601]","[-4, -4, -2, 2, -5, -3, -3, 4, -4, -3, -5, -1, 4, -5]","[-2, -2, -4, -4, -2, -3, -4, -2, -2, -3, 0, 5, 3, -2]"
339,131.68,10,False,716,436,-5,8,[],[],[],[],[373],[814],[51],[-35],[],[],[],[]
340,131.97,10,False,619,582,0,0,[],[],[],[],[397],[770],[111],[-75],[],[],[],[]
341,132.26,10,False,740,487,9,-2,[],[],[],[],"[442, 1400]","[730, 680]","[167, -122]","[-91, -3]",[],[],[],[]
342,132.55,10,False,880,467,-4,9,[],[],[],[],"[514, 1320]","[690, 678]","[244, -222]","[-71, 17]",[],[],[],[]
343,132.85,10,False,728,573,-9,3,[],[],[],[],"[615, 1204, 992]","[650, 678, 689]","[302, -306, -26]","[-51, 37, 17]",[],[],[],[]
344,133.14,10,False,571,477,-8,-5,[],[],[],[],"[735, 1058, 972]","[630, 686, 689]","[337, -362, -46]","[-11, 57, 37]",[],[],[],[]
345,133.44,10,False,442,425,0,0,[],[],[],[],"[855, 898, 936, 1172]","[625, 706, 697, 672]","[348, -390, -66, -51]","[29, 77, 57, 17]",[],[],[],[]
346,133.74,10,False,506,493,7,7,[],[],[],[],"[975, 738, 896, 1127]","[635, 726, 717, 672]","[322, -397, -98, -125]","[55, 83, 63, 23]",[],[],[],[]
347,134.07,10,False,585,510,-3,-9,[645],[643],[4],[5],"[1080, 564, 837, 1048, 688]","[655, 746, 730, 672, 787]","[247, -398, -138, -213, -5]","[51, 63, 43, 3, -34]",[],[],[],[]
348,134.4,10,False,694,377,8,-5,[725],[743],[4],[5],"[1150, 404, 763, 937, 668]","[656, 755, 730, 655, 755]","[153, -366, -169, -283, -5]","[31, 28, 23, -17, -74]",[],[],[],[]
349,134.73,10,False,793,373,9,0,[],[],[],[],"[1180, 259, 802, 648]","[656, 749, 635, 715]","[53, -302, -329, -5]","[11, -11, -22, -97]",[],[],[],[]
350,135.04,10,False,964,378,9,2,[],[],[],[],"[1170, 147, 662, 628]","[647, 729, 615, 658]","[-47, -212, -345, -5]","[-6, -31, -22, -117]",[],[],[],[]
351,135.34,10,False,865,469,-8,4,[],[],[],[],"[1120, 75, 522, 613, 1045]","[632, 709, 600, 600, 725]","[-133, -90, -320, 9, -54]","[8, -37, -8, -106, -3]",[],[],[],[]
352,135.63,10,False,770,507,8,-4,[],[],[],[],"[1045, 63, 399, 613, 1005]","[632, 689, 600, 600, 723]","[-180, 70, -244, 49, -94]","[48, -17, 32, -66, 17]",[],[],[],[]
353,135.93,10,False,950,473,9,-2,[],[],[],[],"[955, 115, 313, 633, 948]","[652, 673, 612, 600, 723]","[-211, 227, -144, 89, -117]","[87, 3, 72, -26, 37]",[],[],[],[]
354,136.24,10,False,884,531,-9,3,[931],[574],[-6],[2],"[855, 225, 269, 668, 888]","[680, 673, 639, 600, 731]","[-222, 364, -29, 129, -133]","[107, 23, 112, 14, 57]",[],[],[],[]
355,136.55,10,False,840,523,9,-3,[811],[614],[-6],[2],"[755, 386, 272, 718, 828]","[720, 673, 679, 603, 751]","[-213, 475, 91, 164, -133]","[127, 43, 138, 54, 77]",[],[],[],[]
356,136.84,10,False,1020,501,9,0,[],[],[],[],"[664, 581, 322, 768]","[760, 686, 722, 771]","[-198, 535, 190, -137]","[129, 49, 144, 63]",[],[],[],[]
357,137.13,10,False,1047,497,9,-1,[],[],[],[],"[584, 781, 400, 701, 1161]","[794, 686, 762, 777, 727]","[-194, 529, 250, -157, -85]","[89, 29, 119, 23, -17]",[],[],[],[]
358,137.43,10,False,1218,492,9,0,[],[],[],[],"[504, 975, 500, 621, 1097]","[813, 686, 791, 768, 707]","[-174, 483, 291, -158, -185]","[49, 9, 79, -17, -37]",[],[],[],[]
359,137.73,10,False,1154,544,-9,3,[1198],[588],[-6],[2],"[432, 1144, 613, 548, 996]","[813, 675, 805, 744, 680]","[-135, 401, 310, -144, -265]","[9, -11, 39, -54, -57]",[],[],[],[]
360,138.04,10,False,974,568,-9,-1,[1078],[628],[-6],[2],"[377, 1272, 733, 488, 867]","[797, 655, 804, 704, 640]","[-86, 290, 305, -120, -321]","[-31, -31, -1, -74, -72]",[],[],[],[]
361,138.34,10,False,794,557,-9,-1,[958],[668],[-6],[2],"[346, 1352, 838, 439, 727]","[766, 635, 784, 664, 600]","[-12, 170, 292, -66, -337]","[-57, -22, -27, -80, -58]",[],[],[],[]
362,138.65,10,False,714,545,0,0,[838],[714],[-6],[3],"[352, 1390, 938, 420, 588]","[732, 625, 764, 626, 600]","[88, 70, 285, 14, -300]","[-45, 18, -27, -47, -18]",[],[],[],[]
363,138.95,10,False,700,521,0,0,[718],[774],[-6],[3],"[398, 1388, 1038, 432, 472]","[712, 630, 744, 606, 600]","[188, -30, 258, 94, -235]","[-25, 58, -21, -7, 22]",[],[],[],[]
364,139.25,10,False,781,446,0,0,[615],[817],[-5],[2],"[481, 1346, 1122, 478, 384]","[692, 650, 724, 603, 607]","[269, -130, 213, 174, -151]","[-5, 98, -1, 33, 62]",[],[],[],[]
365,139.55,10,False,703,496,-7,6,[515],[857],[-5],[2],"[593, 1264, 1186, 552, 334]","[688, 690, 724, 615, 629]","[333, -223, 153, 242, -51]","[15, 119, 19, 73, 102]",[],[],[],[]
366,139.87,10,False,598,535,-9,-1,"[415, 665]","[893, 611]","[-5, -4]","[1, 3]","[726, 1148, 1221, 650, 324]","[688, 730, 724, 635, 669]","[358, -309, 66, 279, 35]","[21, 125, 25, 99, 119]","[691, 1195, 1215, 689, 380]","[695, 762, 738, 649, 664]","[-4, -5, -5, 4, 3]","[-4, 0, -3, -3, -4]"
367,140.2,10,False,499,529,-9,0,[585],[671],[-4],[3],"[854, 996, 1213, 750, 340]","[688, 768, 724, 655, 708]","[330, -396, -54, 270, 95]","[1, 96, 5, 95, 99]","[611, 1095, 1115, 769, 440]","[615, 762, 678, 589, 584]","[-4, -5, -5, 4, 3]","[-4, 0, -3, -3, -4]"
368,140.53,9,False,545,428,8,-5,[505],[731],[-4],[3],"[966, 817, 1157, 845, 381]","[669, 788, 709, 675, 728]","[278, -447, -161, 241, 155]","[-19, 56, -15, 75, 79]","[531, 995, 1015, 849]","[535, 762, 618, 529]","[-4, -5, -5, 4]","[-4, 0, -3, -3]"
369,140.87,9,False,705,328,8,-5,[],[],[],[],"[1054, 618, 1063, 923]","[649, 791, 689, 695]","[205, -461, -254, 195]","[-38, 16, -35, 55]","[456, 895, 915, 929, 993, 842, 1098, 818, 488]","[455, 762, 558, 458, 621, 741, 730, 704, 691]","[-3, -5, -5, 4, -2, 1, -5, -5, 3]","[-4, 0, -3, -4, -5, -5, -1, -1, -5]"
370,141.2,9,False,792,247,0,0,[],[],[],[],"[1108, 426, 934, 978]","[629, 779, 664, 700]","[122, -435, -325, 135]","[-38, -24, -55, 35]","[396, 795, 815, 1009, 953, 862, 998, 718, 548]","[375, 762, 498, 378, 521, 641, 710, 684, 591]","[-3, -5, -5, 4, -2, 1, -5, -5, 3]","[-4, 0, -3, -4, -5, -5, -1, -1, -5]"
371,141.54,9,False,812,216,0,0,[],[],[],[],"[1127, 254, 784, 1009, 1042]","[609, 759, 626, 700, 672]","[36, -359, -354, 81, -14]","[-24, -50, -48, 29, 7]","[336, 695, 715, 1089, 913, 882, 898, 618, 608, 1140, 376, 881, 1045, 1062]","[295, 762, 438, 298, 421, 541, 690, 657, 501, 650, 790, 643, 700, 679]","[-3, -5, -5, 4, -2, 1, -5, -5, 3, -5, 5, 1, 1, -3]","[-4, 0, -3, -4, -5, -5, -1, -2, -4, -2, -2, -5, -5, -4]"
372,141.87,9,False,925,309,8,4,[],[],[],[],"[1119, 128, 641, 1024, 1020]","[600, 739, 606, 700, 672]","[-24, -227, -326, 41, -54]","[16, -39, -8, 49, 27]","[276, 595, 615, 1150, 873, 902, 798, 518, 668, 1040, 476, 901, 1065, 1002]","[212, 742, 378, 218, 321, 441, 654, 617, 421, 610, 750, 543, 600, 599]","[-3, -5, -5, 3, -2, 1, -5, -5, 3, -5, 5, 1, 1, -3]","[-5, -1, -3, -4, -5, -5, -2, -2, -4, -2, -2, -5, -5, -4]"
373,142.2,9,False,1096,351,9,0,[],[],[],[],"[1087, 59, 511, 1024, 980]","[604, 719, 603, 720, 672]","[-78, -74, -272, 1, -84]","[56, -19, 32, 69, 47]","[225, 495, 535, 1210, 833, 922, 698, 418, 728, 940, 576, 921, 1085, 942]","[112, 722, 318, 138, 221, 341, 614, 577, 341, 570, 710, 443, 500, 519]","[-2, -5, -4, 3, -2, 1, -5, -5, 3, -5, 5, 1, 1, -3]","[-5, -1, -3, -4, -5, -5, -2, -2, -4, -2, -2, -5, -5, -4]"
374,142.54,9,False,1269,376,5,8,[],[],[],[],"[1038, 53, 408, 1004, 936]","[624, 701, 615, 740, 690]","[-118, 86, -194, -39, -104]","[96, 1, 72, 89, 67]","[185, 395, 455, 1275, 793, 944, 598, 325, 788, 840, 676, 948, 1105, 882, 1041, 187, 607, 1089, 1104]","[12, 702, 258, 58, 121, 241, 574, 521, 261, 530, 670, 343, 400, 439, 655, 747, 604, 688, 703]","[-2, -5, -4, 4, -2, 2, -5, -4, 3, -5, 5, 2, 1, -3, -5, 5, 5, 2, 5]","[-5, -1, -3, -4, -5, -5, -2, -3, -4, -2, -2, -5, -5, -4, 0, -1, -2, -5, -2]"
375,142.87,9,False,1152,497,-8,5,[1225],[528],[-5],[3],"[977, 111, 340, 971, 876]","[663, 701, 642, 770, 710]","[-151, 244, -96, -63, -116]","[130, 21, 112, 100, 87]","[295, 375, 771, 984, 498, 245, 859, 740, 776, 988, 1125, 822, 941, 287, 707, 1129, 1204]","[682, 198, 21, 141, 534, 457, 181, 490, 630, 243, 300, 359, 655, 727, 564, 588, 663]","[-5, -4, -1, 2, -5, -4, 4, -5, 5, 2, 1, -3, -5, 5, 5, 2, 5]","[-1, -3, -5, -5, -2, -4, -4, -2, -2, -5, -5, -4, 0, -1, -2, -5, -2]"
376,143.2,8,False,1237,427,6,-7,[1125],[588],[-5],[3],"[897, 229, 311, 931, 816]","[703, 701, 682, 803, 731]","[-185, 366, -10, -97, -130]","[136, 27, 123, 86, 93]","[195, 295, 1027, 400, 177, 939, 640, 876, 1028, 1145, 762, 841, 387, 807, 1304, 976, 258, 398, 1011, 913]","[652, 138, 41, 475, 377, 104, 450, 590, 143, 200, 279, 655, 707, 524, 623, 703, 736, 716, 816, 748]","[-5, -4, 3, -4, -3, 4, -5, 5, 2, 1, -3, -5, 5, 5, 5, 2, 5, 5, 3, 5]","[-2, -3, -5, -3, -4, -3, -2, -2, -5, -5, -4, 0, -1, -2, -2, -5, 0, 0, -4, -3]"
377,143.54,8,False,1214,363,0,0,[1025],[648],[-5],[3],"[804, 381, 309, 872, 750]","[743, 701, 722, 812, 751]","[-225, 436, 50, -148, -156]","[116, 7, 103, 46, 73]","[95, 215, 320, 139, 1019, 540, 976, 1083, 1173, 702, 741, 487, 907, 1404, 1016, 358, 498, 1071, 1013]","[612, 72, 415, 278, 44, 410, 550, 45, 100, 195, 646, 687, 484, 583, 603, 736, 716, 736, 688]","[-5, -4, -4, -1, 4, -5, 5, 3, 2, -3, -5, 5, 5, 5, 2, 5, 5, 3, 5]","[-2, -4, -3, -5, -3, -2, -2, -4, -5, -5, -1, -1, -2, -2, -5, 0, 0, -4, -3]"
378,143.87,8,False,1079,354,-9,-2,[925],[708],[-5],[3],"[704, 556, 333, 793, 670]","[773, 688, 745, 812, 762]","[-246, 473, 110, -187, -169]","[80, -13, 83, 6, 33]","[240, 141, 440, 1076, 642, 641, 587, 1007, 1504, 1056, 458, 598, 1131, 1113]","[341, 178, 361, 510, 95, 617, 667, 444, 543, 503, 736, 716, 656, 628]","[-4, 1, -5, 5, -3, -5, 5, 5, 5, 2, 5, 5, 3, 5]","[-4, -5, -3, -2, -5, -2, -1, -2, -2, -5, 0, 0, -4, -3]"
379,144.2,8,False,944,336,-9,1,[825],[768],[-5],[3],"[604, 736, 380, 706, 590]","[788, 668, 764, 795, 758]","[-247, 475, 170, -207, -167]","[40, -33, 49, -34, -7]","[180, 185, 346, 1176, 552, 687, 1107, 1096, 558, 698, 1191, 1213, 793, 716, 456, 836, 740]","[259, 84, 301, 470, 563, 647, 404, 403, 736, 716, 576, 568, 750, 689, 745, 768, 729]","[-3, 3, -4, 5, -4, 5, 5, 2, 5, 5, 3, 5, 4, 5, 4, 1, 3]","[-5, -4, -3, -2, -3, -1, -2, -5, 0, 0, -4, -3, -4, -2, -3, -5, -4]"
380,144.54,8,False,926,338,0,0,[725],[828],[-5],[3],"[504, 912, 449, 606, 514]","[788, 645, 764, 763, 738]","[-228, 442, 217, -209, -147]","[0, -51, 9, -74, -35]","[138, 262, 266, 1276, 489, 787, 1207, 1134, 658, 798, 1251, 1295, 873, 816, 536, 856, 800]","[159, 15, 241, 430, 479, 627, 364, 303, 732, 716, 496, 508, 670, 649, 685, 668, 649]","[-1, 4, -4, 5, -2, 5, 5, 1, 5, 5, 3, 4, 4, 5, 4, 1, 3]","[-5, -3, -3, -2, -5, -1, -2, -5, -1, 0, -4, -3, -4, -2, -3, -5, -4]"
381,144.87,8,False,836,370,0,0,[625],[888],[-5],[3],"[411, 1066, 534, 516, 455]","[768, 612, 748, 723, 718]","[-175, 388, 264, -177, -98]","[-26, -37, -15, -87, -41]","[127, 186, 1376, 466, 887, 1307, 1154, 758, 898, 1311, 1375, 953, 916, 616, 876, 860, 498, 1035, 568, 608, 551]","[59, 181, 390, 379, 607, 324, 203, 712, 716, 408, 448, 590, 609, 625, 568, 569, 781, 636, 768, 754, 761]","[0, -4, 5, 0, 5, 5, 1, 5, 5, 3, 4, 4, 5, 4, 1, 3, 3, -4, 3, 3, 5]","[-5, -3, -2, -5, -1, -2, -5, -1, 0, -5, -3, -4, -2, -3, -5, -4, -5, -3, -4, -4, -1]"
382,145.2,8,False,834,379,0,0,[],[],[],[],"[351, 1200, 643, 449, 424]","[748, 600, 734, 683, 698]","[-78, 333, 317, -101, -18]","[-24, 3, 5, -67, -21]","[106, 1476, 473, 987, 1407, 1162, 858, 998, 1366, 1455, 1033, 1016, 696, 896, 920, 558, 955, 628, 668, 651]","[107, 350, 279, 587, 284, 103, 692, 716, 308, 388, 510, 555, 565, 468, 489, 681, 576, 688, 674, 741]","[-4, 5, 1, 5, 5, 0, 5, 5, 2, 4, 4, 5, 4, 1, 3, 3, -4, 3, 3, 5]","[-4, -2, -5, -1, -2, -5, -1, 0, -5, -3, -4, -3, -3, -5, -4, -5, -3, -4, -4, -1]"
383,145.54,8,False,699,362,-9,1,[],[],[],[],"[331, 1308, 763, 417, 424]","[728, 600, 734, 647, 678]","[22, 253, 347, -21, 62]","[-4, 43, 25, -44, -1]","[38, 1576, 520, 1087, 1507, 1158, 958, 1098, 1406, 1535, 1113, 1116, 776, 916, 980, 618, 875, 688, 728, 751]","[27, 310, 187, 567, 244, 3, 672, 708, 208, 328, 430, 495, 505, 368, 409, 581, 516, 608, 594, 721]","[-3, 5, 3, 5, 5, -1, 5, 5, 2, 4, 4, 5, 4, 1, 3, 3, -4, 3, 3, 5]","[-4, -2, -4, -1, -2, -5, -1, -1, -5, -3, -4, -3, -3, -5, -4, -5, -3, -4, -4, -1]"
384,145.87,8,False,519,385,-9,2,[],[],[],[],"[351, 1378, 901, 415, 455]","[725, 617, 734, 627, 678]","[122, 153, 353, 59, 142]","[16, 83, 45, -4, 19]","[595, 1187, 1058, 1198, 1446, 1193, 1203, 856, 936, 1040, 678, 795, 748, 788, 851, 400, 1281, 824, 547, 463]","[116, 547, 652, 688, 108, 350, 435, 445, 268, 329, 481, 456, 528, 513, 699, 675, 609, 684, 641, 628]","[4, 5, 5, 5, 2, 4, 4, 4, 1, 3, 3, -4, 3, 3, 5, 2, -5, 0, 5, 0]","[-3, -1, -1, -1, -5, -4, -3, -3, -5, -4, -5, -3, -4, -5, -2, -5, -2, -5, -3, -5]"
385,146.2,8,False,349,462,-8,4,[],[],[],[],"[411, 1407, 1024, 445, 520]","[725, 649, 750, 626, 678]","[220, 46, 330, 139, 218]","[36, 123, 65, 36, 39]","[689, 1287, 1158, 1298, 1467, 1255, 1283, 936, 956, 1100, 738, 715, 808, 848, 951, 440, 1181, 823, 631, 463]","[75, 527, 632, 668, 8, 270, 375, 385, 168, 233, 381, 396, 448, 413, 659, 575, 569, 584, 581, 528]","[5, 5, 5, 5, 1, 3, 4, 4, 1, 3, 3, -4, 3, 3, 5, 2, -5, -1, 4, 0]","[-1, -1, -1, -1, -5, -4, -3, -3, -5, -5, -5, -3, -4, -5, -2, -5, -2, -5, -3, -5]"
386,146.54,8,False,205,530,-3,9,[],[],[],[],"[504, 1389, 1137, 506, 610]","[725, 689, 770, 640, 683]","[286, -82, 269, 204, 263]","[42, 130, 52, 62, 45]","[751, 1387, 1258, 1398, 1315, 1363, 1016, 959, 1149, 798, 627, 863, 897, 1051, 480, 1081, 803, 711, 463, 495, 1411, 1113, 501, 586]","[127, 507, 612, 648, 190, 311, 325, 68, 133, 281, 336, 352, 313, 619, 475, 531, 484, 521, 428, 725, 709, 798, 657, 730]","[0, 5, 5, 5, 3, 4, 4, 0, 2, 3, -5, 2, 2, 5, 2, -5, -1, 4, 0, -2, -5, -5, -4, -5]","[5, -1, -1, -1, -4, -4, -3, -5, -5, -5, -3, -5, -5, -2, -5, -1, -5, -3, -5, -5, -2, -1, -3, 1]"
387,146.87,8,False,343,600,9,0,[367],[635],[5],[0],"[611, 1316, 1213, 586, 710]","[725, 729, 771, 660, 683]","[305, -222, 165, 224, 262]","[22, 110, 12, 53, 25]","[712, 1487, 1358, 1498, 1375, 1438, 1096, 1189, 839, 527, 903, 937, 1151, 520, 981, 782, 791, 463, 455, 1311, 1013, 421, 486]","[224, 484, 592, 628, 107, 231, 263, 33, 181, 285, 252, 213, 579, 375, 511, 384, 461, 328, 625, 680, 778, 597, 750]","[-3, 5, 5, 5, 3, 3, 4, 2, 2, -5, 2, 2, 5, 2, -5, -2, 4, 0, -2, -5, -5, -4, -5]","[4, -2, -1, -1, -5, -4, -4, -5, -5, -2, -5, -5, -2, -5, -1, -5, -3, -5, -5, -1, -1, -3, 1]"
388,147.2,7,False,245,508,-8,-5,[467],[635],[5],[0],"[731, 1192, 1244, 666, 802]","[725, 759, 757, 663, 683]","[300, -345, 45, 228, 242]","[2, 82, -28, 33, 5]","[652, 1587, 1458, 1598, 1427, 1498, 1176, 879, 427, 932, 977, 1251, 549, 881, 742, 871, 463, 415, 1211, 913, 386]","[304, 444, 554, 606, 7, 147, 183, 81, 245, 152, 113, 539, 275, 491, 284, 401, 228, 525, 660, 758, 767]","[-3, 5, 5, 5, 2, 3, 4, 2, -5, 1, 2, 5, 1, -5, -2, 4, 0, -2, -5, -5, -5]","[4, -2, -2, -2, -5, -5, -4, -5, -2, -5, -5, -2, -5, -1, -5, -3, -5, -5, -1, -1, 0]"
389,147.54,7,False,104,388,-5,-8,[567],[635],[5],[0],"[831, 1024, 1226, 746, 882]","[707, 775, 732, 663, 668]","[274, -437, -75, 217, 202]","[-18, 42, -55, 13, -15]","[584, 1558, 1528, 1256, 327, 939, 1004, 1348, 569, 781, 699, 951, 463, 375, 1111, 813, 286, 707, 1115, 1194, 632, 785]","[384, 514, 47, 103, 205, 52, 13, 485, 175, 471, 184, 332, 128, 425, 640, 738, 767, 713, 768, 788, 681, 650]","[-4, 5, 0, 4, -5, 0, 1, 4, 1, -5, -3, 4, 0, -2, -5, -5, -5, -5, -5, -5, -5, -4]","[4, -2, -5, -4, -2, -5, -5, -3, -5, -1, -5, -4, -5, -5, -1, -1, 0, -3, -2, 0, -1, -4]"
390,147.87,7,False,87,327,-5,8,[667],[635],[5],[0],"[923, 827, 1163, 821, 942]","[687, 775, 692, 656, 648]","[229, -493, -185, 191, 148]","[-38, 2, -75, -7, -33]","[504, 1323, 227, 1428, 575, 681, 639, 1020, 463, 335, 1011, 713, 186, 607, 1015, 1094, 532, 705]","[446, 23, 165, 422, 75, 451, 97, 252, 28, 325, 620, 718, 767, 653, 728, 788, 661, 580]","[-4, 3, -5, 4, 0, -5, -3, 3, 0, -2, -5, -5, -5, -5, -5, -5, -5, -4]","[3, -4, -2, -4, -5, -1, -4, -4, -5, -5, -1, -1, 0, -3, -2, 0, -1, -3]"
391,148.2,7,False,137,459,9,-2,[767],[635],[5],[0],"[992, 615, 1059, 881, 982]","[666, 756, 652, 637, 628]","[183, -494, -265, 165, 102]","[-44, -24, -81, 1, -19]","[405, 127, 1494, 581, 572, 1072, 276, 911, 613, 86, 507, 915, 994, 432, 625, 983, 687, 1104, 879, 982]","[493, 137, 340, 431, 17, 159, 225, 600, 698, 767, 593, 688, 788, 641, 520, 702, 779, 694, 662, 674]","[-5, -5, 3, -5, -4, 2, -3, -5, -5, -5, -5, -5, -5, -5, -4, -5, -4, -5, -4, -5]","[2, -1, -5, -1, -4, -5, -5, -1, -1, 0, -3, -2, 0, -1, -3, -2, -3, -2, -3, -1]"
392,148.54,7,False,297,365,8,-4,[867],[635],[5],[0],"[1050, 421, 939, 941, 1004]","[646, 736, 617, 637, 619]","[146, -428, -295, 152, 79]","[-20, -10, -42, 41, 21]","[305, 27, 1528, 481, 1100, 216, 811, 513, 407, 815, 894, 332, 545, 883, 607, 1004, 799, 882]","[533, 117, 240, 411, 59, 138, 580, 678, 533, 648, 788, 621, 460, 662, 719, 654, 602, 654]","[-5, -5, 1, -5, 1, -3, -5, -5, -5, -5, -5, -5, -4, -5, -4, -5, -4, -5]","[2, -1, -5, -1, -5, -4, -1, -1, -3, -2, 0, -1, -3, -2, -3, -2, -3, -1]"
393,148.87,7,False,471,300,9,-2,[],[],[],[],"[1090, 260, 983, 1018]","[637, 727, 653, 625]","[106, -326, 132, 39]","[20, 10, 79, 61]","[205, 1526, 381, 156, 711, 413, 307, 715, 794, 232, 465, 783, 527, 904, 719, 782]","[573, 140, 391, 58, 560, 658, 473, 608, 788, 592, 400, 622, 659, 614, 542, 634]","[-5, -1, -5, -3, -5, -5, -5, -5, -5, -5, -4, -5, -4, -5, -4, -5]","[2, -5, -1, -4, -1, -1, -3, -2, 0, -2, -3, -2, -3, -2, -3, -1]"
394,149.2,7,False,651,288,9,0,[],[],[],[],"[1113, 145, 1023, 1017, 391]","[643, 727, 673, 646, 636]","[54, -196, 101, -1, 85]","[60, 30, 99, 101, 34]","[105, 1486, 281, 611, 313, 207, 615, 694, 132, 385, 683, 447, 804, 639, 682, 1047, 318, 1004, 968, 418]","[595, 42, 371, 540, 629, 413, 568, 788, 552, 340, 582, 599, 574, 482, 614, 638, 694, 619, 647, 586]","[-5, -3, -5, -5, -5, -5, -5, -5, -5, -4, -5, -4, -5, -4, -5, -5, 3, -2, -5, 0]","[1, -4, -1, -1, -2, -3, -2, 0, -2, -3, -2, -3, -2, -3, -1, -2, -4, -5, -1, -5]"
395,149.54,7,False,821,341,8,4,[855],[378],[5],[2],"[1112, 87, 1043, 997, 435]","[663, 728, 713, 686, 649]","[-6, -49, 61, -38, 171]","[88, 50, 119, 124, 74]","[5, 181, 511, 213, 125, 515, 594, 32, 305, 583, 367, 704, 559, 582, 947, 378, 964, 868, 418]","[607, 351, 520, 589, 353, 528, 788, 512, 280, 542, 539, 534, 422, 594, 598, 614, 519, 627, 486]","[-5, -5, -5, -5, -4, -5, -5, -5, -4, -5, -4, -5, -4, -5, -5, 3, -2, -5, 0]","[0, -1, -1, -2, -3, -2, 0, -2, -3, -2, -3, -2, -3, -1, -2, -4, -5, -1, -5]"
396,149.87,7,False,951,237,7,-6,[955],[430],[5],[3],"[1086, 89, 1048, 969, 508]","[686, 748, 753, 726, 669]","[-72, 97, 7, -72, 236]","[94, 56, 124, 130, 82]","[81, 411, 113, 45, 415, 494, 225, 483, 287, 604, 479, 482, 847, 438, 924, 768, 418, 1109, 167, 1069, 1030, 554]","[331, 486, 549, 293, 486, 776, 205, 502, 478, 494, 345, 574, 558, 534, 419, 607, 386, 712, 777, 741, 728, 684]","[-5, -5, -5, -4, -5, -5, -4, -5, -4, -5, -4, -5, -5, 3, -2, -5, 0, -5, 5, -2, 0, 4]","[-1, -2, -2, -3, -3, -1, -4, -2, -4, -2, -4, -1, -2, -4, -5, -1, -5, -2, -2, -5, -5, -3]"
397,150.2,7,False,1109,283,7,6,[1047],[490],[4],[3],"[1032, 141, 1023, 918, 595]","[706, 752, 785, 766, 689]","[-152, 203, -73, -132, 256]","[74, 19, 84, 103, 62]","[311, 13, 315, 394, 145, 383, 207, 504, 399, 382, 747, 498, 884, 668, 418, 1009, 267, 1029, 1030, 634]","[446, 509, 426, 756, 125, 462, 398, 454, 265, 554, 518, 454, 319, 587, 286, 672, 737, 641, 628, 624]","[-5, -5, -5, -5, -4, -5, -4, -5, -4, -5, -5, 3, -2, -5, 0, -5, 5, -2, 0, 4]","[-2, -2, -3, -1, -4, -2, -4, -2, -4, -1, -2, -4, -5, -1, -5, -2, -2, -5, -5, -3]"
398,150.53,7,False,1231,410,2,9,[1127],[550],[4],[3],"[945, 232, 969, 844, 695]","[726, 741, 802, 787, 701]","[-220, 297, -143, -178, 258]","[54, -12, 44, 63, 42]","[211, 219, 294, 83, 283, 130, 404, 325, 282, 647, 558, 844, 568, 418, 909, 367, 989, 1030, 714]","[406, 366, 736, 45, 409, 318, 414, 185, 514, 478, 374, 219, 558, 186, 622, 697, 541, 528, 564]","[-5, -4, -5, -3, -5, -3, -5, -3, -5, -5, 3, -2, -5, 0, -5, 5, -2, 0, 4]","[-2, -3, -1, -4, -3, -4, -2, -4, -2, -2, -4, -5, -2, -5, -3, -2, -5, -5, -3]"
399,150.87,7,False,1123,550,-8,5,[1207],[610],[4],[3],"[835, 359, 890, 755, 785]","[730, 721, 802, 793, 701]","[-269, 369, -201, -209, 240]","[34, -32, 4, 23, 22]","[111, 139, 194, 183, 70, 304, 265, 182, 547, 618, 804, 468, 425, 818, 467, 949, 1030, 794, 1034, 381, 1058, 902, 835]","[366, 306, 716, 349, 238, 374, 105, 474, 438, 294, 119, 518, 86, 562, 657, 441, 428, 504, 720, 760, 769, 748, 719]","[-5, -4, -5, -5, -3, -5, -3, -5, -5, 3, -2, -5, 1, -4, 5, -2, 0, 4, 4, 5, 4, 2, 5]","[-2, -3, -1, -3, -4, -2, -4, -2, -2, -4, -5, -2, -5, -3, -2, -5, -5, -3, -3, -1, -4, -5, -1]"
400,151.2,7,False,1213,533,6,-7,[1287],[687],[4],[4],"[715, 507, 790, 655, 865]","[730, 699, 784, 784, 701]","[-295, 415, -239, -220, 204]","[14, -52, -36, -17, 2]","[11, 59, 94, 103, 10, 204, 205, 82, 447, 694, 764, 368, 738, 567, 909, 1030, 885, 1114, 481, 1138, 942, 935]","[326, 246, 684, 289, 157, 334, 25, 434, 398, 214, 19, 478, 502, 617, 341, 328, 444, 660, 740, 689, 648, 699]","[-5, -4, -5, -4, -3, -5, -3, -5, -5, 4, -2, -5, -4, 5, -2, 0, 5, 4, 5, 4, 2, 5]","[-2, -3, -2, -3, -5, -2, -4, -2, -2, -4, -5, -2, -3, -2, -5, -5, -3, -3, -1, -4, -5, -1]"
401,151.54,7,False,1267,357,2,-9,[1354],[767],[3],[4],"[595, 667, 687, 557, 927]","[730, 659, 751, 764, 683]","[-284, 441, -243, -197, 170]","[8, -58, -62, -43, -4]","[23, 104, 347, 774, 268, 658, 667, 886, 1030, 985, 1194, 581, 1218, 982, 1035, 701, 689, 782, 661, 974]","[229, 288, 358, 134, 438, 442, 577, 241, 228, 384, 600, 720, 609, 548, 679, 751, 692, 779, 797, 705]","[-4, -5, -5, 4, -5, -4, 5, -1, 0, 5, 4, 5, 4, 2, 5, 5, 4, 3, 5, 3]","[-3, -3, -2, -4, -2, -3, -2, -5, -5, -3, -3, -1, -4, -5, -1, -2, -3, -4, -2, -4]"
402,151.87,7,False,1232,260,0,0,[1414],[847],[3],[4],"[484, 843, 587, 482, 987]","[730, 633, 719, 744, 680]","[-221, 462, -201, -132, 150]","[28, -23, -43, -37, 16]","[8, 247, 854, 175, 579, 767, 866, 1030, 1085, 1274, 681, 1298, 1022, 1135, 801, 769, 842, 761, 1034]","[228, 308, 56, 383, 366, 537, 141, 128, 324, 539, 700, 529, 448, 659, 711, 632, 699, 757, 625]","[-4, -5, 4, -4, -3, 5, -1, 0, 5, 4, 5, 4, 2, 5, 5, 4, 3, 5, 3]","[-3, -3, -3, -3, -4, -2, -5, -5, -3, -4, -1, -4, -5, -1, -2, -3, -4, -2, -4]"
403,152.2,6,False,1078,236,-9,1,[],[],[],[],"[402, 1021, 511, 435, 1027]","[730, 622, 699, 724, 680]","[-141, 447, -141, -52, 117]","[48, 17, -23, -17, 36]","[157, 97, 519, 867, 846, 1030, 1354, 781, 1377, 1062, 1235, 901, 849, 902, 861, 1094]","[248, 313, 284, 497, 41, 28, 459, 671, 449, 348, 639, 671, 572, 619, 717, 545]","[-4, -3, -3, 5, -1, 0, 4, 5, 3, 2, 5, 5, 4, 3, 5, 3]","[-3, -4, -5, -2, -5, -5, -4, -2, -4, -5, -1, -2, -3, -4, -2, -4]"
404,152.53,5,False,1132,238,9,0,[],[],[],[],"[356, 1180, 460, 423, 1055]","[749, 626, 679, 708, 687]","[-42, 397, -65, 28, 77]","[68, 57, -3, 3, 56]","[77, 44, 475, 967, 1422, 881, 1437, 1335, 1001, 929, 962, 961, 1154, 519, 1054, 611, 548, 1104]","[188, 223, 184, 457, 379, 631, 369, 619, 631, 512, 539, 677, 465, 743, 572, 671, 701, 630]","[-4, -2, -2, 5, 3, 5, 3, 5, 5, 4, 3, 5, 3, 5, -2, 4, 4, 2]","[-3, -5, -5, -2, -4, -2, -4, -1, -2, -3, -4, -2, -4, -2, -5, -4, -4, -5]"
405,152.87,5,False,1271,202,0,0,[],[],[],[],"[350, 1312, 441, 441, 1068]","[769, 646, 677, 708, 707]","[58, 319, 15, 108, 37]","[70, 97, 17, 23, 76]","[31, 457, 1067, 1482, 981, 1497, 1435, 1101, 1009, 1022, 1061, 1214, 619, 1014, 691, 628, 1144]","[123, 84, 417, 299, 591, 289, 597, 591, 452, 459, 637, 385, 703, 472, 591, 621, 530]","[0, 0, 5, 3, 5, 3, 5, 5, 4, 3, 5, 3, 5, -2, 4, 4, 2]","[-5, -5, -2, -4, -2, -4, -2, -2, -3, -4, -2, -4, -2, -5, -4, -4, -5]"
406,153.2,5,False,1099,170,-9,0,[],[],[],[],"[382, 1408, 453, 491, 1063]","[789, 685, 677, 708, 727]","[144, 204, 81, 174, -17]","[56, 106, 23, 29, 82]","[66, 1167, 1542, 1081, 1557, 1535, 1201, 1089, 1082, 1161, 1274, 719, 974, 771, 708, 1184, 452, 1403, 510, 536, 1110]","[26, 377, 213, 551, 209, 557, 543, 392, 379, 597, 305, 663, 372, 524, 541, 430, 816, 692, 684, 722, 721]","[3, 5, 3, 5, 3, 5, 5, 4, 3, 5, 3, 5, -2, 4, 4, 2, 5, -4, 4, 4, 1]","[-4, -2, -5, -2, -4, -2, -3, -3, -4, -2, -4, -2, -5, -3, -4, -5, -2, -4, -4, -3, -5]"
407,153.54,5,False,919,184,-9,1,[],[],[],[],"[441, 1446, 484, 551, 1031]","[792, 711, 677, 708, 747]","[191, 44, 121, 198, -97]","[16, 86, 3, 9, 62]","[1267, 1585, 1181, 1301, 1169, 1142, 1261, 1334, 819, 934, 851, 788, 1224, 552, 1323, 590, 616, 1130]","[337, 113, 511, 483, 332, 299, 557, 225, 623, 272, 450, 461, 330, 776, 612, 604, 662, 621]","[5, 2, 5, 5, 4, 3, 5, 3, 5, -2, 4, 4, 2, 5, -4, 4, 4, 1]","[-2, -5, -2, -3, -3, -4, -2, -4, -2, -5, -4, -4, -5, -2, -4, -4, -3, -5]"
408,153.87,4,False,995,268,0,0,[],[],[],[],"[517, 1420, 525, 630, 965]","[780, 731, 660, 697, 755]","[227, -116, 150, 211, -168]","[-24, 66, -17, -11, 26]","[1367, 1281, 1401, 1249, 1202, 1361, 1394, 919, 931, 868, 1250, 652, 1243, 670, 696, 1150]","[297, 471, 423, 272, 219, 517, 134, 583, 370, 381, 230, 717, 532, 524, 602, 521]","[5, 5, 5, 4, 3, 5, 3, 5, 4, 4, 1, 5, -4, 4, 4, 1]","[-2, -2, -3, -3, -4, -2, -5, -2, -4, -4, -5, -3, -4, -4, -3, -5]"
409,154.2,4,False,891,147,-9,-2,[],[],[],[],"[597, 1333, 585, 710, 875]","[753, 747, 640, 677, 748]","[247, -262, 170, 209, -223]","[-64, 46, -27, -31, -12]","[1467, 1381, 1481, 1329, 1262, 1461, 1448, 1019, 1011, 948, 1270, 752, 1163, 750, 776, 1164, 592, 1384, 632, 743, 967]","[244, 431, 363, 212, 139, 477, 34, 533, 290, 301, 130, 657, 452, 444, 542, 421, 733, 728, 632, 667, 705]","[5, 5, 4, 4, 3, 5, 2, 5, 4, 4, 1, 5, -4, 4, 4, 0, 1, -4, 3, 3, -1]","[-3, -2, -3, -3, -4, -2, -5, -3, -4, -4, -5, -3, -4, -4, -3, -5, -5, -3, -4, -4, -5]"
410,154.54,4,False,711,172,-9,4,[],[],[],[],"[677, 1191, 645, 779, 768]","[713, 747, 620, 656, 728]","[248, -387, 176, 189, -258]","[-86, 26, -27, -51, -32]","[1564, 1481, 1561, 1409, 1322, 1561, 1119, 1091, 1028, 1290, 852, 1083, 830, 856, 1164, 612, 1304, 692, 803, 947]","[184, 391, 303, 152, 52, 421, 473, 210, 221, 30, 597, 372, 364, 482, 321, 633, 668, 552, 587, 605]","[4, 5, 4, 4, 3, 5, 5, 4, 4, 1, 5, -4, 4, 4, 0, 1, -4, 3, 3, -1]","[-3, -2, -3, -3, -5, -3, -3, -4, -4, -5, -3, -4, -4, -3, -5, -5, -3, -4, -4, -5]"
411,154.87,4,False,566,286,-7,6,[],[],[],[],"[757, 1006, 705, 839, 648]","[673, 747, 600, 622, 708]","[248, -464, 189, 171, -256]","[-92, 20, -13, -40, -38]","[1581, 1489, 1205, 1171, 1108, 950, 1003, 910, 936, 1164, 632, 1224, 752, 863, 927, 780, 1073, 731, 834, 696]","[346, 86, 413, 130, 141, 537, 292, 284, 422, 221, 533, 608, 472, 507, 505, 697, 761, 615, 662, 726]","[5, 4, 4, 4, 4, 4, -4, 4, 4, 0, 1, -4, 3, 3, -1, 0, -4, 0, -5, -4]","[-3, -4, -3, -4, -4, -3, -4, -4, -3, -5, -5, -3, -4, -4, -5, -5, -3, -5, -2, -4]"
412,155.2,4,False,407,387,-8,5,[],[],[],[],"[856, 806, 775, 899, 546]","[633, 747, 600, 603, 688]","[257, -476, 209, 171, -206]","[-64, 40, 27, 0, -18]","[1569, 1285, 1244, 1185, 1030, 923, 990, 1016, 1164, 652, 1144, 812, 923, 907, 780, 993, 731, 734, 629]","[6, 353, 50, 61, 477, 214, 204, 362, 121, 433, 548, 392, 423, 405, 597, 701, 515, 622, 646]","[4, 4, 3, 3, 4, -4, 4, 4, 0, 1, -4, 3, 3, -1, 0, -4, 0, -5, -3]","[-4, -3, -4, -4, -3, -3, -4, -3, -5, -5, -3, -4, -5, -5, -5, -3, -5, -2, -4]"
413,155.53,4,False,421,413,-8,-5,[549],[496],[5],[2],"[952, 608, 855, 959, 469]","[607, 758, 609, 603, 671]","[246, -448, 216, 152, -138]","[-24, 53, 67, 40, 2]","[1365, 1110, 843, 1070, 1096, 1164, 672, 1063, 872, 975, 887, 780, 913, 731, 634, 569]","[293, 417, 154, 124, 302, 21, 333, 488, 302, 323, 305, 497, 641, 415, 582, 566]","[4, 4, -4, 4, 4, 0, 1, -5, 3, 2, -1, 0, -4, 0, -5, -3]","[-3, -3, -3, -4, -3, -5, -5, -3, -5, -5, -5, -5, -3, -5, -2, -4]"
414,155.87,4,False,271,303,-7,-6,[649],[536],[5],[2],"[1032, 433, 935, 1001, 420]","[600, 778, 633, 619, 671]","[219, -381, 208, 132, -58]","[16, 53, 107, 80, 22]","[1445, 1190, 763, 1150, 1176, 692, 963, 932, 1015, 867, 780, 833, 731, 534, 509, 942, 594, 845, 919, 543]","[221, 357, 94, 44, 232, 233, 428, 202, 223, 205, 397, 581, 315, 542, 486, 594, 716, 592, 638, 638]","[4, 4, -4, 4, 4, 1, -5, 3, 2, -1, 0, -4, 0, -5, -3, -4, -1, -4, -5, 3]","[-4, -3, -3, -4, -4, -5, -3, -5, -5, -5, -5, -3, -5, -2, -4, -3, -5, -3, 0, -4]"
415,156.2,4,False,385,297,9,0,[749],[588],[5],[3],"[1101, 289, 1003, 1037, 405]","[604, 798, 673, 650, 671]","[179, -285, 188, 92, 22]","[56, 53, 136, 120, 42]","[1515, 1270, 669, 1256, 712, 863, 974, 1042, 828, 780, 753, 731, 434, 435, 854, 574, 765, 819, 603]","[141, 297, 34, 152, 133, 368, 102, 123, 105, 297, 521, 215, 502, 406, 534, 616, 532, 638, 558]","[3, 4, -5, 4, 1, -5, 2, 1, -2, 0, -4, 0, -5, -4, -5, -1, -4, -5, 3]","[-4, -3, -3, -4, -5, -3, -5, -5, -5, -5, -3, -5, -2, -4, -3, -5, -3, 0, -4]"
416,156.54,4,False,565,298,9,1,[849],[648],[5],[3],"[1150, 190, 1059, 1054, 419]","[624, 812, 713, 690, 682]","[105, -177, 134, 38, 88]","[82, 39, 142, 127, 48]","[1575, 1350, 1336, 732, 763, 1014, 1055, 788, 780, 673, 715, 334, 375, 754, 554, 685, 719, 663, 1150, 255, 1058, 1062, 448]","[54, 233, 72, 33, 308, 2, 23, 5, 197, 461, 115, 458, 326, 474, 516, 472, 624, 464, 665, 818, 742, 717, 692]","[3, 4, 4, 1, -5, 2, 0, -2, 0, -4, -1, -5, -3, -5, -1, -4, -5, 3, -5, 0, -5, -5, -2]","[-5, -4, -4, -5, -3, -5, -5, -5, -5, -3, -5, -3, -4, -3, -5, -3, -1, -5, 0, -5, -1, -1, -5]"
417,156.87,4,False,745,322,9,1,[949],[696],[5],[2],"[1162, 130, 1087, 1043, 454]","[644, 811, 753, 730, 682]","[5, -77, 54, -42, 128]","[82, -1, 121, 107, 28]","[1430, 663, 780, 593, 695, 237, 315, 661, 534, 605, 619, 723, 1050, 255, 958, 962, 408]","[153, 248, 97, 401, 15, 398, 246, 414, 416, 412, 604, 364, 665, 718, 722, 697, 592]","[4, -5, 0, -4, -1, -4, -3, -4, -1, -4, -5, 3, -5, 0, -5, -5, -2]","[-4, -3, -5, -3, -5, -3, -4, -3, -5, -3, -1, -5, 0, -5, -1, -1, -5]"
418,157.2,4,False,925,348,9,2,[],[],[],[],"[1134, 110, 1081, 504]","[664, 787, 783, 682]","[-95, 23, -26, 167]","[69, -41, 81, 8]","[1510, 563, 513, 157, 255, 581, 521, 525, 519, 783, 950, 255, 858, 862, 383]","[73, 188, 341, 338, 166, 354, 316, 339, 584, 264, 665, 618, 702, 677, 492]","[4, -5, -4, -4, -3, -4, 0, -4, -5, 3, -5, 0, -5, -5, -1]","[-4, -3, -3, -3, -4, -3, -5, -4, -1, -5, 0, -5, -1, -1, -5]"
419,157.53,4,False,1085,397,0,0,[],[],[],[],"[1066, 130, 1045, 564, 689]","[683, 751, 798, 670, 624]","[-187, 123, -106, 187, -6]","[49, -81, 41, -12, 0]","[463, 433, 77, 195, 501, 521, 445, 419, 843, 850, 255, 758, 762, 374, 1116, 230, 1126, 619, 740]","[128, 276, 268, 78, 294, 216, 259, 564, 180, 651, 518, 682, 644, 392, 644, 801, 751, 666, 574]","[-5, -4, -4, -3, -4, 0, -4, -5, 3, -5, 0, -5, -5, 0, -3, 5, 0, 4, 0]","[-3, -4, -4, -5, -3, -5, -4, -1, -4, -1, -5, -1, -2, -5, -4, -1, -5, -3, -5]"
420,157.87,4,False,994,476,-9,0,[1063],[518],[-5],[2],"[965, 190, 976, 632, 669]","[683, 709, 798, 650, 624]","[-261, 223, -180, 200, -6]","[29, -102, 1, -32, 0]","[363, 353, 18, 421, 521, 365, 319, 903, 750, 266, 658, 662, 374, 1056, 330, 1126, 699, 740]","[68, 196, 183, 234, 116, 179, 534, 100, 631, 418, 662, 604, 292, 564, 781, 651, 606, 474]","[-5, -4, -2, -4, 0, -4, -5, 3, -5, 1, -5, -5, 0, -3, 5, 0, 4, 0]","[-3, -4, -5, -3, -5, -4, -2, -4, -1, -5, -1, -2, -5, -4, -1, -5, -3, -5]"
421,158.2,4,False,1121,347,7,-6,[963],[558],[-5],[2],"[845, 289, 882, 712, 654]","[683, 649, 778, 630, 624]","[-298, 320, -223, 212, 8]","[23, -108, -25, -18, 14]","[263, 273, 341, 521, 288, 219, 973, 650, 286, 558, 562, 394, 996, 430, 1126, 779, 740, 937, 338, 953, 744, 725]","[8, 116, 170, 16, 99, 494, 20, 611, 318, 642, 564, 192, 484, 761, 551, 546, 374, 690, 715, 790, 643, 652]","[-5, -4, -4, 0, -3, -5, 4, -5, 1, -5, -5, 2, -3, 5, 0, 4, 0, 3, 5, 0, 2, 5]","[-3, -4, -4, -5, -4, -2, -4, -1, -5, -1, -2, -5, -4, -1, -5, -3, -5, -4, 0, -5, -5, -1]"
422,158.54,4,False,1276,249,8,-4,[863],[598],[-5],[2],"[725, 429, 782, 792, 654]","[683, 606, 758, 622, 627]","[-286, 419, -220, 232, 48]","[43, -68, -25, 22, 54]","[197, 268, 228, 123, 550, 308, 458, 462, 442, 936, 530, 1126, 862, 740, 997, 438, 953, 784, 825]","[36, 90, 19, 445, 591, 218, 622, 524, 96, 404, 741, 451, 486, 274, 610, 715, 690, 543, 632]","[-3, -3, -3, -4, -5, 2, -5, -5, 3, -3, 5, 0, 5, 0, 3, 5, 0, 2, 5]","[-4, -4, -4, -3, -1, -5, -1, -2, -4, -4, -1, -5, -3, -5, -4, 0, -5, -5, -1]"
423,158.87,4,False,1427,304,5,8,[],[],[],[],"[605, 602, 684, 674]","[697, 600, 738, 647]","[-251, 488, -197, 88]","[63, -28, -13, 94]","[50, 450, 348, 358, 366, 513, 876, 630, 1126, 962, 753, 1057, 538, 953, 836, 925]","[373, 571, 118, 583, 469, 18, 324, 721, 351, 426, 174, 530, 715, 590, 443, 612]","[-3, -5, 2, -5, -4, 4, -3, 5, 0, 5, 1, 3, 5, 0, 3, 5]","[-4, -1, -5, -2, -3, -3, -4, -1, -5, -3, -5, -4, 0, -5, -5, -1]"
424,159.2,4,False,1432,421,-5,8,[],[],[],[],"[508, 797, 604, 709, 721]","[717, 600, 726, 685, 814]","[-192, 519, -157, 124, 17]","[83, 12, 7, 117, -1]","[27, 350, 391, 258, 286, 817, 730, 1146, 1062, 780, 1117, 638, 960, 896, 1025, 694, 762, 778, 809, 807]","[273, 551, 18, 543, 408, 225, 701, 251, 366, 74, 450, 715, 490, 363, 592, 682, 622, 725, 699, 797]","[0, -5, 3, -5, -4, -2, 5, 1, 5, 2, 3, 5, 1, 3, 5, 4, 5, 4, 5, 3]","[-5, -1, -5, -2, -4, -5, -1, -5, -3, -5, -4, 0, -5, -4, -1, -3, -1, -3, 0, -4]"
425,159.53,4,False,1303,545,-9,4,[1351],[589],[-5],[2],"[438, 997, 543, 749, 721]","[741, 602, 726, 725, 794]","[-114, 511, -98, 144, 37]","[103, 52, 27, 137, -1]","[70, 250, 158, 215, 777, 830, 1166, 1162, 1197, 738, 980, 964, 1125, 774, 862, 858, 909, 885]","[181, 517, 498, 328, 125, 681, 151, 306, 370, 698, 390, 283, 572, 622, 602, 665, 699, 717]","[4, -5, -5, -3, -2, 5, 1, 5, 4, 5, 1, 4, 5, 4, 5, 4, 5, 4]","[-4, -2, -3, -4, -5, -1, -5, -3, -4, -1, -5, -4, -1, -3, -1, -3, 0, -4]"
426,159.87,4,False,1368,588,9,0,[1251],[629],[-5],[2],"[397, 1182, 503, 803, 722]","[778, 622, 726, 766, 774]","[-46, 449, -52, 149, 43]","[94, 78, 33, 136, -15]","[162, 150, 69, 163, 737, 930, 1186, 1262, 1277, 838, 1000, 1044, 1225, 854, 962, 938, 1009, 965, 484, 1154, 585, 869, 785]","[130, 477, 438, 236, 25, 661, 51, 260, 290, 678, 290, 209, 552, 562, 582, 605, 699, 637, 797, 620, 747, 809, 794]","[5, -5, -4, -2, -2, 5, 1, 5, 4, 5, 1, 4, 5, 4, 5, 4, 5, 4, 4, -2, 5, 5, 4]","[-2, -2, -3, -5, -5, -1, -5, -2, -4, -1, -5, -3, -1, -3, -1, -3, 0, -4, -3, -5, -2, 1, -3]"
427,160.2,4,False,1387,461,-5,-8,[],[],[],[],"[382, 482, 843, 722]","[798, 726, 803, 751]","[14, -14, 109, 23]","[54, 13, 96, -55]","[262, 50, 150, 1030, 1362, 1357, 938, 1031, 1124, 1325, 934, 1062, 1018, 1109, 1045, 564, 1122, 685, 969, 881]","[116, 437, 136, 641, 220, 210, 658, 190, 149, 532, 502, 562, 545, 699, 557, 737, 520, 707, 826, 734]","[5, -5, 0, 5, 5, 4, 5, 2, 4, 5, 4, 5, 4, 5, 4, 4, -1, 5, 5, 5]","[0, -2, -5, -1, -2, -4, -1, -5, -3, -1, -3, -1, -3, 0, -4, -3, -5, -2, 0, -3]"
428,160.53,4,False,1249,386,-9,-3,[],[],[],[],"[391, 476, 867, 722]","[800, 719, 802, 711]","[74, 26, 69, 3]","[14, -7, 56, -76]","[362, 188, 1130, 1462, 1437, 1038, 1071, 1220, 1425, 1014, 1162, 1098, 1209, 1125, 644, 1102, 785, 1069, 981]","[116, 41, 621, 180, 130, 638, 90, 92, 512, 442, 542, 485, 694, 477, 677, 420, 667, 826, 674]","[5, 3, 5, 5, 4, 5, 2, 5, 5, 4, 5, 4, 5, 4, 4, -1, 5, 5, 5]","[0, -4, -1, -2, -4, -1, -5, -2, -1, -3, -1, -3, -1, -4, -3, -5, -2, 0, -3]"
429,160.87,4,False,1185,230,-4,-8,[],[],[],[],"[423, 485, 876, 705, 1089]","[787, 699, 802, 671, 747]","[123, 66, 29, -17, -80]","[-26, -27, 16, -96, -31]","[462, 1230, 1562, 1517, 1138, 1320, 1525, 1094, 1262, 1178, 1309, 1205, 724, 1082, 885, 1169, 1078, 489, 596, 974, 828, 1229]","[116, 601, 140, 50, 618, 52, 492, 382, 522, 425, 674, 397, 617, 320, 627, 826, 614, 767, 733, 769, 681, 761]","[5, 5, 5, 4, 5, 5, 5, 4, 5, 4, 5, 4, 4, -1, 5, 5, 4, 4, 5, 4, 4, 4]","[0, -1, -2, -4, -1, -2, -1, -3, -1, -3, -1, -4, -3, -5, -2, 0, -3, -4, -1, -4, -4, -3]"
430,161.2,4,False,1021,162,-9,2,[],[],[],[],"[470, 508, 870, 685, 1031]","[759, 679, 790, 615, 726]","[163, 102, -11, -22, -160]","[-66, -47, -24, -105, -51]","[562, 1330, 1238, 1420, 1174, 1362, 1258, 1409, 1285, 804, 1062, 985, 1269, 1158, 569, 696, 1054, 894, 1309]","[116, 570, 598, 12, 322, 502, 365, 654, 317, 557, 220, 587, 826, 554, 687, 713, 689, 601, 693]","[5, 5, 5, 5, 4, 5, 4, 5, 4, 4, -1, 5, 5, 4, 4, 5, 4, 3, 4]","[0, -2, -1, -2, -3, -1, -3, -1, -4, -3, -5, -2, 0, -3, -4, -1, -4, -4, -4]"
431,161.54,3,False,868,261,-3,9,[910],[310],[-2],[5],"[533, 548, 850, 665, 941]","[719, 643, 770, 600, 686]","[208, 136, -37, -8, -214]","[-77, -49, -50, -91, -57]","[662, 1430, 1338, 1254, 1462, 1338, 1509, 1365, 884, 1085, 1369, 1238, 649, 796, 1134, 954, 1389, 595, 599, 912, 722, 995]","[116, 530, 578, 262, 482, 305, 634, 237, 497, 547, 813, 494, 607, 693, 609, 521, 613, 765, 668, 790, 609, 715]","[5, 5, 5, 4, 5, 4, 5, 4, 4, 5, 5, 4, 4, 5, 4, 3, 4, 5, 2, 1, 1, -3]","[0, -2, -1, -3, -1, -3, -1, -4, -3, -2, -1, -3, -4, -1, -4, -4, -4, -2, -5, -5, -5, -4]"
432,161.87,3,False,720,310,-9,-1,[870],[410],[-2],[5],"[620, 604, 830, 662, 841]","[679, 623, 750, 600, 660]","[265, 195, -37, 32, -223]","[-57, -9, -50, -51, -37]","[762, 1530, 1438, 1334, 1562, 1418, 1438, 964, 1185, 1469, 1318, 729, 896, 1214, 1014, 1451, 695, 639, 932, 742, 935]","[116, 490, 558, 202, 460, 245, 157, 437, 507, 786, 434, 527, 662, 529, 441, 533, 725, 568, 690, 509, 635]","[5, 5, 5, 4, 5, 4, 3, 4, 5, 5, 4, 4, 5, 4, 3, 3, 5, 2, 1, 1, -3]","[0, -2, -1, -3, -2, -3, -4, -3, -2, -2, -3, -4, -2, -4, -4, -4, -2, -5, -5, -5, -4]"
433,162.2,3,False,540,288,-9,0,[830],[510],[-2],[5],"[723, 682, 810, 674, 741]","[653, 619, 730, 600, 640]","[302, 235, -37, 72, -212]","[-37, 31, -30, -11, -7]","[862, 1538, 1414, 1498, 1498, 1044, 1285, 1565, 1398, 798, 996, 1281, 1074, 1511, 795, 679, 951, 762, 875]","[116, 530, 142, 185, 77, 377, 467, 738, 374, 447, 622, 449, 361, 446, 685, 468, 590, 409, 555]","[5, 5, 4, 4, 3, 4, 5, 4, 4, 3, 5, 3, 3, 3, 5, 2, 0, 1, -3]","[0, -2, -3, -3, -4, -3, -2, -3, -3, -4, -2, -4, -4, -5, -2, -5, -5, -5, -4]"
434,162.53,3,False,364,325,-7,6,[790],[610],[-2],[5],"[843, 773, 790, 701, 651]","[634, 630, 710, 600, 637]","[315, 260, -27, 112, -181]","[0, 71, -10, 29, 33]","[962, 1494, 1578, 1124, 1385, 1478, 858, 1096, 1341, 1134, 1553, 895, 710, 951, 782, 815, 753, 665, 770, 659, 688]","[128, 69, 125, 317, 424, 307, 367, 582, 369, 273, 346, 633, 368, 490, 309, 475, 604, 586, 741, 598, 621]","[5, 4, 4, 4, 5, 4, 3, 5, 3, 3, 2, 5, 1, 0, 1, -3, -2, -4, -5, -4, -4]","[1, -4, -3, -3, -3, -4, -4, -2, -4, -5, -5, -3, -5, -5, -5, -4, -5, -4, -2, -3, -3]"
435,162.87,3,False,267,479,-5,8,[],[],[],[],"[963, 873, 770, 577]","[634, 656, 701, 649]","[305, 266, -7, -134]","[40, 109, 10, 73]","[1062, 1204, 1485, 1558, 918, 1196, 1401, 1179, 1575, 988, 730, 951, 802, 755, 713, 585, 670, 579, 608]","[148, 257, 364, 227, 287, 542, 286, 173, 246, 573, 268, 390, 209, 395, 504, 506, 701, 538, 561]","[5, 4, 5, 4, 3, 5, 3, 2, 0, 4, 1, 0, 1, -3, -2, -4, -5, -4, -4]","[1, -3, -3, -4, -4, -2, -5, -5, -5, -3, -5, -5, -5, -4, -5, -4, -2, -3, -3]"
436,163.2,3,False,247,600,9,2,[],[],[],[],"[1068, 969, 763, 526, 1175]","[650, 696, 701, 669, 677]","[258, 238, -1, -88, -35]","[66, 115, 16, 81, -7]","[1162, 1284, 1568, 978, 1296, 1452, 1216, 1575, 1068, 750, 951, 812, 681, 670, 505, 570, 499, 528, 1044, 953, 764, 550, 1195]","[190, 186, 304, 207, 502, 186, 73, 146, 513, 168, 290, 109, 315, 404, 426, 661, 478, 501, 685, 722, 729, 710, 718]","[5, 4, 4, 3, 5, 2, 1, 0, 4, 1, 0, 0, -4, -3, -4, -5, -4, -4, -5, -5, -5, -5, -5]","[3, -4, -3, -4, -2, -5, -5, -5, -3, -5, -5, -5, -4, -5, -4, -2, -3, -3, 0, -1, -1, 0, -2]"
437,163.54,3,False,270,552,-5,-8,[401],[660],[5],[1],"[1143, 1040, 743, 486, 1131]","[667, 731, 697, 689, 657]","[166, 166, -21, -61, -135]","[47, 95, -4, 61, -27]","[1238, 1364, 1038, 1396, 1492, 1552, 1148, 770, 951, 812, 601, 610, 425, 470, 419, 448, 944, 853, 664, 450, 1095]","[260, 106, 127, 462, 86, 46, 453, 68, 190, 9, 245, 306, 361, 621, 418, 441, 685, 702, 709, 710, 697]","[3, 4, 3, 5, 2, -2, 4, 1, 0, 0, -4, -3, -4, -5, -4, -4, -5, -5, -5, -5, -5]","[4, -4, -4, -2, -5, -5, -3, -5, -5, -5, -3, -4, -3, -2, -3, -3, 0, -1, -1, 0, -1]"
438,163.9,3,False,219,385,0,0,[],[],[],[],"[1179, 1080, 723, 1048]","[667, 751, 677, 637]","[66, 86, -41, -224]","[27, 75, -24, -34]","[1277, 1435, 1098, 1496, 1228, 932, 521, 550, 345, 370, 339, 368, 844, 753, 564, 350, 995]","[356, 26, 47, 409, 384, 90, 185, 226, 301, 581, 358, 381, 685, 682, 689, 710, 677]","[1, 3, 3, 5, 4, -1, -4, -3, -4, -5, -4, -4, -5, -5, -5, -5, -5]","[5, -4, -4, -3, -4, -5, -3, -4, -3, -2, -3, -3, 0, -1, -1, 0, -1]"
439,164.24,3,False,398,395,9,-2,[],[],[],[],"[1175, 1089, 692, 934, 1354]","[667, 763, 657, 617, 759]","[-34, 6, -57, -293, -119]","[7, 35, -44, -34, -34]","[1271, 1579, 1299, 432, 490, 265, 270, 259, 288, 744, 653, 464, 250, 895, 1132, 1048, 683, 984, 1347]","[456, 349, 304, 125, 146, 241, 541, 298, 321, 685, 662, 669, 701, 657, 668, 753, 688, 674, 807]","[-1, 4, 3, -5, -3, -4, -5, -4, -4, -5, -5, -5, -5, -5, -5, -5, -5, -5, -5]","[5, -3, -4, -3, -4, -3, -2, -3, -3, 0, -1, -1, -1, -1, -2, -3, -2, 0, -1]"
440,164.59,3,False,578,368,9,-1,[],[],[],[],"[1131, 1064, 652, 796, 1268]","[654, 760, 623, 600, 727]","[-134, -74, -57, -339, -253]","[-13, -5, -51, -34, -63]","[1224, 1359, 332, 430, 185, 170, 179, 208, 644, 553, 364, 150, 795, 1032, 948, 583, 884, 1247]","[550, 222, 72, 66, 181, 484, 238, 261, 685, 642, 649, 681, 637, 628, 693, 648, 674, 787]","[-3, 3, -5, -3, -4, -5, -4, -4, -5, -5, -5, -5, -5, -5, -5, -5, -5, -5]","[4, -5, -2, -4, -3, -3, -3, -3, 0, -1, -1, -1, -1, -2, -3, -2, 0, -1]"
441,164.92,3,False,693,432,3,-9,[],[],[],[],"[1049, 1010, 616, 653, 1135]","[634, 740, 600, 600, 687]","[-209, -140, -43, -339, -350]","[-3, -21, -37, -20, -69]","[1150, 1406, 232, 105, 70, 99, 128, 544, 453, 264, 50, 695, 932, 848, 483, 784, 1147, 1085, 1037, 643, 699, 1185]","[624, 122, 32, 121, 424, 178, 201, 685, 614, 629, 661, 606, 588, 633, 608, 674, 767, 668, 776, 626, 646, 735]","[-4, 2, -5, -4, -5, -4, -4, -5, -5, -5, -5, -5, -5, -5, -5, -5, -5, -5, -5, -4, -5, -5]","[3, -5, -2, -3, -3, -3, -3, 0, -2, -1, -1, -2, -2, -3, -2, 0, -1, -2, -2, -3, 1, -1]"
442,165.25,3,False,788,272,6,-7,[],[],[],[],"[949, 936, 597, 518, 975]","[633, 720, 600, 600, 649]","[-239, -164, 1, -287, -392]","[37, -1, 3, 20, -48]","[1062, 1441, 25, 19, 48, 444, 353, 164, 595, 832, 752, 383, 684, 1047, 985, 937, 563, 599, 1085]","[680, 22, 57, 118, 141, 685, 574, 605, 566, 548, 573, 568, 674, 747, 628, 736, 566, 654, 715]","[-5, 1, -4, -4, -4, -5, -5, -5, -5, -5, -4, -5, -5, -5, -5, -5, -4, -5, -5]","[2, -5, -4, -3, -3, 0, -2, -2, -2, -2, -3, -2, 0, -1, -2, -2, -3, 0, -1]"
443,165.58,3,False,932,186,0,0,[],[],[],[],"[849, 856, 601, 409, 803]","[647, 720, 600, 606, 629]","[-249, -173, 61, -210, -402]","[77, 19, 43, 60, -8]","[962, 344, 253, 64, 495, 732, 672, 283, 584, 947, 885, 848, 483, 499, 985]","[714, 685, 534, 565, 526, 508, 513, 520, 674, 727, 588, 676, 487, 654, 695]","[-5, -5, -5, -5, -5, -5, -4, -5, -5, -5, -5, -4, -4, -5, -5]","[1, 0, -2, -2, -2, -2, -3, -3, 0, -1, -2, -3, -4, 0, -1]"
444,165.92,3,False,873,336,-6,7,[931],[365],[-3],[4],"[749, 776, 622, 335, 641]","[669, 720, 617, 627, 626]","[-239, -167, 101, -112, -376]","[101, 39, 83, 100, 32]","[862, 244, 153, 395, 632, 592, 196, 484, 847, 785, 768, 421, 399, 885, 853, 892, 705, 518, 838]","[723, 685, 494, 486, 468, 453, 460, 674, 707, 533, 609, 407, 654, 675, 607, 670, 582, 635, 576]","[-5, -5, -5, -5, -5, -4, -4, -5, -5, -5, -4, -3, -5, -5, -1, 1, 3, 5, 2]","[0, 0, -2, -2, -2, -3, -3, 0, -1, -3, -4, -4, 0, -1, -5, -5, -4, -1, -5]"
445,166.25,3,False,974,392,9,-2,[871],[445],[-3],[4],"[649, 700, 662, 301, 491]","[709, 730, 649, 667, 638]","[-209, -147, 141, -12, -321]","[121, 59, 123, 132, 72]","[762, 144, 53, 295, 532, 512, 116, 384, 747, 685, 692, 361, 299, 785, 833, 912, 765, 618, 878]","[723, 685, 454, 446, 428, 393, 400, 655, 687, 473, 529, 320, 651, 655, 507, 570, 502, 615, 476]","[-5, -5, -5, -5, -5, -4, -4, -5, -5, -5, -3, -3, -5, -5, -1, 1, 3, 5, 2]","[0, 0, -2, -2, -2, -3, -3, -1, -1, -3, -4, -5, -1, -1, -5, -5, -4, -1, -5]"
446,166.59,3,False,1154,358,9,-1,[811],[525],[-3],[4],"[565, 640, 718, 309, 367]","[749, 750, 689, 707, 658]","[-175, -121, 162, 85, -250]","[127, 65, 130, 138, 91]","[662, 44, 195, 432, 432, 36, 284, 647, 585, 632, 320, 199, 685, 813, 932, 825, 718, 918, 671, 730, 783, 384, 477]","[706, 684, 406, 388, 333, 325, 635, 667, 413, 448, 220, 625, 628, 407, 470, 422, 595, 376, 784, 767, 718, 741, 692]","[-5, -5, -5, -5, -4, -4, -5, -5, -5, -3, -2, -5, -5, -1, 1, 3, 5, 2, 5, 4, 5, 5, 5]","[-2, -1, -2, -2, -3, -4, -1, -1, -3, -5, -5, -2, -2, -5, -5, -4, -1, -5, 0, -3, -1, 0, 0]"
447,166.92,3,False,1288,365,0,0,[751],[605],[-3],[4],"[485, 580, 770, 345, 272]","[783, 758, 729, 747, 678]","[-152, -115, 142, 145, -184]","[88, 26, 110, 118, 71]","[578, 95, 332, 352, 184, 547, 502, 590, 306, 131, 585, 801, 952, 885, 818, 958, 771, 810, 883, 484, 577]","[647, 355, 331, 263, 607, 647, 353, 348, 120, 553, 588, 307, 370, 342, 575, 276, 765, 707, 698, 739, 676]","[-3, -5, -5, -4, -5, -5, -4, -1, 0, -1, -5, 0, 1, 3, 5, 2, 5, 4, 5, 5, 5]","[-4, -3, -3, -4, -2, -1, -3, -5, -5, -5, -2, -5, -5, -4, -1, -5, -1, -3, -1, -1, -1]"
448,167.25,3,False,1224,405,0,0,[691],[700],[-3],[5],"[425, 526, 810, 406, 204]","[802, 751, 759, 777, 698]","[-112, -95, 118, 204, -104]","[48, -14, 82, 80, 51]","[566, 11, 235, 272, 84, 447, 422, 581, 318, 167, 485, 801, 972, 945, 918, 998, 871, 890, 983, 584, 677]","[548, 295, 271, 183, 564, 612, 293, 248, 20, 461, 548, 207, 270, 262, 555, 176, 745, 647, 678, 719, 656]","[1, -4, -4, -4, -5, -5, -4, 0, 2, 4, -5, 0, 1, 3, 5, 2, 5, 4, 5, 5, 5]","[-5, -3, -3, -4, -3, -2, -3, -5, -5, -4, -2, -5, -5, -4, -1, -5, -1, -3, -1, -1, -1]"
449,167.58,3,False,1092,377,-9,0,[631],[796],[-3],[4],"[380, 486, 839, 486, 173]","[802, 731, 775, 792, 699]","[-62, -68, 78, 244, -6]","[8, -35, 42, 40, 31]","[614, 155, 211, 4, 347, 342, 597, 259, 385, 801, 992, 1017, 1018, 1049, 971, 970, 1083, 684, 777, 533, 650, 950, 549, 316]","[458, 211, 103, 497, 572, 233, 148, 411, 508, 107, 170, 182, 535, 76, 725, 587, 645, 699, 636, 803, 760, 776, 823, 717]","[3, -4, -3, -3, -5, -4, 2, 5, -5, 0, 1, 4, 5, 3, 5, 4, 5, 5, 5, 5, 5, 5, 5, 5]","[-4, -3, -4, -4, -2, -3, -5, -2, -2, -5, -5, -4, -1, -5, -1, -3, -2, -1, -1, -2, -2, -2, 0, -1]"
450,167.92,3,False,1058,340,6,-7,[],[],[],[],"[357, 458, 853, 181]","[786, 706, 775, 699]","[-2, -28, 38, 94]","[-32, -55, 2, 11]","[692, 75, 151, 247, 262, 649, 359, 285, 801, 1012, 1097, 1118, 1071, 1050, 1183, 784, 877, 633, 750, 1050, 649, 416]","[388, 151, 17, 532, 164, 58, 378, 467, 7, 70, 102, 515, 705, 527, 605, 679, 616, 762, 720, 719, 823, 697]","[4, -4, -3, -5, -4, 3, 5, -5, 0, 1, 4, 5, 5, 4, 5, 5, 5, 5, 5, 5, 5, 5]","[-3, -3, -5, -2, -4, -4, -1, -3, -5, -5, -4, -1, -1, -3, -2, -1, -1, -3, -2, -3, 0, -1]"
451,168.25,3,False,1204,337,0,0,[],[],[],[],"[362, 445, 853, 229, 1058]","[755, 666, 756, 696, 688]","[72, 26, 12, 199, -14]","[-58, -61, -24, 5, 7]","[779, 147, 183, 459, 191, 1177, 1218, 1171, 1130, 1283, 884, 977, 733, 850, 1136, 749, 516, 427, 508, 902, 283, 1134]","[330, 492, 84, 358, 407, 22, 495, 685, 467, 565, 659, 596, 702, 680, 659, 823, 677, 788, 685, 762, 712, 702]","[5, -5, -3, 5, -4, 4, 5, 5, 4, 5, 5, 5, 5, 5, 4, 5, 5, 5, 4, 2, 4, 5]","[-2, -2, -4, -1, -3, -4, -1, -1, -3, -2, -1, -1, -3, -2, -3, 0, -1, -2, -4, -5, -4, -3]"
452,168.58,3,False,1026,364,-9,2,[],[],[],[],"[402, 462, 853, 325, 1036]","[725, 637, 736, 696, 688]","[172, 106, 12, 315, -54]","[-41, -29, -10, 25, 27]","[879, 47, 123, 559, 111, 1318, 1271, 1210, 1383, 984, 1077, 833, 950, 1216, 849, 616, 527, 588, 942, 363, 1234]","[290, 452, 4, 338, 347, 475, 665, 407, 525, 639, 576, 642, 640, 599, 823, 657, 748, 605, 662, 632, 642]","[5, -5, -3, 5, -4, 5, 5, 4, 5, 5, 5, 5, 5, 4, 5, 5, 5, 4, 2, 4, 5]","[-2, -2, -4, -1, -3, -1, -1, -3, -2, -1, -1, -3, -2, -3, 0, -1, -2, -4, -5, -4, -3]"
453,168.92,3,False,861,447,-8,4,[],[],[],[],"[477, 512, 853, 461, 996]","[705, 623, 727, 696, 688]","[252, 183, 12, 407, -92]","[-21, 11, 10, 45, 47]","[979, 659, 31, 1418, 1371, 1290, 1483, 1084, 1177, 933, 1050, 1296, 949, 716, 627, 668, 982, 443, 1321]","[255, 326, 272, 455, 645, 347, 485, 619, 556, 582, 600, 539, 806, 637, 708, 534, 562, 567, 582]","[5, 5, -4, 5, 5, 4, 5, 5, 5, 5, 5, 4, 5, 5, 5, 4, 2, 4, 4]","[-1, 0, -4, -1, -1, -3, -2, -1, -1, -3, -2, -3, -1, -1, -2, -3, -5, -3, -3]"
454,169.25,3,False,755,431,-8,-5,[803],[554],[-4],[3],"[583, 587, 853, 629, 944]","[685, 624, 727, 712, 706]","[317, 243, 12, 469, -112]","[-1, 51, 30, 65, 67]","[759, 1518, 1471, 1370, 1583, 1184, 1277, 1033, 1150, 1376, 1049, 816, 727, 748, 1022, 523, 1401, 623, 634, 905, 596, 1033]","[326, 434, 613, 287, 445, 599, 536, 522, 560, 469, 786, 617, 668, 474, 462, 507, 522, 708, 708, 677, 680, 652]","[5, 5, 5, 4, 5, 5, 5, 5, 5, 4, 5, 5, 5, 4, 2, 4, 4, 5, 5, 1, 4, -1]","[0, -2, -2, -3, -2, -1, -1, -3, -2, -4, -1, -1, -2, -3, -5, -3, -3, -2, 2, -5, -3, -5]"
455,169.58,2,False,595,334,-8,-4,[723],[614],[-4],[3],"[709, 685, 853, 809, 884]","[685, 644, 728, 732, 726]","[359, 287, 12, 497, -127]","[19, 91, 50, 85, 87]","[859, 1571, 1450, 1284, 1377, 1133, 1250, 1447, 1149, 916, 827, 1051, 603, 1481, 723, 734, 905, 676, 1013]","[326, 573, 220, 579, 512, 462, 502, 389, 766, 597, 628, 362, 447, 460, 668, 748, 577, 620, 552]","[5, 5, 4, 5, 5, 5, 5, 3, 5, 5, 5, 1, 4, 4, 5, 5, 0, 4, -1]","[0, -2, -4, -1, -2, -3, -3, -4, -1, -1, -2, -5, -3, -4, -2, 2, -5, -3, -5]"
456,169.92,2,False,493,403,-6,7,[643],[675],[-4],[4],"[849, 794, 852, 989, 824]","[685, 680, 748, 752, 747]","[359, 297, -2, 474, -141]","[25, 103, 56, 90, 93]","[959, 1530, 1384, 1477, 1233, 1347, 1501, 1249, 1016, 927, 1071, 683, 1556, 823, 834, 905, 756, 993, 842, 770, 874, 939, 858]","[326, 140, 559, 472, 402, 442, 298, 746, 577, 588, 262, 387, 380, 628, 772, 477, 560, 452, 685, 705, 742, 771, 757]","[5, 4, 5, 5, 5, 4, 2, 5, 5, 5, 1, 4, 3, 5, 5, 0, 4, -1, 0, -5, -2, -5, -4]","[0, -4, -1, -2, -3, -3, -5, -1, -1, -2, -5, -3, -4, -2, 1, -5, -3, -5, -5, -1, -5, -2, -4]"
457,170.25,2,False,446,569,6,7,[576],[755],[-3],[4],"[973, 894, 832, 1153, 748]","[685, 703, 752, 772, 767]","[307, 259, -42, 390, -168]","[5, 83, 19, 50, 57]","[1059, 1590, 1484, 1577, 1317, 1427, 1527, 1349, 1116, 1027, 1091, 763, 923, 934, 905, 836, 973, 842, 670, 834, 839, 778]","[326, 60, 539, 432, 342, 382, 198, 726, 557, 548, 162, 327, 587, 775, 377, 500, 352, 585, 685, 642, 731, 677]","[5, 3, 5, 5, 4, 4, 0, 5, 5, 5, 1, 4, 5, 5, 0, 4, -1, 0, -5, -2, -5, -4]","[0, -4, -1, -2, -3, -3, -5, -1, -1, -2, -5, -3, -3, 0, -5, -3, -5, -5, -1, -5, -2, -4]"
458,170.58,2,False,407,569,-8,-4,[528],[848],[-2],[5],"[1070, 977, 796, 1276, 668]","[670, 723, 741, 772, 770]","[233, 201, -80, 277, -180]","[-15, 63, -12, 10, 17]","[1159, 1584, 1397, 1507, 1520, 1449, 1216, 1127, 1111, 843, 1023, 1034, 888, 916, 948, 842, 570, 787, 739, 698]","[329, 519, 282, 322, 98, 706, 537, 508, 62, 267, 527, 773, 277, 440, 252, 485, 665, 542, 691, 597]","[5, 5, 4, 4, -1, 5, 5, 5, 1, 4, 5, 5, -1, 4, -2, 0, -5, -3, -5, -4]","[1, -1, -3, -3, -5, -1, -1, -2, -5, -3, -3, -1, -5, -3, -5, -5, -1, -5, -2, -4]"
459,170.92,2,False,300,423,-4,-8,[],[],[],[],"[1136, 1031, 756, 1350, 588]","[650, 736, 721, 757, 758]","[141, 129, -100, 143, -177]","[-35, 43, -32, -30, -23]","[1256, 1477, 1587, 1459, 1549, 1316, 1227, 923, 1123, 1069, 850, 996, 908, 842, 470, 727, 639, 618, 1043, 965, 750, 1246, 602]","[363, 222, 260, 15, 679, 517, 468, 207, 467, 704, 177, 380, 152, 385, 645, 442, 651, 537, 708, 709, 784, 807, 787]","[4, 4, 4, -4, 5, 5, 5, 4, 5, -3, -3, 4, -2, 0, -5, -3, -5, -4, -5, -4, -5, -5, -5]","[3, -3, -4, -3, -2, -1, -2, -3, -3, -4, -5, -3, -5, -5, -1, -5, -2, -3, 0, -3, 0, 0, -2]"
460,171.25,2,False,374,360,6,7,[],[],[],[],"[1162, 1057, 696, 1369, 508]","[630, 736, 699, 730, 737]","[41, 49, -119, 3, -157]","[-35, 23, -52, -57, -51]","[1278, 1557, 1416, 1327, 1003, 1203, 991, 787, 1076, 868, 842, 370, 667, 539, 538, 943, 885, 650, 1146, 502]","[453, 162, 481, 422, 137, 407, 640, 95, 300, 52, 285, 625, 354, 611, 477, 708, 649, 784, 807, 747]","[-3, 4, 5, 5, 4, 4, -4, -4, 4, -2, 0, -5, -3, -5, -4, -5, -4, -5, -5, -5]","[4, -3, -2, -3, -4, -3, -3, -4, -4, -5, -5, -1, -4, -2, -3, 0, -3, 0, 0, -2]"
461,171.58,1,False,493,489,0,0,[526],[520],[4],[3],"[1150, 1049, 636, 1331, 444]","[610, 736, 659, 690, 697]","[-45, -17, -105, -123, -105]","[-21, 17, -58, -63, -57]","[1189, 1516, 1424, 1083, 1283, 894, 707, 1155, 840, 270, 607, 439, 843, 805, 550, 1046, 402, 1170, 1055, 730, 1362, 496]","[505, 441, 362, 57, 347, 592, 28, 220, 185, 605, 274, 571, 708, 589, 774, 807, 707, 658, 764, 747, 751, 722]","[-5, 5, 4, 4, 4, -5, -4, 3, -1, -5, -3, -5, -5, -4, -5, -5, -5, -5, -5, 4, -5, -2]","[2, -2, -3, -4, -3, -2, -3, -4, -5, -1, -4, -2, 0, -3, -1, 0, -2, -1, -1, 4, 0, -5]"
462,171.92,1,False,467,365,5,-8,[606],[592],[4],[4],"[1109, 1025, 594, 1253, 410]","[600, 736, 633, 658, 671]","[-105, -57, -62, -212, -25]","[19, 37, -23, -43, -37]","[1089, 1504, 1363, 794, 1215, 820, 170, 547, 339, 743, 725, 450, 946, 309, 1070, 955, 810, 1262, 464]","[527, 302, 278, 552, 140, 85, 565, 194, 531, 708, 529, 754, 807, 649, 638, 744, 823, 751, 622]","[-5, 4, 4, -5, 3, -1, -5, -3, -5, -5, -4, -5, -5, -4, -5, -5, 4, -5, -1]","[1, -3, -4, -2, -4, -5, -2, -4, -2, 0, -3, -1, 0, -3, -1, -1, 3, 0, -5]"
463,172.25,1,False,623,275,9,-2,[686],[672],[4],[4],"[1049, 985, 571, 1142, 406]","[605, 744, 622, 638, 651]","[-148, -90, -2, -283, 55]","[59, 57, 17, -11, -17]","[989, 1584, 1437, 694, 1275, 70, 487, 239, 643, 645, 350, 846, 229, 970, 855, 895, 1162, 444]","[532, 240, 198, 512, 60, 525, 114, 491, 708, 469, 734, 807, 586, 618, 724, 878, 751, 522]","[-5, 4, 3, -5, 3, -5, -3, -5, -5, -4, -5, -5, -4, -5, -5, 5, -5, -1]","[0, -4, -4, -2, -4, -2, -4, -2, 0, -3, -1, 0, -4, -1, -1, 2, 0, -5]"
464,172.58,1,False,799,275,7,6,[766],[752],[4],[4],"[970, 935, 574, 1007, 435]","[625, 764, 626, 633, 643]","[-181, -110, 58, -330, 135]","[99, 64, 57, 29, 22]","[889, 1497, 600, 427, 139, 543, 565, 250, 746, 162, 870, 755, 988, 1062, 424, 1008, 1024, 623, 1073, 459]","[532, 118, 459, 34, 442, 708, 409, 714, 788, 505, 598, 704, 859, 751, 422, 583, 710, 572, 640, 611]","[-5, 3, -4, -3, -5, -5, -4, -5, -5, -3, -5, -5, 3, -5, -1, -4, 0, 1, -5, 0]","[0, -4, -3, -4, -3, 0, -3, -1, -1, -5, -1, -1, -4, 0, -5, -4, -5, -5, -2, -5]"
465,172.92,1,False,960,356,9,1,[846],[832],[4],[4],"[890, 875, 601, 867, 496]","[665, 784, 646, 643, 650]","[-199, -122, 118, -347, 215]","[132, 64, 97, 69, 62]","[789, 1549, 520, 45, 443, 485, 150, 646, 127, 770, 655, 1025, 962, 415, 928, 1024, 643, 973, 461]","[532, 20, 395, 382, 691, 341, 680, 768, 405, 578, 684, 764, 751, 322, 503, 610, 472, 600, 511]","[-5, 2, -4, -4, -5, -4, -5, -5, -1, -5, -5, 1, -5, 0, -4, 0, 1, -5, 1]","[0, -5, -4, -3, -1, -4, -2, -1, -5, -1, -1, -5, 0, -5, -4, -5, -5, -2, -5]"
466,173.25,1,False,1082,400,-7,6,[],[],[],[],"[803, 815, 641, 726, 586]","[705, 804, 685, 663, 670]","[-213, -136, 144, -351, 263]","[138, 50, 106, 83, 69]","[689, 460, 343, 405, 50, 546, 129, 670, 555, 1045, 862, 415, 848, 1024, 664, 873, 481, 899, 891, 699, 830, 632]","[520, 310, 671, 261, 640, 748, 305, 558, 664, 664, 751, 222, 423, 510, 372, 546, 411, 710, 807, 694, 669, 691]","[-5, -2, -5, -4, -5, -5, 1, -5, -5, 1, -5, 0, -4, 0, 2, -5, 1, 3, 2, 3, 3, 5]","[-1, -5, -1, -4, -2, -1, -5, -1, -1, -5, 0, -5, -4, -5, -5, -3, -5, -4, -5, -4, -4, -2]"
467,183.36,0,False,1012,460,-7,6,[1069],[500],[-4],[3],"[753, 784, 661, 646, 636]","[725, 804, 701, 673, 680]","[-224, -151, 144, -355, 266]","[128, 30, 96, 73, 59]","[639, 446, 293, 365, 496, 147, 620, 505, 1055, 812, 415, 808, 684, 823, 491, 929, 911, 729, 860, 682]","[510, 260, 661, 221, 738, 255, 548, 654, 614, 751, 172, 383, 322, 516, 361, 670, 757, 654, 629, 671]","[-5, -1, -5, -4, -5, 2, -5, -5, 1, -5, 0, -4, 2, -5, 1, 3, 2, 3, 3, 5]","[-1, -5, -1, -4, -1, -5, -1, -1, -5, 0, -5, -4, -5, -3, -5, -4, -5, -4, -4, -2]"
468,183.55,10,False,810,390,1,9,[],[],[],[],[531],[696],[10],[-10],[],[],[],[]
469,183.83,10,False,830,543,0,0,[],[],[],[],[531],[676],[30],[-30],[],[],[],[]
470,184.11,10,False,857,507,0,0,[],[],[],[],"[532, 939]","[656, 608]","[50, -30]","[-50, 0]",[],[],[],[]
471,184.4,10,False,718,595,0,0,[],[],[],[],"[556, 919]","[636, 608]","[110, -50]","[-16, 40]",[],[],[],[]
472,184.69,10,False,813,534,8,-5,[],[],[],[],"[603, 879, 852]","[629, 624, 620]","[170, -60, 0]","[24, 80, 20]",[],[],[],[]
473,184.98,10,False,944,403,7,-6,[],[],[],[],"[669, 839, 852]","[637, 655, 626]","[210, -60, 0]","[64, 118, 60]",[],[],[],[]
474,185.28,10,False,859,536,-6,7,[927],[565],[-4],[4],"[749, 799, 852, 326]","[657, 695, 647, 807]","[238, -60, 0, 50]","[98, 138, 100, 0]",[],[],[],[]
475,185.61,10,False,736,495,-8,-4,[847],[660],[-4],[5],"[838, 770, 852, 358]","[696, 744, 687, 807]","[251, -40, 0, 150]","[118, 158, 122, 0]",[],[],[],[]
476,185.91,10,False,572,403,-4,-9,[767],[760],[-4],[5],"[918, 740, 832, 421, 615]","[734, 789, 727, 787, 704]","[207, -60, -40, 205, 0]","[98, 121, 102, -40, -10]",[],[],[],[]
477,186.21,10,False,686,316,9,-2,[],[],[],[],"[979, 797, 501, 615]","[754, 749, 752, 684]","[147, -79, 245, 0]","[75, 82, -80, -30]",[],[],[],[]
478,186.51,10,False,865,327,8,5,[],[],[],[],"[1013, 757, 597, 615, 248]","[766, 766, 711, 664, 733]","[78, -99, 265, 0, 40]","[35, 44, -101, -50, -10]",[],[],[],[]
479,186.81,10,False,821,493,-5,8,[871],[528],[-4],[5],"[1019, 698, 697, 615, 272]","[763, 766, 651, 624, 713]","[-2, -119, 266, 0, 120]","[-5, 4, -121, -57, -30]",[],[],[],[]
480,187.12,10,False,791,471,5,-8,[],[],[],[],"[991, 638, 615, 325]","[743, 748, 600, 693]","[-78, -119, 0, 192]","[-38, -34, -57, -50]",[],[],[],[]
481,187.41,10,False,916,365,0,0,[],[],[],[],"[951, 589, 615, 413]","[723, 728, 600, 673]","[-98, -74, 40, 290]","[-18, -14, -17, -30]",[],[],[],[]
482,187.71,10,False,864,416,-9,4,[],[],[],[],"[893, 562, 631, 537, 1318]","[706, 715, 600, 653, 759]","[-116, -14, 80, 365, -50]","[2, 6, 23, -10, 0]",[],[],[],[]
483,188.01,10,False,699,497,-9,0,[],[],[],[],"[833, 558, 662, 685, 1268]","[706, 715, 607, 647, 759]","[-116, 46, 120, 415, -139]","[22, 26, 63, 27, 0]",[],[],[],[]
484,188.33,10,False,519,466,-9,0,[],[],[],[],"[773, 580, 708, 845, 1185]","[706, 715, 629, 656, 759]","[-107, 106, 158, 432, -216]","[42, 46, 103, 62, 0]",[],[],[],[]
485,188.64,10,False,516,536,8,4,[559],[581],[6],[3],"[727, 624, 768, 1005, 1076]","[719, 732, 669, 676, 759]","[-87, 157, 178, 419, -272]","[62, 66, 134, 82, 0]",[],[],[],[]
486,188.93,10,False,444,461,-6,-7,[679],[641],[6],[3],"[680, 684, 827, 1145, 943]","[731, 748, 709, 696, 739]","[-101, 157, 149, 333, -344]","[42, 46, 114, 62, -29]",[],[],[],[]
487,189.23,10,False,459,316,8,-5,[782],[701],[5],[3],"[620, 737, 867, 1246, 785]","[731, 748, 743, 708, 719]","[-101, 143, 109, 223, -389]","[22, 26, 94, 42, -49]",[],[],[],[]
488,189.53,10,False,575,293,9,-2,[],[],[],[],"[573, 777, 891, 1301, 885]","[731, 748, 763, 708, 615]","[-88, 123, 69, 103, -20]","[2, 6, 62, 22, 0]",[],[],[],[]
489,189.83,10,False,755,297,9,3,[],[],[],[],"[533, 814, 900, 1302, 860]","[713, 734, 769, 708, 615]","[-68, 95, 29, -37, -60]","[-18, -14, 22, 2, 0]",[],[],[],[]
490,190.14,10,False,792,473,1,9,[829],[505],[1],[6],"[496, 834, 894, 1251, 820]","[693, 714, 760, 690, 615]","[-45, 55, -11, -159, -100]","[-38, -34, -18, -18, 0]",[],[],[],[]
491,190.44,10,False,860,372,6,-7,[849],[625],[1],[6],"[485, 854, 874, 1161, 780]","[673, 694, 740, 673, 615]","[35, 55, -11, -232, -90]","[-18, -14, -8, 2, 40]",[],[],[],[]
492,190.75,10,False,1024,313,9,-1,[],[],[],[],"[506, 874, 1047, 740]","[656, 681, 673, 631]","[113, 55, -284, -70]","[2, 6, 22, 80]",[],[],[],[]
493,191.04,10,False,1033,313,0,0,[],[],[],[],"[554, 894, 915, 701]","[656, 681, 673, 662]","[173, 55, -312, -50]","[22, 26, 42, 115]",[],[],[],[]
494,191.34,10,False,965,440,-6,7,[],[],[],[],"[626, 906, 775, 681]","[656, 681, 686, 702]","[227, 42, -312, -11]","[42, 46, 62, 135]",[],[],[],[]
495,191.63,10,False,1039,455,9,-3,[],[],[],[],"[715, 906, 644, 676]","[669, 698, 706, 748]","[265, 22, -283, 29]","[62, 66, 82, 155]",[],[],[],[]
496,191.96,10,False,1183,448,9,3,[],[],[],[],"[810, 893, 524, 676, 1093]","[681, 714, 726, 791, 629]","[243, -31, -271, 29, -97]","[42, 46, 62, 116, 0]","[861, 1041, 718, 772, 1137]","[711, 714, 647, 706, 564]","[5, 5, 2, 4, -1]","[0, -1, -5, -4, -5]"
497,192.3,10,False,1060,393,-8,-5,[],[],[],[],"[890, 862, 412, 676, 1026]","[681, 714, 738, 819, 629]","[203, -71, -235, 29, -177]","[22, 26, 42, 76, 0]","[961, 1141, 758, 852, 1117]","[702, 694, 547, 626, 464]","[5, 5, 2, 4, -1]","[-1, -1, -5, -4, -5]"
498,192.63,10,False,888,321,-9,-3,[],[],[],[],"[950, 816, 320, 676, 931]","[681, 714, 738, 830, 629]","[147, -111, -178, 29, -244]","[2, 6, 22, 36, 0]","[1061, 1241, 798, 932, 1097, 909, 885, 442, 711, 1011]","[682, 674, 447, 546, 364, 696, 699, 763, 815, 614]","[5, 5, 2, 4, -1, -5, 1, 5, 0, 0]","[-1, -1, -5, -4, -5, -2, -5, -1, -5, -5]"
499,192.96,10,False,932,347,9,1,[],[],[],[],"[985, 756, 252, 676, 813]","[663, 700, 738, 828, 629]","[87, -137, -103, 29, -290]","[-18, -14, 2, -4, 0]","[1161, 1341, 838, 998, 1077, 809, 905, 542, 711, 1011]","[662, 644, 347, 466, 264, 655, 599, 743, 715, 514]","[5, 5, 2, 3, -1, -5, 1, 5, 0, 0]","[-1, -2, -5, -4, -5, -3, -5, -1, -5, -5]"
500,193.3,10,False,1112,342,9,-2,[],[],[],[],"[997, 689, 219, 676, 680]","[643, 680, 720, 808, 629]","[27, -155, -23, 29, -311]","[-31, -34, -18, -44, 0]","[1261, 1441, 878, 1058, 1057, 715, 925, 642, 720, 1011]","[642, 604, 247, 386, 164, 595, 499, 723, 615, 414]","[5, 5, 2, 3, -1, -4, 1, 5, 1, 0]","[-1, -2, -5, -4, -5, -3, -5, -1, -5, -5]"
501,193.63,9,False,1047,279,-9,-1,[],[],[],[],"[997, 627, 224, 686, 555]","[628, 660, 703, 788, 629]","[7, -115, 97, 69, -264]","[9, -14, 2, -44, 40]","[1361, 1541, 918, 1037, 635, 945, 742, 740, 1011, 1052, 755, 367, 791, 808]","[622, 564, 147, 64, 535, 399, 703, 515, 314, 577, 621, 748, 762, 664]","[5, 5, 2, -1, -4, 1, 5, 1, 0, 1, 2, 5, 4, 5]","[-1, -2, -5, -5, -3, -5, -1, -5, -5, -5, -5, -1, -4, 0]"
502,193.97,9,False,1202,332,6,7,[],[],[],[],"[984, 580, 279, 711, 453]","[628, 649, 703, 768, 645]","[-13, -65, 217, 104, -195]","[49, 16, 22, -44, 80]","[1461, 958, 557, 965, 842, 760, 1011, 1072, 795, 467, 871, 908]","[602, 47, 458, 299, 683, 415, 214, 477, 521, 728, 682, 660]","[5, 2, -3, 1, 5, 1, 0, 1, 2, 5, 4, 5]","[-1, -5, -4, -5, -1, -5, -5, -5, -5, -1, -4, -1]"
503,194.3,9,False,1164,456,9,0,[1192],[503],[-3],[4],"[964, 556, 379, 751, 382]","[648, 653, 703, 748, 672]","[-33, -5, 323, 124, -109]","[89, 54, 42, -42, 106]","[1561, 497, 998, 942, 780, 1011, 1092, 835, 567, 951, 1008, 1052, 640, 414, 830, 501]","[565, 376, 199, 663, 315, 114, 377, 421, 708, 602, 640, 648, 654, 738, 794, 678]","[5, -3, 2, 5, 1, 0, 1, 2, 5, 4, 5, 3, 4, 5, 5, 5]","[-2, -5, -5, -1, -5, -5, -5, -5, -1, -4, -1, -4, -3, 0, -1, -2]"
504,194.63,9,False,1335,455,9,0,[1132],[583],[-3],[4],"[941, 557, 516, 791, 350]","[681, 673, 716, 728, 712]","[-53, 55, 406, 144, -9]","[112, 74, 62, -22, 126]","[455, 1038, 1042, 805, 1011, 1112, 875, 667, 1031, 1108, 1112, 720, 514, 930, 601]","[276, 99, 643, 215, 14, 277, 321, 688, 522, 620, 568, 594, 738, 774, 638]","[-1, 2, 5, 2, 0, 1, 2, 5, 4, 5, 3, 4, 5, 5, 5]","[-5, -5, -1, -5, -5, -5, -5, -1, -4, -1, -4, -3, 0, -1, -2]"
505,194.96,9,False,1396,572,-3,9,[1072],[663],[-3],[4],"[901, 583, 680, 831, 358]","[721, 693, 736, 708, 752]","[-73, 115, 457, 149, 91]","[132, 94, 82, -2, 146]","[447, 1142, 845, 1132, 915, 767, 1111, 1208, 1172, 800, 614, 1030, 701]","[176, 623, 115, 177, 221, 668, 442, 600, 488, 534, 738, 754, 598]","[0, 5, 2, 1, 2, 5, 4, 5, 3, 4, 5, 5, 5]","[-5, -1, -5, -5, -5, -1, -4, -1, -4, -3, 0, -1, -2]"
506,195.3,9,False,1307,600,-8,4,[1012],[743],[-3],[4],"[854, 623, 850, 871, 397]","[761, 713, 756, 688, 792]","[-114, 124, 434, 109, 151]","[107, 74, 57, -22, 106]","[483, 1242, 885, 1152, 968, 867, 1191, 1308, 1232, 880, 714, 1130, 801, 1048, 732, 828, 980, 505]","[81, 603, 15, 77, 121, 648, 369, 580, 408, 474, 738, 734, 558, 772, 741, 736, 734, 760]","[3, 5, 2, 1, 3, 5, 4, 5, 3, 4, 5, 5, 5, 5, 5, 5, 5, 5]","[-4, -1, -5, -5, -5, -1, -3, -1, -4, -3, 0, -1, -2, 0, 0, -2, -1, -2]"
507,195.63,8,False,1175,511,-2,-9,[],[],[],[],"[792, 663, 895, 457]","[784, 733, 668, 812]","[-152, 124, 69, 193]","[67, 54, -42, 66]","[571, 1028, 967, 1271, 1408, 1292, 970, 814, 1230, 901, 1148, 832, 928, 1080, 605]","[23, 36, 628, 309, 560, 328, 414, 738, 714, 518, 772, 741, 696, 714, 720]","[5, 3, 5, 4, 5, 3, 5, 5, 5, 5, 5, 5, 5, 5, 5]","[-2, -4, -1, -3, -1, -4, -3, 0, -1, -2, 0, 0, -2, -1, -2]"
508,195.96,8,False,1164,331,-4,-9,[],[],[],[],"[712, 703, 903, 534, 807]","[792, 737, 636, 815, 723]","[-172, 123, 15, 225, -20]","[27, 34, -55, 26, -10]","[671, 1067, 1351, 1508, 1352, 1070, 914, 1330, 1001, 1248, 932, 1028, 1180, 705, 813, 760, 978, 583, 905]","[6, 608, 249, 540, 248, 354, 738, 694, 478, 772, 741, 656, 694, 680, 787, 742, 659, 840, 741]","[5, 5, 4, 5, 3, 5, 5, 5, 5, 5, 5, 5, 5, 5, 3, 4, 4, 5, 4]","[0, -1, -3, -1, -4, -3, 0, -1, -2, 0, 0, -2, -1, -2, -4, -3, -3, -1, -4]"
509,196.3,8,False,1026,224,-9,-1,[],[],[],[],"[632, 743, 888, 614, 787]","[785, 737, 600, 808, 703]","[-175, 103, -33, 242, -47]","[-13, 14, -55, -14, -30]","[771, 1167, 1431, 1412, 1170, 1014, 1430, 1101, 1348, 1032, 1128, 1280, 805, 873, 840, 1058, 683, 985]","[6, 588, 189, 168, 294, 718, 656, 438, 765, 741, 616, 662, 640, 707, 682, 599, 820, 661]","[5, 5, 4, 3, 5, 5, 5, 5, 5, 5, 5, 5, 5, 3, 4, 4, 5, 4]","[0, -1, -3, -4, -3, -1, -2, -2, -1, 0, -2, -2, -2, -4, -3, -3, -1, -4]"
510,196.63,8,False,847,260,-8,4,[],[],[],[],"[552, 766, 856, 694, 750]","[763, 731, 600, 786, 683]","[-163, 83, -73, 242, -67]","[-53, -6, -55, -54, -50]","[871, 1267, 1511, 1472, 1270, 1114, 1530, 1201, 1448, 1132, 1228, 1380, 905, 933, 920, 1138, 783, 1064]","[6, 568, 123, 88, 234, 698, 616, 398, 745, 741, 576, 622, 600, 627, 622, 539, 800, 581]","[5, 5, 4, 3, 5, 5, 5, 5, 5, 5, 5, 5, 5, 3, 4, 4, 5, 3]","[0, -1, -4, -4, -3, -1, -2, -2, -1, 0, -2, -2, -2, -4, -3, -3, -1, -4]"
511,196.96,8,False,739,395,-9,1,[839],[431],[-1],[5],"[489, 790, 816, 789, 714]","[734, 726, 600, 746, 663]","[-99, 103, -73, 264, -47]","[-40, 14, -15, -52, -30]","[971, 1367, 1591, 1532, 1358, 1214, 1301, 1548, 1232, 1328, 1480, 1005, 993, 1000, 1218, 883, 1124, 615, 856, 903, 745, 861]","[18, 548, 43, 8, 174, 678, 358, 725, 735, 536, 582, 560, 533, 562, 479, 780, 501, 708, 679, 549, 731, 649]","[5, 5, 4, 3, 4, 5, 5, 5, 5, 5, 5, 5, 3, 4, 4, 5, 3, 1, 2, 0, 0, 3]","[1, -1, -4, -4, -3, -1, -2, -1, -1, -2, -2, -2, -5, -3, -3, -1, -4, -5, -5, -5, -5, -4]"
512,197.3,8,False,559,395,-9,-1,[819],[531],[-1],[5],"[457, 830, 776, 889, 694]","[714, 726, 600, 725, 643]","[-19, 109, -61, 267, -21]","[-20, 34, 25, -32, -3]","[1071, 1467, 1438, 1314, 1401, 1332, 1428, 1580, 1105, 1053, 1080, 1298, 983, 1184, 635, 896, 903, 745, 921]","[51, 528, 114, 658, 318, 715, 494, 542, 520, 433, 502, 402, 744, 421, 608, 579, 449, 631, 569]","[5, 5, 4, 5, 5, 5, 5, 5, 5, 3, 4, 4, 5, 3, 1, 2, 0, 0, 3]","[2, -1, -3, -1, -2, -1, -3, -2, -2, -5, -3, -4, -2, -4, -5, -5, -5, -5, -4]"
513,197.63,8,False,379,388,-9,0,[799],[631],[-1],[5],"[456, 870, 746, 989, 684]","[695, 731, 608, 705, 642]","[61, 109, -41, 250, 19]","[0, 54, 65, -12, 37]","[1155, 1567, 1518, 1414, 1501, 1432, 1523, 1205, 1107, 1160, 1370, 1083, 1244, 655, 936, 884, 745, 981, 448, 847, 750, 935, 669]","[113, 508, 54, 633, 278, 695, 434, 480, 333, 433, 322, 704, 341, 508, 479, 349, 531, 488, 708, 721, 605, 725, 667]","[3, 5, 4, 5, 5, 5, 4, 5, 2, 4, 3, 5, 3, 1, 2, -1, 0, 3, -4, -4, -4, -5, -5]","[4, -1, -3, -2, -2, -1, -3, -2, -5, -4, -4, -2, -4, -5, -5, -5, -5, -5, -3, -4, -3, -3, -1]"
514,197.96,8,False,241,495,-5,8,[],[],[],[],"[487, 910, 1069, 689]","[695, 751, 694, 656]","[141, 105, 213, 59]","[20, 74, 8, 72]","[1197, 1514, 1532, 1305, 1147, 1240, 1430, 1183, 1303, 675, 969, 850, 745, 1030, 368, 767, 670, 835, 569]","[207, 593, 675, 422, 233, 353, 237, 664, 247, 408, 379, 249, 431, 388, 648, 654, 545, 665, 647]","[1, 5, 5, 5, 2, 4, 3, 5, 2, 1, 1, -2, 0, 2, -4, -4, -4, -5, -5]","[5, -2, -1, -3, -5, -4, -5, -2, -5, -5, -5, -5, -5, -5, -3, -3, -3, -3, -1]"
515,198.3,8,False,192,427,5,-8,[],[],[],[],"[548, 935, 1135, 709]","[695, 771, 694, 676]","[207, 85, 162, 91]","[40, 74, 28, 92]","[1185, 1399, 1187, 1319, 1470, 1283, 1343, 695, 989, 794, 745, 1065, 288, 687, 590, 735, 469]","[307, 362, 133, 273, 137, 624, 147, 308, 279, 162, 331, 288, 588, 594, 485, 605, 627]","[-2, 4, 2, 3, 1, 5, 2, 1, 1, -3, 0, 1, -4, -4, -4, -5, -5]","[5, -3, -5, -4, -5, -2, -5, -5, -5, -4, -5, -5, -3, -3, -3, -3, -1]"
516,198.63,8,False,317,325,0,0,[],[],[],[],"[628, 946, 1169, 729, 1181]","[695, 783, 694, 696, 640]","[221, 25, 62, 71, -112]","[20, 34, 8, 72, 0]","[1129, 1479, 1223, 1379, 1479, 1382, 1373, 715, 1009, 715, 745, 1078, 208, 607, 510, 635, 369, 487, 905, 1073, 659, 1150]","[395, 302, 33, 193, 37, 570, 47, 208, 179, 91, 231, 188, 521, 534, 425, 553, 607, 707, 761, 709, 686, 635]","[-4, 4, 1, 3, 0, 4, 1, 1, 1, -4, 0, 0, -4, -4, -4, -5, -5, -5, -4, -5, -5, -5]","[4, -3, -5, -4, -5, -3, -5, -5, -5, -3, -5, -5, -4, -3, -3, -3, -1, -2, -3, -1, -2, -2]"
517,198.96,8,False,368,495,1,9,[],[],[],[],"[708, 934, 1163, 749, 1105]","[695, 780, 682, 716, 640]","[220, -35, -38, 51, -212]","[0, -6, -12, 52, 0]","[1049, 1559, 1439, 1462, 727, 1016, 627, 745, 1078, 128, 527, 430, 535, 269, 387, 825, 973, 559, 1050]","[461, 242, 113, 510, 108, 79, 34, 131, 88, 441, 474, 365, 501, 587, 667, 701, 689, 646, 595]","[-4, 4, 3, 4, 0, 0, -5, 0, 0, -4, -4, -4, -5, -5, -5, -4, -5, -5, -5]","[3, -3, -4, -3, -5, -5, -2, -5, -5, -4, -3, -3, -2, -1, -2, -3, -1, -2, -2]"
518,199.3,8,False,472,528,7,-6,[],[],[],[],"[788, 899, 1117, 750, 994]","[675, 760, 662, 718, 640]","[200, -95, -138, 31, -292]","[-20, -46, -32, 32, 0]","[958, 1493, 1542, 727, 745, 48, 447, 350, 435, 169, 287, 745, 873, 459, 950, 744, 914, 1140, 775, 1033]","[521, 13, 443, 8, 31, 361, 414, 305, 461, 567, 627, 641, 669, 606, 555, 706, 806, 708, 703, 665]","[-5, 2, 4, 0, 0, -4, -4, -4, -5, -5, -5, -4, -5, -5, -5, -5, -5, -5, -1, -5]","[3, -5, -4, -5, -5, -4, -3, -3, -2, -1, -2, -3, -1, -2, -2, -2, -1, -1, -5, -1]"
519,199.63,8,False,578,373,5,-8,[],[],[],[],"[848, 841, 1033, 750, 856]","[655, 722, 642, 718, 640]","[165, -135, -223, 11, -346]","[-40, -72, -44, 12, 0]","[858, 367, 252, 335, 69, 190, 665, 773, 359, 850, 644, 814, 1040, 755, 933]","[563, 354, 245, 421, 539, 578, 581, 648, 566, 515, 666, 786, 688, 603, 645]","[-5, -4, -5, -5, -5, -4, -4, -5, -5, -5, -5, -5, -5, -1, -5]","[2, -3, -3, -2, -2, -3, -3, -2, -2, -2, -2, -1, -1, -5, -1]"
520,199.96,8,False,638,379,1,9,[677],[406],[1],[5],"[895, 768, 919, 741, 698]","[635, 682, 622, 710, 640]","[125, -167, -290, -9, -374]","[-45, -92, -44, -8, 0]","[758, 287, 169, 235, 110, 585, 673, 259, 750, 544, 714, 940, 735, 833]","[603, 294, 185, 368, 511, 521, 608, 526, 475, 619, 761, 668, 503, 625]","[-5, -4, -4, -5, -4, -4, -5, -5, -5, -5, -5, -5, -1, -5]","[2, -3, -3, -3, -4, -3, -2, -2, -2, -3, -2, -1, -5, -1]"
521,200.3,8,False,663,221,7,-6,[692],[506],[0],[5],"[935, 692, 799, 733, 547]","[615, 642, 602, 703, 640]","[108, -145, -294, 11, -327]","[-5, -68, -4, 12, 40]","[658, 207, 89, 135, 56, 505, 573, 159, 650, 455, 614, 840, 715, 733, 844, 711, 873, 789, 725]","[631, 234, 125, 308, 423, 461, 568, 480, 435, 559, 721, 648, 403, 605, 661, 675, 581, 658, 575]","[-5, -4, -4, -5, -2, -4, -5, -5, -5, -4, -5, -5, -1, -5, -5, -5, -4, 0, 0]","[1, -3, -3, -3, -5, -3, -2, -3, -2, -3, -2, -1, -5, -1, -1, -3, -4, -5, -5]"
522,200.63,8,False,837,172,9,0,[],[],[],[],"[963, 632, 733, 419]","[613, 614, 703, 656]","[88, -105, 31, -254]","[35, -28, 32, 75]","[558, 127, 9, 55, 43, 425, 473, 70, 550, 375, 514, 740, 695, 633, 744, 623, 793, 789, 725]","[646, 160, 65, 248, 323, 401, 528, 420, 395, 496, 681, 613, 303, 585, 638, 615, 501, 558, 475]","[-5, -4, -4, -4, 0, -4, -5, -4, -5, -4, -5, -5, -1, -5, -5, -4, -4, 0, 0]","[0, -4, -3, -3, -5, -3, -2, -3, -2, -4, -2, -2, -5, -1, -2, -3, -4, -5, -5]"
523,200.96,8,False,1017,189,9,2,[],[],[],[],"[983, 590, 735, 328, 652]","[626, 601, 706, 676, 830]","[68, -60, 51, -158, 20]","[75, 12, 52, 95, 0]","[458, 50, 74, 345, 373, 450, 305, 414, 640, 675, 533, 644, 543, 713, 789, 725, 1033, 655, 778, 455, 727]","[646, 80, 224, 323, 488, 355, 416, 641, 573, 203, 565, 598, 555, 421, 458, 375, 616, 600, 688, 678, 825]","[-5, -3, 3, -4, -5, -5, -3, -5, -5, -1, -5, -5, -4, -4, 0, 0, 1, 0, 1, 5, 4]","[0, -4, -4, -4, -2, -2, -4, -2, -2, -5, -1, -2, -3, -4, -5, -5, -5, -5, -5, -3, -4]"
524,201.3,8,False,1016,298,-7,6,[],[],[],[],"[1001, 568, 755, 277, 658]","[654, 603, 726, 712, 830]","[46, 0, 71, -47, 60]","[114, 52, 72, 115, 0]","[358, 147, 265, 273, 350, 256, 314, 540, 655, 433, 544, 463, 633, 789, 725, 1053, 671, 798, 555, 807]","[632, 152, 243, 448, 315, 321, 591, 533, 103, 539, 558, 478, 341, 358, 275, 516, 500, 588, 618, 745]","[-5, 4, -4, -5, -5, -2, -5, -5, -1, -5, -5, -4, -4, 0, 0, 1, 1, 1, 5, 4]","[-2, -3, -4, -2, -2, -5, -3, -2, -5, -2, -2, -4, -4, -5, -5, -5, -5, -5, -3, -4]"
525,201.63,8,False,1166,326,9,0,[],[],[],[],"[1001, 572, 775, 274, 679]","[694, 623, 746, 752, 830]","[6, 60, 91, 73, 100]","[134, 92, 92, 135, 0]","[279, 244, 203, 173, 250, 239, 227, 440, 647, 333, 444, 400, 564, 790, 738, 1073, 691, 818, 655, 887]","[568, 106, 163, 408, 275, 221, 531, 493, 3, 499, 510, 398, 261, 258, 175, 416, 400, 488, 558, 665]","[-2, 5, -3, -5, -5, 0, -4, -5, 0, -5, -5, -3, -3, 1, 1, 1, 1, 1, 5, 4]","[-5, -2, -4, -2, -2, -5, -3, -2, -5, -2, -3, -4, -4, -5, -5, -5, -5, -5, -3, -4]"
526,201.96,8,False,1316,385,1,9,[],[],[],[],"[980, 592, 795, 309, 710]","[734, 643, 766, 789, 788]","[-56, 80, 71, 150, 91]","[114, 92, 57, 95, -40]","[297, 344, 143, 73, 150, 250, 147, 340, 233, 359, 348, 504, 810, 770, 1093, 711, 841, 755, 967, 976, 722, 925, 421, 808]","[472, 82, 81, 368, 235, 121, 469, 453, 459, 450, 304, 181, 158, 75, 316, 300, 388, 498, 585, 651, 633, 756, 760, 796]","[3, 5, -3, -5, -5, 2, -4, -5, -5, -4, -2, -3, 1, 2, 1, 1, 2, 5, 4, -3, 5, 5, 5, 4]","[-4, -1, -5, -2, -2, -5, -4, -2, -2, -3, -5, -4, -5, -5, -5, -5, -5, -3, -4, -4, -2, -2, -2, -4]"
527,202.3,8,False,1203,516,-8,5,[1261],[557],[-5],[3],"[934, 612, 808, 373, 730]","[765, 663, 769, 809, 753]","[-116, 89, 37, 210, 71]","[83, 80, 17, 55, -80]","[385, 444, 50, 311, 72, 240, 133, 279, 319, 444, 835, 1113, 735, 881, 855, 1047, 924, 822, 1025, 521, 888]","[415, 76, 195, 35, 389, 413, 419, 380, 204, 101, 58, 216, 200, 288, 438, 505, 553, 593, 716, 720, 729]","[5, 5, -5, 4, -3, -5, -5, -4, -1, -3, 2, 1, 2, 2, 5, 4, -2, 5, 5, 5, 4]","[-2, 0, -2, -3, -4, -2, -2, -4, -5, -4, -5, -5, -5, -5, -3, -4, -5, -2, -2, -2, -3]"
528,202.63,8,False,1236,453,2,-9,[1161],[617],[-5],[3],"[865, 632, 806, 457, 750]","[781, 683, 757, 811, 711]","[-168, 89, -3, 257, 51]","[43, 60, -23, 15, -102]","[485, 544, 12, 140, 33, 214, 317, 384, 1133, 775, 921, 955, 1127, 884, 922, 1125, 621, 968, 965, 722, 893, 502, 837]","[388, 76, 304, 366, 377, 300, 104, 13, 116, 100, 188, 391, 425, 453, 553, 676, 680, 669, 770, 713, 801, 816, 777]","[5, 5, -3, -5, -5, -3, 0, -3, 1, 2, 2, 5, 4, -2, 5, 5, 5, 4, 2, 5, 5, 5, 5]","[-1, 0, -5, -3, -3, -4, -5, -5, -5, -5, -5, -2, -4, -5, -2, -2, -2, -3, -5, -1, 0, -3, 0]"
529,202.96,8,False,1235,275,-5,-8,[1061],[677],[-5],[3],"[781, 652, 786, 557, 751]","[781, 693, 737, 798, 651]","[-205, 89, -29, 286, 31]","[3, 40, -50, -25, -122]","[585, 644, 46, 175, 343, 1153, 961, 1055, 1207, 854, 1022, 1225, 721, 1048, 1005, 822, 993, 602, 937]","[368, 76, 306, 201, 4, 16, 88, 351, 345, 353, 513, 634, 640, 609, 670, 693, 801, 756, 777]","[5, 5, -4, -1, 2, 1, 2, 5, 4, -1, 5, 5, 5, 4, 2, 5, 5, 5, 5]","[-1, 0, -3, -5, -5, -5, -5, -2, -4, -5, -2, -3, -2, -3, -5, -1, 0, -3, 0]"
530,203.3,8,False,1341,307,7,7,[961],[737],[-5],[3],"[681, 672, 766, 657, 751]","[762, 693, 697, 770, 600]","[-222, 89, -49, 295, 11]","[-37, 20, -70, -65, -123]","[685, 744, 176, 1155, 1287, 841, 1122, 1325, 821, 1128, 1045, 922, 1093, 702, 1037]","[356, 76, 101, 311, 265, 253, 473, 574, 600, 549, 570, 673, 801, 696, 777]","[5, 5, 1, 5, 4, 0, 5, 5, 5, 4, 2, 5, 5, 5, 5]","[0, 0, -5, -2, -4, -5, -2, -3, -2, -3, -5, -1, 0, -3, 0]"
531,203.63,8,False,1273,388,-9,-1,[861],[797],[-5],[3],"[591, 707, 746, 775, 751]","[742, 693, 658, 730, 600]","[-180, 126, -29, 323, 31]","[-29, 40, -50, -55, -83]","[785, 844, 228, 1255, 1367, 841, 1222, 1425, 921, 1208, 1085, 1022, 1193, 802, 1137, 817, 808, 911, 807, 886]","[356, 76, 11, 271, 185, 153, 433, 514, 560, 489, 470, 653, 801, 636, 777, 782, 728, 721, 793, 595]","[5, 5, 4, 5, 4, 0, 5, 5, 5, 4, 2, 5, 5, 5, 5, 5, 5, 5, 5, 5]","[0, 0, -4, -2, -4, -5, -2, -3, -2, -3, -5, -1, 0, -3, 0, -1, 0, -1, -1, -2]"
532,203.96,6,False,1093,372,-9,0,[761],[850],[-5],[2],"[522, 747, 726, 895, 753]","[722, 704, 638, 706, 600]","[-120, 146, -9, 328, 51]","[-9, 60, -18, -35, -43]","[885, 944, 1355, 1447, 855, 1525, 1021, 1288, 1122, 1293, 902, 1237, 917, 908, 1011, 907, 986]","[356, 94, 231, 105, 53, 454, 520, 429, 633, 801, 576, 777, 762, 728, 701, 773, 555]","[5, 5, 5, 4, 1, 5, 5, 4, 5, 5, 5, 5, 5, 5, 5, 5, 5]","[0, 1, -2, -4, -5, -3, -2, -3, -1, 0, -3, 0, -1, 0, -1, -1, -2]"
533,204.3,6,False,913,414,-9,1,[661],[890],[-5],[2],"[477, 804, 718, 1015, 773]","[714, 724, 630, 686, 600]","[-48, 165, 11, 307, 71]","[11, 80, 22, -15, -3]","[985, 1044, 1455, 1527, 1121, 1368, 1222, 1393, 1002, 1337, 1017, 1008, 1111, 1007, 1086, 579, 841, 773, 1011, 863]","[356, 114, 191, 25, 480, 349, 613, 787, 516, 759, 742, 728, 681, 753, 515, 739, 709, 615, 685, 659]","[5, 5, 5, 4, 5, 4, 5, 5, 5, 5, 5, 5, 5, 5, 5, 5, 2, 2, 1, 5]","[0, 1, -2, -4, -2, -4, -1, -1, -3, -1, -1, 0, -1, -1, -2, -1, -5, -5, -5, 1]"
534,204.63,6,False,733,439,-9,4,[],[],[],[],"[466, 864, 718, 1118, 793]","[714, 745, 637, 672, 600]","[32, 165, 31, 264, 91]","[31, 100, 62, 5, 37]","[1085, 1144, 1555, 1221, 1448, 1322, 1493, 1102, 1437, 1117, 1108, 1211, 1107, 1186, 679, 881, 813, 1022, 963]","[356, 134, 151, 440, 269, 593, 767, 456, 739, 722, 728, 644, 732, 475, 719, 609, 515, 585, 665]","[5, 5, 5, 5, 4, 5, 5, 5, 5, 5, 5, 5, 5, 5, 5, 2, 2, 0, 5]","[0, 1, -2, -2, -4, -1, -1, -3, -1, -1, 0, -2, -2, -2, -1, -5, -5, -5, 0]"
535,204.96,6,False,594,476,-9,-3,[725],[596],[-2],[5],"[486, 924, 720, 1202, 813]","[716, 785, 657, 672, 614]","[112, 158, 51, 204, 99]","[51, 103, 96, 25, 77]","[1185, 1244, 1321, 1528, 1422, 1593, 1202, 1537, 1217, 1208, 1311, 1207, 1286, 779, 921, 853, 1022, 1063]","[356, 172, 400, 189, 573, 738, 396, 719, 682, 711, 604, 692, 435, 699, 509, 415, 485, 665]","[5, 5, 5, 4, 5, 5, 5, 5, 5, 5, 5, 5, 5, 5, 2, 2, 0, 5]","[0, 2, -2, -4, -1, -2, -3, -1, -2, -1, -2, -2, -2, -1, -5, -5, -5, 0]"
536,205.3,6,False,414,416,-9,-3,[694],[696],[-1],[5],"[526, 965, 721, 1248, 833]","[717, 806, 677, 672, 634]","[140, 98, 31, 84, 59]","[31, 63, 76, 5, 77]","[1285, 1344, 1421, 1522, 1289, 1317, 1308, 1411, 1307, 1386, 879, 952, 893, 1021, 1163, 595, 895, 710, 1160, 823]","[356, 219, 360, 553, 336, 642, 691, 564, 652, 395, 673, 409, 315, 385, 665, 684, 755, 627, 646, 564]","[5, 5, 5, 5, 4, 5, 5, 5, 5, 5, 5, 1, 2, -1, 5, 3, -4, -3, -4, -2]","[0, 3, -2, -1, -3, -2, -1, -2, -2, -2, -2, -5, -5, -5, 0, -4, -4, -4, -3, -5]"
537,205.63,6,False,251,328,-6,-7,[674],[796],[-1],[5],"[577, 981, 721, 1247, 837]","[717, 802, 697, 657, 654]","[160, 38, 11, -36, 19]","[11, 23, 56, -15, 74]","[1385, 1424, 1521, 1369, 1417, 1408, 1511, 1407, 1486, 979, 972, 933, 994, 1263, 655, 815, 637, 1080, 781]","[356, 284, 320, 276, 602, 671, 524, 612, 354, 633, 309, 215, 285, 665, 604, 675, 547, 586, 464]","[5, 4, 5, 4, 5, 5, 5, 5, 5, 5, 1, 2, -2, 5, 3, -4, -4, -4, -3]","[0, 4, -2, -3, -2, -1, -2, -2, -3, -2, -5, -5, -5, 0, -4, -4, -4, -3, -5]"
538,205.96,6,False,358,392,-9,1,[646],[896],[-2],[5],"[637, 973, 712, 1198, 826]","[708, 793, 703, 637, 674]","[168, -22, -9, -156, -21]","[-9, -17, 36, -22, 54]","[1481, 1449, 1517, 1508, 1507, 1575, 1079, 992, 962, 941, 1363, 715, 735, 557, 1000, 721, 595, 966, 726, 1220, 844]","[372, 216, 551, 651, 572, 294, 593, 209, 115, 194, 665, 513, 595, 467, 526, 371, 732, 817, 698, 680, 684]","[2, 4, 5, 5, 5, 4, 5, 1, 1, -3, 5, 3, -4, -4, -4, -3, -5, -5, -3, -5, -4]","[5, -3, -3, -1, -2, -3, -2, -5, -5, -4, 0, -5, -4, -4, -3, -4, -2, -2, -4, -1, -3]"
539,206.3,6,False,192,451,-6,7,[],[],[],[],"[697, 942, 692, 1104, 800]","[688, 769, 703, 617, 678]","[168, -82, -21, -256, -61]","[-29, -57, 16, -22, 34]","[1495, 1529, 1597, 1179, 1002, 982, 866, 1463, 763, 655, 477, 920, 661, 495, 866, 666, 1120, 764]","[472, 141, 491, 553, 109, 15, 121, 665, 413, 515, 387, 466, 291, 692, 777, 618, 660, 624]","[0, 4, 4, 5, 0, 1, -4, 5, 2, -4, -4, -4, -3, -5, -5, -3, -5, -4]","[5, -4, -3, -2, -5, -5, -3, 0, -5, -4, -4, -3, -4, -2, -2, -4, -1, -3]"
540,206.63,6,False,283,548,9,1,[315],[588],[5],[1],"[757, 888, 672, 974, 760]","[668, 729, 699, 600, 678]","[150, -138, -21, -334, -81]","[-49, -87, -4, -22, 14]","[1460, 1596, 1279, 1002, 772, 1562, 803, 575, 397, 833, 590, 395, 766, 586, 1020, 684]","[569, 61, 513, 9, 71, 645, 313, 437, 307, 406, 211, 652, 737, 538, 640, 564]","[-3, 3, 5, 0, -5, 4, 2, -4, -4, -5, -4, -5, -5, -4, -5, -4]","[4, -4, -2, -5, -2, -3, -5, -3, -4, -3, -4, -2, -2, -4, -1, -3]"
541,206.96,6,False,222,526,-8,-4,[415],[608],[5],[1],"[817, 828, 662, 834, 720]","[648, 689, 696, 600, 678]","[165, -138, 19, -345, -61]","[-27, -67, 16, 18, 34]","[1387, 1379, 672, 1525, 840, 495, 317, 733, 510, 295, 666, 506, 920, 604, 704, 833, 620, 907, 693]","[642, 457, 46, 578, 213, 377, 227, 346, 143, 612, 697, 458, 620, 504, 731, 775, 727, 640, 733]","[-4, 5, -5, -5, 1, -4, -4, -5, -4, -5, -5, -4, -5, -4, -5, -5, -5, -5, -5]","[3, -3, -1, -1, -5, -3, -4, -3, -3, -2, -2, -4, -1, -3, 1, 0, -1, 0, 1]"
542,207.3,6,False,223,407,9,3,[515],[628],[5],[1],"[877, 768, 667, 694, 690]","[635, 653, 696, 605, 683]","[165, -128, 59, -330, -31]","[13, -47, 36, 58, 54]","[1293, 1461, 572, 1425, 860, 415, 237, 633, 425, 195, 566, 426, 820, 524, 604, 733, 520, 807, 593]","[692, 397, 44, 558, 113, 317, 159, 305, 83, 572, 657, 378, 600, 444, 751, 775, 707, 640, 745]","[-5, 4, -5, -5, 1, -4, -4, -5, -5, -5, -5, -4, -5, -4, -5, -5, -5, -5, -5]","[2, -3, 0, -1, -5, -3, -3, -2, -3, -2, -2, -4, -1, -3, 1, 0, -1, 0, 0]"
543,207.63,6,False,394,458,9,-2,[],[],[],[],"[937, 708, 687, 675]","[637, 633, 703, 703]","[153, -108, 99, 9]","[53, -10, 56, 74]","[1193, 1541, 472, 1325, 863, 335, 157, 533, 325, 95, 466, 346, 720, 427, 504, 633, 420, 707, 493, 895, 729, 663, 617, 698]","[725, 327, 44, 557, 13, 257, 99, 265, 38, 532, 617, 298, 580, 384, 754, 775, 687, 640, 745, 660, 686, 701, 696, 693]","[-5, 4, -5, -5, 0, -4, -4, -5, -5, -5, -5, -4, -5, -5, -5, -5, -5, -5, -5, -5, -5, -5, -4, -3]","[1, -4, 0, 0, -5, -3, -3, -2, -2, -2, -2, -4, -1, -3, 0, 0, -1, 0, 0, -1, 0, -3, 4, -5]"
544,207.96,6,False,568,390,9,-2,[],[],[],[],"[980, 663, 727, 675]","[657, 629, 723, 723]","[133, -71, 126, 49]","[87, 30, 76, 94]","[1093, 372, 1225, 255, 77, 433, 366, 266, 620, 327, 404, 533, 320, 607, 393, 795, 629, 563, 537, 638]","[745, 55, 557, 197, 39, 225, 577, 229, 560, 324, 754, 775, 667, 640, 745, 640, 686, 641, 764, 593]","[-5, -5, -5, -4, -4, -5, -5, -4, -5, -5, -5, -5, -5, -5, -5, -5, -5, -5, -4, -3]","[1, 1, 0, -3, -3, -2, -2, -4, -1, -3, 0, 0, -1, 0, 0, -1, 0, -3, 3, -5]"
545,208.3,6,False,678,452,-3,9,[722],[493],[-2],[5],"[1020, 633, 767, 695]","[685, 640, 743, 758]","[104, -31, 146, 89]","[107, 70, 96, 111]","[993, 272, 1125, 175, 333, 266, 186, 520, 230, 304, 433, 220, 507, 293, 695, 529, 482, 457, 578]","[753, 82, 557, 137, 185, 537, 149, 540, 264, 754, 759, 647, 640, 745, 620, 686, 581, 824, 493]","[-5, -5, -5, -4, -5, -5, -4, -5, -4, -5, -5, -5, -5, -5, -5, -5, -4, -4, -3]","[0, 2, 0, -3, -2, -2, -4, -1, -3, 0, -1, -1, 0, 0, -1, 0, -3, 3, -5]"
546,208.63,6,False,795,400,8,-4,[682],[593],[-2],[5],"[1034, 613, 807, 715, 1206]","[712, 660, 763, 783, 784]","[24, -31, 123, 75, -120]","[87, 61, 64, 71, -40]","[893, 178, 1025, 95, 233, 166, 106, 420, 150, 204, 333, 120, 407, 193, 595, 429, 402, 377, 523, 971, 581, 876, 762, 1230]","[753, 131, 557, 77, 145, 497, 69, 520, 204, 754, 739, 624, 640, 745, 599, 686, 521, 884, 393, 696, 706, 711, 706, 799]","[-5, -4, -5, -4, -5, -5, -4, -5, -4, -5, -5, -5, -5, -5, -5, -5, -4, -4, -2, -5, -5, 3, 1, -3]","[0, 3, 0, -3, -2, -2, -4, -1, -3, 0, -1, -2, 0, 0, -2, 0, -3, 3, -5, -2, 0, -4, -5, -4]"
547,208.96,6,False,967,338,9,-2,[],[],[],[],"[1018, 838, 735, 1126]","[732, 770, 793, 749]","[-56, 83, 55, -222]","[67, 24, 31, -80]","[793, 106, 925, 15, 133, 66, 320, 70, 104, 233, 20, 307, 93, 495, 329, 322, 483, 871, 481, 936, 782, 1170]","[753, 205, 545, 17, 105, 457, 500, 144, 753, 719, 584, 640, 745, 559, 686, 461, 293, 656, 699, 616, 606, 719]","[-5, -3, -5, -4, -5, -5, -5, -4, -5, -5, -5, -5, -5, -5, -5, -4, -2, -5, -5, 3, 1, -3]","[0, 4, -1, -3, -2, -2, -1, -3, -1, -1, -2, 0, 0, -2, 0, -3, -5, -2, -2, -5, -5, -4]"
548,209.3,6,False,1147,305,9,-1,[],[],[],[],"[969, 854, 740, 1009, 133]","[749, 762, 788, 709, 728]","[-125, 43, 35, -308, 50]","[47, -16, -9, -100, -10]","[693, 83, 825, 33, 220, 4, 133, 207, 395, 229, 242, 443, 771, 446, 996, 802, 1110, 1063, 934, 795, 1109, 207]","[753, 305, 525, 65, 480, 727, 699, 640, 519, 675, 391, 193, 615, 615, 516, 506, 639, 740, 775, 778, 721, 732]","[-5, 0, -5, -5, -5, -5, -5, -5, -5, -5, -4, -2, -5, 1, 3, 1, -3, 2, 5, 2, 0, 4]","[0, 5, -1, -2, -1, -2, -1, 0, -2, -1, -4, -5, -3, -5, -5, -5, -4, -5, -3, -5, -5, -4]"
549,209.63,6,False,1241,362,-7,6,[],[],[],[],"[897, 854, 740, 862, 165]","[749, 742, 768, 649, 708]","[-185, 3, 15, -366, 150]","[27, -48, -49, -120, -30]","[593, 118, 725, 120, 33, 107, 295, 129, 173, 414, 675, 511, 1056, 830, 1050, 1103, 1025, 835, 1109, 287]","[740, 400, 504, 460, 667, 640, 479, 655, 311, 93, 555, 537, 417, 406, 554, 640, 715, 678, 621, 670]","[-5, 3, -5, -5, -5, -5, -5, -5, -3, -1, -4, 4, 3, 2, -3, 2, 4, 2, 0, 4]","[-1, 4, -2, -1, -2, 0, -2, -1, -4, -5, -3, -3, -4, -5, -5, -5, -3, -5, -5, -3]"
550,209.96,6,False,1172,456,9,-2,[],[],[],[],"[804, 835, 735, 702, 236]","[749, 704, 728, 600, 688]","[-225, -37, -5, -394, 242]","[7, -68, -78, -120, -50]","[493, 197, 625, 20, 7, 195, 29, 117, 595, 605, 1116, 870, 990, 1143, 1105, 875, 1109, 367]","[709, 466, 464, 427, 624, 439, 625, 220, 495, 488, 337, 306, 454, 540, 655, 578, 521, 610]","[-5, 5, -5, -5, -5, -5, -5, -2, -4, 5, 3, 2, -3, 2, 4, 2, 0, 4]","[-2, 3, -2, -2, -1, -2, -2, -5, -3, -2, -4, -5, -5, -5, -3, -5, -5, -3]"
551,210.3,6,False,1307,332,9,-3,[],[],[],[],"[704, 815, 731, 543, 348]","[749, 667, 688, 600, 668]","[-206, -37, 15, -348, 355]","[27, -48, -58, -80, -30]","[403, 297, 528, 95, 84, 515, 705, 1176, 910, 930, 1183, 1185, 915, 1109, 447, 934, 920, 880, 819, 382]","[656, 510, 418, 387, 120, 434, 449, 257, 206, 354, 440, 595, 478, 421, 550, 784, 648, 772, 585, 729]","[-4, 5, -4, -5, -1, -4, 5, 3, 2, -3, 2, 4, 2, 0, 4, 5, 2, 5, 4, 5]","[-4, 2, -3, -3, -5, -4, -1, -4, -5, -5, -5, -3, -5, -5, -3, 0, -5, 0, -3, 0]"
552,210.63,6,False,1364,493,0,9,[],[],[],[],"[621, 795, 731, 410, 499]","[749, 647, 661, 600, 648]","[-167, -32, 35, -275, 443]","[47, -25, -38, -40, -8]","[354, 397, 459, 14, 80, 439, 805, 1236, 966, 881, 1223, 1265, 962, 1109, 527, 1034, 960, 980, 899, 482]","[565, 536, 343, 327, 20, 354, 429, 177, 111, 254, 340, 535, 378, 321, 490, 775, 548, 772, 525, 729]","[-1, 5, -2, -4, 0, -3, 5, 3, 3, -2, 2, 4, 3, 0, 4, 5, 2, 5, 4, 5]","[-5, 1, -5, -3, -5, -4, -1, -4, -4, -5, -5, -3, -5, -5, -3, -1, -5, 0, -3, 0]"
553,210.96,6,False,1269,600,-9,2,[],[],[],[],"[554, 775, 737, 310, 678]","[767, 635, 641, 600, 645]","[-113, -12, 55, -177, 496]","[51, 15, -9, 0, 32]","[370, 497, 465, 379, 905, 1315, 1026, 841, 1263, 1345, 1022, 1109, 607, 1134, 1000, 1080, 981, 582, 665, 883, 816, 441, 682]","[465, 556, 246, 271, 411, 98, 31, 154, 240, 475, 287, 221, 430, 755, 448, 772, 465, 729, 772, 695, 685, 641, 680]","[2, 5, 3, -3, 5, 4, 3, -2, 2, 4, 3, 0, 4, 5, 2, 5, 5, 5, 4, 5, 5, 5, 5]","[-5, 1, -4, -5, 0, -3, -4, -5, -5, -3, -4, -5, -3, -1, -5, 0, -3, 0, -3, 1, 0, 0, 0]"
554,211.3,6,False,1089,600,-9,3,[1147],[639],[-5],[0],"[510, 764, 757, 253, 877]","[787, 638, 637, 600, 657]","[-53, 8, 75, -60, 512]","[51, 55, 31, 40, 66]","[443, 597, 558, 336, 1005, 1395, 801, 1303, 1425, 1082, 1109, 694, 1234, 1059, 1180, 1081, 682, 745, 983, 916, 541, 782]","[393, 576, 210, 171, 411, 38, 54, 140, 415, 207, 121, 370, 735, 348, 755, 405, 729, 712, 715, 685, 641, 680]","[4, 5, 5, -2, 5, 4, -2, 2, 4, 3, 0, 5, 5, 3, 5, 5, 5, 4, 5, 5, 5, 5]","[-3, 1, 0, -5, 0, -3, -5, -5, -3, -4, -5, -3, -1, -5, -1, -3, 0, -3, 1, 0, 0, 0]"
555,211.63,6,False,1000,463,-3,-9,[1047],[639],[-5],[0],"[495, 764, 777, 245, 1071]","[806, 658, 648, 616, 677]","[17, 28, 95, 60, 488]","[51, 88, 71, 80, 86]","[542, 697, 658, 318, 1105, 1343, 1505, 1142, 1109, 794, 1334, 1119, 1280, 1181, 782, 825, 1083, 1016, 641, 882]","[350, 596, 210, 71, 411, 40, 355, 127, 21, 310, 715, 263, 735, 353, 729, 652, 735, 685, 641, 680]","[5, 5, 5, 0, 5, 2, 4, 3, 0, 5, 5, 3, 5, 5, 5, 4, 5, 5, 5, 5]","[-2, 1, 0, -5, 0, -5, -3, -4, -5, -3, -1, -4, -1, -2, 0, -3, 1, 0, 0, 0]"
556,211.96,6,False,827,429,-9,0,[947],[639],[-5],[0],"[499, 764, 797, 276, 1237]","[806, 678, 668, 636, 697]","[57, 8, 75, 140, 388]","[11, 68, 54, 80, 66]","[797, 758, 1205, 1585, 1202, 894, 1434, 1179, 1380, 1281, 882, 905, 1183, 1116, 741, 982, 630, 899, 825, 395, 1219]","[615, 230, 411, 295, 47, 250, 691, 183, 715, 310, 729, 592, 755, 685, 641, 680, 821, 683, 598, 646, 717]","[5, 5, 5, 4, 3, 5, 5, 3, 5, 5, 5, 4, 5, 5, 5, 5, 5, 5, 0, 5, 5]","[0, 1, 0, -3, -4, -3, -2, -4, -1, -3, 0, -3, 1, 0, 0, 0, -1, -1, -5, -1, 0]"
557,212.29,6,False,647,444,-9,1,[847],[656],[-5],[1],"[519, 752, 811, 338, 1357]","[789, 696, 672, 656, 713]","[79, -12, 39, 209, 258]","[-29, 48, 34, 75, 46]","[897, 858, 1305, 994, 1534, 1238, 1480, 1381, 982, 985, 1283, 1216, 841, 1082, 730, 999, 825, 495, 1319]","[615, 261, 411, 190, 651, 85, 686, 250, 729, 532, 775, 685, 641, 680, 801, 663, 498, 626, 717]","[5, 5, 5, 5, 5, 2, 5, 5, 5, 4, 5, 5, 5, 5, 5, 5, 0, 5, 5]","[0, 2, 0, -3, -2, -5, -2, -3, 0, -3, 1, 0, 0, 0, -1, -1, -5, -1, 0]"
558,212.63,6,False,467,464,-9,1,[],[],[],[],"[539, 732, 425, 1421, 754]","[759, 696, 676, 713, 645]","[99, -32, 265, 110, -10]","[-69, 28, 55, 26, 0]","[997, 952, 1405, 1094, 1580, 1470, 1082, 1065, 1383, 1316, 941, 1182, 830, 1099, 812, 595, 1415, 609, 746, 444, 1384, 768]","[615, 310, 411, 130, 644, 190, 729, 472, 795, 682, 641, 680, 781, 643, 398, 606, 684, 783, 691, 659, 748, 640]","[5, 4, 5, 5, 5, 4, 5, 4, 5, 5, 5, 5, 5, 5, -1, 5, 4, 3, -3, 2, -5, -3]","[0, 3, 0, -3, -3, -3, 0, -3, 1, -1, 0, 0, -1, -1, -5, -1, -3, -4, -4, -5, 0, -4]"
559,212.96,6,False,315,523,3,9,[],[],[],[],"[579, 710, 527, 1422, 734]","[719, 696, 681, 713, 645]","[119, -52, 301, -50, -30]","[-94, 8, 35, 6, 0]","[1097, 1018, 1487, 1194, 1550, 1182, 1145, 1483, 1416, 1041, 1282, 930, 1199, 792, 695, 1412, 663, 686, 484, 1284, 699]","[615, 389, 447, 70, 127, 729, 412, 815, 662, 641, 680, 761, 605, 298, 581, 593, 694, 611, 559, 748, 560]","[5, 2, 0, 5, 4, 5, 4, 5, 5, 5, 5, 5, 5, -1, 5, -4, 2, -3, 2, -5, -4]","[0, 5, 5, -3, -4, 0, -3, 1, -1, 0, 0, -1, -2, -5, -2, -4, -5, -4, -5, 0, -4]"
560,213.3,6,False,284,566,-9,-3,[436],[670],[3],[4],"[619, 670, 647, 1360, 714]","[665, 684, 681, 699, 645]","[130, -57, 314, -200, -50]","[-114, -12, 15, -14, 0]","[1197, 1028, 1398, 1294, 1282, 1225, 1583, 1516, 1141, 1382, 1030, 1293, 760, 795, 1317, 695, 626, 524, 1184, 619]","[615, 489, 491, 10, 729, 338, 835, 642, 641, 680, 735, 555, 198, 541, 551, 594, 531, 459, 748, 480]","[5, -1, -5, 5, 5, 4, 5, 5, 5, 5, 5, 4, -2, 5, -5, 1, -3, 2, -5, -4]","[0, 5, 1, -3, 0, -4, 1, -1, 0, 0, -2, -3, -5, -2, -1, -5, -4, -5, 0, -4]"
561,213.63,6,False,141,455,-9,-3,[514],[750],[4],[4],"[670, 647, 767, 1250, 694]","[616, 673, 681, 686, 645]","[170, -17, 343, -292, -24]","[-79, 8, 35, 6, 40]","[1297, 983, 1298, 1382, 1303, 1241, 1482, 1130, 1357, 714, 895, 1217, 700, 566, 564, 1084, 539, 589, 615, 628, 1296, 668]","[629, 581, 509, 729, 258, 641, 680, 695, 475, 98, 501, 531, 494, 451, 359, 748, 409, 630, 670, 632, 739, 620]","[5, -4, -5, 5, 3, 5, 5, 5, 2, -3, 5, -5, 0, -3, 2, -5, -4, -4, -5, -3, -5, -4]","[1, 4, 0, 0, -4, 0, 0, -2, -5, -5, -2, -1, -5, -4, -5, 0, -3, -4, -3, -4, 0, -3]"
562,213.96,6,False,92,600,2,9,[594],[815],[4],[3],"[732, 639, 887, 1108, 683]","[600, 673, 687, 686, 661]","[201, 23, 349, -360, 16]","[-39, 28, 55, 26, 70]","[1385, 896, 1198, 1482, 1363, 1341, 1582, 1230, 1335, 649, 995, 1117, 673, 506, 594, 984, 459, 509, 515, 567, 1196, 588]","[667, 640, 509, 729, 178, 641, 680, 655, 380, 18, 461, 529, 394, 371, 259, 748, 349, 565, 610, 552, 739, 560]","[1, -5, -5, 5, 3, 5, 5, 5, -4, -4, 5, -5, -3, -3, 1, -5, -4, -4, -5, -4, -5, -4]","[5, 2, 0, 0, -4, 0, 0, -2, -4, -4, -2, 0, -5, -4, -5, 0, -3, -3, -3, -4, 0, -3]"
563,214.3,6,False,195,600,9,2,[674],[875],[4],[3],"[812, 646, 1007, 948, 687]","[600, 673, 707, 686, 681]","[219, 63, 331, -395, 56]","[1, 48, 75, 46, 90]","[1297, 796, 1098, 1582, 1411, 1441, 1321, 1242, 1095, 1017, 602, 433, 614, 884, 371, 429, 415, 487, 1096, 498, 768, 624, 943, 1005, 668]","[697, 680, 509, 713, 80, 641, 597, 335, 421, 529, 321, 291, 159, 748, 289, 505, 550, 472, 739, 500, 622, 708, 738, 701, 687]","[-5, -5, -5, 5, 2, 5, 4, -5, 5, -5, -4, -4, 1, -5, -5, -4, -5, -4, -5, -5, -5, -5, -5, -5, -5]","[0, 2, 0, -1, -5, 0, -3, -1, -2, 0, -3, -4, -5, 0, -3, -3, -3, -4, 0, -3, -2, 0, 0, -2, -2]"
564,214.63,6,False,255,600,-9,0,[],[],[],[],"[892, 668, 1122, 776, 707]","[600, 692, 727, 703, 712]","[219, 103, 287, -398, 90]","[41, 68, 95, 66, 110]","[1197, 696, 998, 1541, 1401, 1142, 1195, 917, 505, 353, 634, 784, 271, 345, 315, 407, 996, 398, 668, 524, 843, 905, 568]","[697, 701, 509, 641, 529, 325, 381, 529, 279, 211, 59, 748, 242, 445, 507, 411, 739, 440, 582, 708, 738, 665, 647]","[-5, -5, -5, 5, 4, -5, 5, -5, -5, -4, 1, -5, -5, -5, -5, -4, -5, -5, -5, -5, -5, -5, -5]","[0, 1, 0, 0, -4, 0, -2, 0, -1, -4, -5, 0, -2, -3, -2, -3, 0, -3, -2, 0, 0, -1, -2]"
565,214.96,6,False,90,543,-2,-9,[],[],[],[],"[972, 708, 1214, 616, 738]","[616, 712, 763, 723, 752]","[202, 140, 224, -368, 110]","[81, 88, 109, 86, 130]","[1097, 596, 898, 1458, 1042, 1295, 817, 405, 273, 684, 171, 245, 215, 327, 896, 298, 568, 424, 743, 805, 468]","[697, 721, 509, 441, 325, 341, 529, 270, 135, 748, 202, 391, 467, 351, 739, 394, 542, 708, 738, 645, 607]","[-5, -5, -5, 2, -5, 5, -5, -5, -4, -5, -5, -5, -5, -4, -5, -5, -5, -5, -5, -5, -5]","[0, 1, 0, -5, 0, -2, 0, 0, -3, 0, -2, -2, -2, -3, 0, -2, -2, 0, 0, -1, -2]"
566,215.3,6,False,233,426,7,-6,[],[],[],[],"[1027, 748, 1270, 459, 768]","[636, 732, 787, 743, 787]","[132, 120, 104, -345, 90]","[81, 68, 69, 66, 90]","[997, 496, 798, 1470, 942, 1388, 717, 305, 193, 584, 71, 145, 115, 229, 796, 198, 468, 324, 643, 705, 368, 919, 657, 1165, 547, 689]","[697, 729, 509, 341, 325, 285, 529, 270, 75, 748, 169, 351, 427, 294, 739, 354, 502, 708, 738, 625, 567, 661, 740, 772, 763, 743]","[-5, -5, -5, 0, -5, 4, -5, -5, -4, -5, -5, -5, -5, -5, -5, -5, -5, -5, -5, -5, -5, -5, -5, -5, -5, -5]","[0, 0, 0, -5, 0, -3, 0, 0, -3, 0, -1, -2, -2, -2, 0, -2, -2, 0, 0, -1, -2, 0, -1, -2, 0, -3]"
567,215.63,6,False,385,320,8,-5,[],[],[],[],"[1055, 788, 1276, 322, 788]","[656, 750, 796, 755, 802]","[52, 100, -16, -294, 70]","[76, 48, 29, 34, 50]","[897, 396, 698, 1429, 842, 1464, 617, 205, 113, 484, 45, 15, 129, 696, 98, 368, 224, 543, 605, 268, 819, 557, 1065, 447, 589]","[697, 729, 509, 246, 325, 215, 529, 280, 15, 748, 311, 387, 254, 739, 314, 462, 704, 738, 605, 527, 661, 720, 732, 763, 683]","[-5, -5, -5, -3, -5, 3, -5, -5, -4, -5, -5, -5, -5, -5, -5, -5, -5, -5, -5, -5, -5, -5, -5, -5, -5]","[0, 0, 0, -4, 0, -4, 0, 1, -3, 0, -2, -2, -2, 0, -2, -2, -1, 0, -1, -2, 0, -1, -2, 0, -3]"
568,215.97,6,False,549,323,4,9,[],[],[],[],"[1048, 808, 1235, 211, 804]","[676, 750, 790, 752, 802]","[-28, 73, -136, -218, 43]","[56, 28, -11, -6, 10]","[797, 296, 598, 1353, 742, 1505, 517, 105, 384, 29, 596, 268, 124, 443, 505, 168, 719, 457, 965, 347, 489, 1050, 794, 1244, 301, 784]","[690, 729, 509, 176, 325, 120, 529, 300, 733, 203, 739, 422, 684, 738, 579, 487, 661, 696, 692, 748, 623, 672, 745, 804, 740, 807]","[-5, -5, -5, -4, -5, 1, -5, -5, -5, -5, -5, -5, -5, -5, -5, -5, -5, -5, -5, -5, -5, -4, -4, -5, 1, -5]","[-1, 0, 0, -3, 0, -5, 0, 1, -1, -3, 0, -2, -1, 0, -2, -2, 0, -2, -2, -1, -3, -3, -4, -3, -5, -3]"
569,216.31,6,False,675,335,8,-5,[638],[484],[2],[5],"[1011, 819, 1147, 133, 804]","[682, 750, 769, 732, 787]","[-108, 33, -246, -121, 3]","[36, 8, -51, -28, -30]","[697, 196, 498, 1257, 642, 1485, 417, 12, 284, 496, 168, 24, 343, 405, 68, 619, 357, 865, 247, 407, 970, 714, 1144, 341, 684]","[670, 715, 509, 128, 325, 21, 529, 344, 713, 739, 382, 664, 738, 539, 447, 661, 656, 652, 728, 563, 612, 665, 744, 640, 747]","[-5, -5, -5, -5, -5, -3, -5, -4, -5, -5, -5, -5, -5, -5, -5, -5, -5, -5, -5, -4, -4, -4, -5, 2, -5]","[-1, -1, 0, -2, 0, -4, 0, 3, -1, 0, -2, -1, 0, -2, -2, 0, -2, -2, -1, -3, -3, -4, -3, -5, -3]"
570,216.65,6,False,849,316,9,2,[678],[584],[2],[5],"[943, 815, 1018, 95, 785]","[682, 738, 729, 712, 757]","[-172, -7, -334, -16, -22]","[16, -12, -81, -48, -70]","[597, 96, 398, 1157, 542, 317, 184, 396, 68, 243, 305, 519, 257, 765, 147, 327, 890, 640, 1044, 381, 593]","[650, 679, 509, 94, 325, 529, 693, 739, 342, 738, 499, 661, 616, 612, 702, 503, 552, 585, 684, 540, 687]","[-5, -5, -5, -5, -5, -5, -5, -5, -5, -5, -5, -5, -5, -5, -5, -4, -4, -3, -5, 2, -4]","[-1, -3, 0, -1, 0, 0, -1, 0, -2, 0, -2, 0, -2, -2, -2, -3, -3, -4, -3, -5, -3]"
571,216.98,6,False,1029,356,9,2,[718],[684],[2],[5],"[863, 795, 871, 112, 765]","[682, 727, 689, 692, 717]","[-183, -2, -354, 139, -2]","[36, 8, -61, -28, -54]","[497, 27, 298, 1057, 442, 217, 84, 296, 143, 205, 419, 157, 665, 47, 247, 810, 580, 944, 421, 513, 974, 843, 974, 243, 890]","[611, 604, 509, 74, 325, 515, 673, 739, 738, 459, 661, 576, 572, 662, 443, 492, 505, 624, 440, 627, 617, 686, 690, 720, 721]","[-5, -2, -5, -5, -5, -5, -5, -5, -5, -5, -5, -5, -5, -5, -4, -4, -3, -5, 2, -4, 0, -1, -4, 5, 3]","[-2, -5, 0, -1, 0, -1, -1, 0, 0, -2, 0, -2, -2, -2, -3, -3, -4, -3, -5, -3, -5, -5, -4, -2, -4]"
572,217.31,6,False,1209,401,9,3,[758],[784],[2],[5],"[783, 794, 719, 188, 764]","[689, 727, 659, 672, 694]","[-179, 18, -343, 279, 18]","[56, 28, -41, -8, -34]","[401, 27, 198, 957, 342, 117, 196, 43, 105, 319, 57, 565, 167, 730, 520, 844, 474, 433, 974, 823, 894, 343, 950]","[561, 504, 509, 66, 330, 493, 739, 738, 419, 661, 536, 532, 368, 424, 425, 564, 342, 567, 517, 586, 610, 680, 641]","[-4, 2, -5, -5, -5, -5, -5, -5, -5, -5, -5, -5, -4, -4, -3, -5, 3, -4, 0, -1, -4, 5, 3]","[-3, -5, 0, 0, 1, -2, 0, 0, -2, 0, -2, -2, -4, -4, -4, -3, -4, -3, -5, -5, -4, -2, -4]"
573,217.64,6,False,1276,477,-9,4,[798],[884],[2],[5],"[703, 794, 579, 316, 764]","[709, 727, 639, 665, 674]","[-159, 38, -303, 400, 38]","[76, 48, -10, 12, -14]","[98, 857, 242, 24, 96, 5, 219, 465, 100, 650, 460, 744, 534, 353, 974, 812, 822, 443, 1010, 831, 859, 722, 337, 849]","[509, 66, 355, 443, 739, 379, 661, 492, 288, 344, 345, 504, 262, 496, 417, 486, 530, 640, 561, 722, 722, 658, 690, 698]","[-5, -5, -5, -4, -5, -5, -5, -5, -3, -4, -3, -5, 3, -4, 0, 0, -3, 5, 3, 5, 3, 4, 5, 5]","[0, 0, 2, -4, 0, -2, 0, -2, -4, -4, -4, -3, -4, -4, -5, -5, -4, -2, -4, -2, -4, -3, -1, -2]"
574,217.98,6,False,1101,546,-7,6,[1191],[569],[-5],[2],"[639, 803, 463, 487, 773]","[729, 746, 635, 665, 661]","[-120, 56, -237, 491, 58]","[96, 68, 30, 32, 6]","[2, 757, 170, 119, 365, 43, 570, 400, 660, 610, 275, 986, 812, 762, 543, 1070, 931, 919, 802, 437, 949]","[481, 78, 425, 661, 452, 197, 264, 257, 444, 182, 416, 317, 386, 450, 619, 481, 682, 642, 598, 670, 658]","[-3, -5, -1, -5, -5, -2, -4, -3, -4, 4, -3, 1, 0, -3, 5, 3, 5, 3, 4, 5, 5]","[-3, 1, 5, 0, -2, -5, -4, -5, -3, -4, -4, -5, -5, -4, -1, -4, -2, -4, -3, -1, -2]"
575,218.31,6,False,1080,600,2,9,[1091],[609],[-5],[2],"[590, 823, 374, 685, 793]","[766, 766, 646, 668, 661]","[-75, 56, -151, 545, 78]","[109, 73, 70, 52, 26]","[665, 198, 19, 265, 6, 490, 340, 580, 690, 215, 1006, 812, 702, 643, 1130, 1031, 979, 882, 537, 1049]","[128, 519, 661, 412, 97, 184, 157, 384, 118, 336, 217, 286, 370, 599, 401, 642, 562, 538, 650, 618]","[-4, 3, -5, -5, -1, -4, -3, -4, 4, -3, 1, 0, -3, 5, 3, 5, 3, 4, 5, 5]","[3, 4, 0, -2, -5, -4, -5, -3, -3, -4, -5, -5, -4, -1, -4, -2, -4, -3, -1, -2]"
576,218.64,6,False,1212,577,5,-8,[991],[649],[-5],[2],"[550, 826, 318, 885, 811]","[790, 777, 666, 670, 661]","[-55, 16, -91, 519, 46]","[69, 33, 55, 32, 6]","[606, 285, 165, 410, 300, 500, 778, 155, 1026, 812, 642, 743, 1190, 1131, 1047, 965, 637, 1149, 737, 873, 515, 833, 919]","[214, 577, 372, 104, 57, 324, 58, 250, 117, 186, 290, 579, 321, 602, 482, 478, 630, 578, 817, 716, 691, 707, 756]","[-2, 5, -5, -4, -2, -4, 5, -3, 1, 0, -3, 5, 3, 5, 4, 5, 5, 5, 5, 0, 5, 5, 5]","[5, 2, -2, -4, -5, -3, -3, -5, -5, -5, -4, -1, -4, -2, -4, -3, -1, -2, 0, -5, 0, 0, 3]"
577,218.98,6,False,1277,407,0,0,[],[],[],[],"[526, 814, 286, 811]","[799, 773, 671, 647]","[-35, -24, -20, 6]","[29, -7, 35, -11]","[594, 385, 65, 339, 420, 878, 113, 1046, 812, 582, 843, 1250, 1231, 1127, 1065, 737, 1249, 837, 877, 615, 933, 1019]","[314, 610, 318, 24, 264, 17, 150, 17, 86, 204, 559, 241, 562, 402, 418, 610, 538, 817, 616, 691, 707, 800]","[0, 5, -5, -3, -4, 5, -2, 1, 0, -3, 5, 3, 5, 4, 5, 5, 5, 5, 1, 5, 5, 5]","[5, 1, -3, -4, -3, -2, -5, -5, -5, -5, -1, -4, -2, -4, -3, -1, -2, 0, -5, 0, 0, 2]"
578,219.31,6,False,1309,389,0,0,[],[],[],[],"[506, 787, 285, 794, 1017]","[793, 753, 671, 627, 603]","[-15, -58, 60, -28, -40]","[-11, -47, 15, -11, 0]","[614, 485, 340, 98, 536, 943, 1318, 1331, 1207, 1165, 837, 1349, 937, 897, 715, 1033, 1119, 595, 902, 367, 902, 1111]","[414, 626, 204, 50, 104, 539, 161, 522, 322, 358, 590, 498, 817, 516, 691, 707, 836, 804, 791, 706, 685, 618]","[2, 5, -4, 0, -2, 5, 4, 5, 4, 5, 5, 5, 5, 1, 5, 5, 5, 5, 5, 5, 5, 5]","[5, 0, -3, -5, -5, -1, -4, -2, -4, -3, -1, -2, 0, -5, 0, 0, 1, -3, -2, 0, 0, -2]"
579,219.64,6,False,1140,401,-9,-3,[],[],[],[],"[496, 747, 316, 774, 975]","[772, 714, 666, 607, 603]","[19, -78, 133, -48, -110]","[-51, -69, -5, -11, 0]","[670, 585, 260, 500, 1043, 1398, 1431, 1287, 1265, 937, 1449, 1037, 917, 815, 1133, 1219, 695, 1002, 467, 1002, 1211]","[501, 626, 144, 4, 519, 81, 482, 242, 298, 570, 458, 817, 416, 689, 707, 856, 744, 751, 706, 685, 578]","[3, 5, -4, -1, 5, 4, 5, 4, 5, 5, 5, 5, 1, 5, 5, 5, 5, 5, 5, 5, 5]","[4, 0, -3, -5, -1, -4, -2, -4, -3, -1, -2, 0, -5, -1, 0, 1, -3, -2, 0, 0, -2]"
580,219.98,6,False,981,410,-6,7,[],[],[],[],"[501, 707, 371, 736, 908]","[732, 674, 646, 600, 603]","[59, -98, 193, -68, -170]","[-82, -89, -21, -11, 0]","[749, 685, 180, 1143, 1478, 1531, 1367, 1365, 1037, 1549, 1137, 947, 915, 1233, 1319, 793, 1102, 567, 1102, 1311]","[572, 626, 74, 499, 1, 442, 162, 238, 550, 418, 809, 316, 669, 707, 862, 684, 711, 706, 685, 538]","[4, 5, -4, 5, 4, 5, 4, 5, 5, 5, 5, 2, 5, 5, 5, 4, 5, 5, 5, 5]","[3, 0, -4, -1, -4, -2, -4, -3, -1, -2, -1, -5, -1, 0, 0, -3, -2, 0, 0, -2]"
581,220.31,6,False,879,411,-6,-7,[958],[552],[-3],[4],"[528, 667, 458, 699, 828]","[692, 634, 636, 600, 603]","[119, -62, 281, -47, -172]","[-62, -61, 19, 29, 40]","[829, 785, 1243, 1447, 1465, 1137, 1237, 987, 1015, 1333, 1419, 873, 1202, 667, 1202, 1411, 648, 794, 498, 781, 839]","[632, 626, 479, 82, 178, 530, 789, 216, 649, 707, 862, 624, 671, 706, 685, 498, 749, 621, 609, 547, 678]","[4, 5, 5, 4, 5, 5, 5, 2, 5, 5, 5, 4, 5, 5, 5, 5, 5, 2, 4, 0, -5]","[3, 0, -1, -4, -3, -1, -1, -5, -1, 0, 0, -3, -2, 0, 0, -2, -2, -5, -4, -5, 2]"
582,220.65,6,False,726,379,-9,0,[894],[632],[-4],[4],"[578, 642, 574, 679, 748]","[661, 609, 641, 610, 619]","[179, -22, 349, -7, -159]","[-42, -21, 59, 69, 80]","[928, 885, 1343, 1527, 1565, 1237, 1337, 1027, 1115, 1433, 1519, 953, 1302, 767, 1302, 1511, 748, 834, 578, 781, 739]","[681, 626, 459, 2, 118, 510, 769, 116, 629, 707, 852, 564, 631, 706, 681, 456, 709, 521, 544, 447, 718]","[5, 5, 5, 4, 5, 5, 5, 2, 5, 5, 5, 4, 5, 5, 5, 5, 5, 2, 4, 0, -5]","[2, 0, -1, -4, -3, -1, -1, -5, -1, 0, -1, -3, -2, 0, -1, -3, -2, -5, -3, -5, 2]"
583,221.05,6,False,546,388,-9,-1,[814],[712],[-4],[4],"[652, 632, 714, 676, 680]","[641, 600, 661, 635, 650]","[227, 18, 392, 33, -133]","[-13, 19, 89, 109, 120]","[1028, 985, 1443, 1337, 1437, 1049, 1215, 1533, 1033, 1402, 867, 1402, 1599, 848, 874, 658, 781, 639, 648, 657, 691, 671, 755]","[721, 626, 426, 490, 749, 16, 609, 707, 504, 579, 706, 661, 396, 669, 421, 479, 347, 746, 642, 585, 642, 616, 630]","[5, 5, 5, 5, 5, 1, 5, 5, 4, 5, 5, 5, 4, 5, 2, 4, 0, -5, -1, -1, 0, -4, 0]","[2, 0, -2, -1, -1, -5, -1, 0, -3, -3, 0, -1, -3, -2, -5, -4, -5, 1, -5, -5, -5, -4, -5]"
584,221.45,6,False,392,439,0,9,[734],[792],[-4],[4],"[741, 637, 867, 688, 624]","[635, 605, 691, 675, 690]","[259, 58, 404, 73, -93]","[27, 59, 109, 137, 141]","[1128, 1085, 1543, 1437, 1537, 1315, 1113, 1492, 967, 1502, 948, 909, 738, 781, 539, 628, 637, 689, 591, 755]","[751, 612, 386, 470, 713, 589, 444, 519, 706, 641, 623, 321, 399, 247, 759, 542, 485, 542, 536, 530]","[5, 5, 5, 5, 5, 5, 4, 4, 5, 5, 5, 1, 4, 0, -5, -1, -1, -1, -4, 0]","[1, -1, -2, -1, -2, -1, -3, -3, 0, -1, -3, -5, -4, -5, 0, -5, -5, -5, -4, -5]"
585,221.79,6,False,391,525,-9,-2,[654],[856],[-4],[3],"[841, 657, 1016, 715, 586]","[644, 625, 731, 723, 742]","[271, 98, 387, 106, -45]","[67, 99, 129, 157, 161]","[1173, 1185, 1537, 1415, 1193, 1572, 1067, 1033, 929, 818, 781, 439, 608, 617, 669, 511, 755]","[756, 590, 450, 567, 384, 459, 706, 563, 221, 319, 147, 759, 442, 385, 442, 456, 430]","[-5, 5, 5, 5, 4, 4, 5, 4, 1, 4, 0, -5, -1, -1, -1, -4, 0]","[-1, -2, -1, -2, -3, -3, 0, -3, -5, -4, -5, 0, -5, -5, -5, -4, -5]"
586,222.13,6,False,263,527,9,3,[],[],[],[],"[931, 677, 1145, 741, 566]","[664, 645, 770, 770, 789]","[224, 98, 300, 86, -25]","[54, 99, 99, 128, 124]","[1073, 1280, 1515, 1273, 1167, 1113, 933, 898, 769, 339, 588, 597, 649, 431, 755, 827, 607, 986, 685, 658]","[736, 544, 527, 324, 697, 497, 121, 239, 47, 759, 342, 285, 342, 376, 330, 606, 655, 716, 703, 690]","[-5, 4, 5, 4, 5, 4, 0, 4, -1, -5, -1, -1, -1, -4, 0, -3, -5, -4, -4, 0]","[-1, -3, -2, -3, -1, -4, -5, -4, -5, 0, -5, -5, -5, -4, -5, -4, -1, -3, -3, -5]"
587,222.46,6,False,420,533,-1,-9,[437],[596],[5],[1],"[999, 697, 1233, 761, 546]","[668, 665, 790, 802, 802]","[164, 98, 192, 66, -5]","[34, 85, 59, 88, 84]","[973, 1320, 1353, 1267, 1178, 926, 978, 239, 564, 577, 629, 351, 737, 767, 507, 906, 605, 658]","[716, 455, 264, 677, 417, 21, 159, 759, 242, 185, 242, 296, 230, 526, 635, 656, 643, 590]","[-5, 0, 4, 5, 3, -1, 4, -5, -2, -1, -1, -4, -1, -3, -5, -4, -4, 0]","[-1, -5, -3, -1, -4, -5, -4, 0, -5, -5, -5, -4, -5, -4, -1, -3, -3, -5]"
588,222.8,6,False,518,397,9,-3,[537],[619],[5],[2],"[1038, 717, 1275, 777, 542]","[668, 685, 794, 804, 814]","[85, 82, 72, 46, 15]","[14, 65, 19, 48, 44]","[873, 1253, 1433, 1367, 1218, 1058, 139, 524, 544, 593, 271, 717, 688, 407, 826, 525, 639, 1009, 748, 1247, 781, 577]","[696, 381, 184, 657, 318, 79, 742, 142, 85, 142, 216, 130, 446, 615, 596, 583, 490, 703, 675, 809, 811, 793]","[-5, -5, 4, 5, 1, 4, -5, -2, -2, -2, -4, -1, -4, -5, -4, -4, -1, -5, -1, -5, -4, 0]","[-1, -2, -4, -1, -5, -4, -1, -5, -5, -5, -4, -5, -4, -1, -3, -3, -5, 0, -5, -2, -4, -5]"
589,223.13,5,False,698,364,9,0,[637],[659],[5],[2],"[1046, 737, 1270, 777, 542]","[662, 700, 783, 804, 814]","[5, 62, -48, 26, 35]","[-6, 45, -21, 8, 4]","[773, 1153, 1513, 1467, 1224, 44, 484, 553, 191, 689, 307, 746, 445, 619, 909, 728, 1147, 701, 577]","[665, 349, 104, 637, 218, 697, 42, 42, 136, 30, 583, 536, 514, 390, 703, 575, 769, 731, 693]","[-5, -5, 4, 5, 0, -4, -2, -2, -4, -2, -5, -4, -4, -1, -5, -1, -5, -4, 0]","[-2, -1, -4, -1, -5, -3, -5, -5, -4, -5, -2, -3, -4, -5, 0, -5, -2, -4, -5]"
590,223.46,5,False,876,408,8,4,[737],[699],[5],[2],"[1020, 749, 1215, 777, 548]","[642, 700, 757, 788, 796]","[-75, 42, -168, 6, 55]","[-18, 25, -61, -32, -36]","[673, 1053, 1582, 1567, 1209, 111, 207, 666, 380, 608, 809, 709, 1047, 621, 577]","[625, 329, 24, 609, 118, 56, 543, 476, 434, 290, 696, 475, 729, 651, 593]","[-5, -5, 3, 5, -2, -4, -5, -4, -3, 0, -5, 0, -5, -4, 0]","[-2, -1, -4, -2, -5, -4, -2, -3, -4, -5, -1, -5, -2, -4, -5]"
591,223.8,5,False,1056,440,9,1,[],[],[],[],"[975, 1124, 777, 574]","[634, 723, 768, 776]","[-105, -232, 26, 115]","[22, -45, -32, -36]","[586, 953, 1159, 107, 586, 341, 624, 709, 709, 947, 541, 577, 965, 744, 1238, 812, 658]","[567, 321, 26, 497, 416, 335, 190, 676, 375, 689, 571, 493, 688, 635, 702, 722, 764]","[-4, -5, -3, -5, -4, -1, 2, -5, 0, -5, -4, 0, -5, -2, -1, 0, 3]","[-3, 0, -4, -3, -3, -5, -5, -1, -5, -2, -4, -5, 0, -5, -5, -5, -4]"
592,224.13,5,False,1209,464,0,0,[],[],[],[],"[915, 1010, 777, 623]","[641, 703, 748, 756]","[-125, -277, 46, 168]","[62, -25, -30, -36]","[516, 853, 26, 506, 350, 707, 609, 709, 847, 472, 583, 865, 717, 1218, 812, 718]","[491, 321, 433, 356, 235, 135, 656, 275, 629, 491, 393, 688, 535, 602, 622, 684]","[-3, -5, -4, -4, 2, 5, -5, 0, -5, -3, 1, -5, -1, -1, 0, 3]","[-4, 0, -4, -3, -5, -1, -1, -5, -3, -4, -5, 0, -5, -5, -5, -4]"
593,224.47,5,False,1263,454,9,0,[],[],[],[],"[855, 890, 794, 688, 795]","[661, 683, 728, 736, 734]","[-130, -298, 66, 208, 10]","[92, -5, -10, -22, 10]","[494, 753, 426, 423, 807, 509, 709, 747, 412, 603, 765, 697, 1198, 812, 778, 966, 1034, 874, 740, 880]","[391, 325, 296, 162, 131, 636, 175, 569, 411, 293, 688, 435, 502, 522, 604, 666, 732, 756, 759, 739]","[0, -5, -4, 5, 5, -5, 0, -5, -3, 1, -5, -1, -1, 0, 3, 4, 5, 4, 4, 5]","[-5, 1, -3, -2, 0, -1, -5, -3, -4, -5, 0, -5, -5, -5, -4, -3, 0, -3, -3, -3]"
594,224.82,5,False,1295,555,-9,3,[],[],[],[],"[795, 770, 814, 768, 795]","[694, 679, 719, 716, 734]","[-129, -293, 73, 232, 30]","[112, 15, 10, -2, 30]","[538, 677, 346, 523, 907, 409, 709, 647, 352, 643, 665, 695, 1178, 812, 838, 1046, 1134, 954, 820, 980]","[300, 380, 232, 135, 145, 616, 75, 509, 331, 193, 688, 335, 402, 422, 524, 606, 732, 696, 699, 679]","[4, -1, -4, 5, 5, -5, 0, -5, -3, 2, -5, 0, -1, 0, 3, 4, 5, 4, 4, 5]","[-3, 5, -4, 0, 1, -1, -5, -3, -4, -5, 0, -5, -5, -5, -4, -3, 0, -3, -3, -3]"
595,225.14,5,False,1251,516,6,-7,[1215],[623],[-5],[1],"[735, 650, 834, 848, 796]","[734, 679, 719, 715, 735]","[-109, -265, 73, 241, 50]","[132, 35, 30, 18, 50]","[632, 718, 266, 623, 1007, 309, 564, 292, 700, 565, 695, 1158, 812, 898, 1137, 1234, 1034, 908, 1080]","[257, 470, 152, 135, 180, 596, 449, 235, 103, 688, 235, 302, 322, 444, 546, 725, 636, 639, 619]","[5, 4, -4, 5, 5, -5, -4, -3, 3, -5, 0, -1, 0, 3, 5, 5, 4, 5, 5]","[-1, 4, -4, 0, 2, -1, -3, -5, -4, 0, -5, -5, -5, -4, -3, -1, -3, -3, -3]"
596,225.48,5,False,1343,359,4,-8,[1115],[643],[-5],[1],"[675, 530, 845, 926, 796]","[774, 679, 719, 713, 735]","[-121, -254, 33, 195, 30]","[101, 15, 10, -2, 30]","[193, 723, 1107, 209, 484, 251, 771, 465, 705, 1138, 829, 973, 1237, 1334, 1114, 1008, 1180, 880, 779, 970, 967, 931]","[72, 135, 220, 569, 389, 135, 23, 688, 135, 202, 222, 364, 486, 705, 576, 579, 559, 784, 694, 754, 690, 770]","[-3, 5, 5, -5, -4, -2, 4, -5, 1, -1, 1, 4, 5, 5, 4, 5, 5, 5, 5, 5, 4, 5]","[-4, 0, 2, -2, -3, -5, -4, 0, -5, -5, -5, -4, -3, -1, -3, -3, -3, 0, -1, 0, -3, 0]"
597,225.81,5,False,1377,286,0,0,[1015],[663],[-5],[1],"[615, 427, 841, 981, 796]","[794, 674, 709, 693, 735]","[-121, -220, -7, 135, 10]","[61, -5, -10, -22, 10]","[823, 1207, 109, 404, 216, 365, 737, 1118, 849, 1053, 1337, 1434, 1194, 1108, 1280, 980, 879, 1070, 1047, 1031]","[138, 260, 529, 329, 35, 670, 35, 102, 122, 284, 426, 685, 516, 519, 499, 784, 674, 754, 630, 770]","[5, 5, -5, -4, -1, -5, 2, -1, 1, 4, 5, 5, 4, 5, 5, 5, 5, 5, 4, 5]","[1, 2, -2, -3, -5, -1, -5, -5, -5, -4, -3, -1, -3, -3, -3, 0, -1, 0, -3, 0]"
598,226.14,5,False,1206,321,-9,0,[915],[691],[-5],[2],"[555, 339, 821, 1012, 786]","[799, 654, 689, 673, 725]","[-106, -166, -47, 65, -10]","[21, -25, -30, -42, -10]","[923, 1307, 17, 324, 270, 1098, 884, 1133, 1423, 1534, 1274, 1208, 1380, 1080, 979, 1170, 1127, 1131, 647, 457, 919, 1090, 883]","[158, 300, 475, 266, 623, 2, 22, 204, 366, 648, 456, 459, 439, 784, 654, 739, 570, 755, 794, 675, 717, 689, 743]","[5, 5, -4, -4, -4, -1, 2, 4, 4, 5, 4, 5, 5, 5, 5, 5, 4, 5, 3, 4, 4, 4, 4]","[1, 2, -3, -4, -3, -5, -5, -4, -3, -2, -3, -3, -3, 0, -1, -1, -3, -1, -4, -3, -3, -4, -4]"
599,226.48,5,False,1026,337,-9,1,[],[],[],[],"[510, 275, 1011, 766]","[789, 634, 641, 705]","[-86, -98, -15, -30]","[-19, -29, -58, -30]","[1023, 1407, 244, 208, 1213, 1503, 1354, 1300, 1461, 1180, 1079, 1270, 1207, 1231, 707, 537, 999, 1170, 946]","[178, 347, 186, 540, 124, 306, 396, 399, 379, 770, 634, 719, 510, 735, 714, 615, 657, 609, 663]","[5, 5, -4, -2, 4, 4, 4, 4, 4, 5, 5, 5, 4, 5, 3, 4, 4, 4, 3]","[1, 3, -4, -5, -4, -3, -3, -3, -3, -1, -1, -1, -3, -1, -4, -3, -3, -4, -4]"
600,226.81,5,False,846,343,-9,-3,[],[],[],[],"[470, 244, 979, 746]","[764, 614, 601, 685]","[-51, -18, -85, -50]","[-59, -29, -58, -50]","[1123, 1490, 164, 200, 1293, 1583, 1434, 1380, 1541, 1280, 1179, 1370, 1287, 1331, 767, 617, 1079, 1248, 1006]","[198, 407, 106, 440, 44, 246, 336, 339, 319, 750, 614, 699, 449, 715, 634, 555, 597, 529, 583]","[5, 4, -4, 0, 4, 4, 4, 4, 4, 5, 5, 5, 4, 5, 3, 4, 4, 3, 3]","[1, 3, -4, -5, -4, -3, -3, -3, -3, -1, -1, -1, -4, -1, -4, -3, -3, -4, -4]"
601,227.14,5,False,913,421,-4,-8,[970],[482],[3],[4],"[458, 252, 934, 726, 597]","[729, 600, 600, 665, 776]","[29, 102, -105, -30, 60]","[-46, 11, -18, -30, 0]","[1223, 1559, 103, 235, 1514, 1460, 1380, 1279, 1470, 1367, 1431, 827, 697, 1159, 1308, 1066, 595, 392, 986, 894, 628]","[225, 487, 26, 342, 262, 279, 715, 594, 679, 369, 682, 554, 495, 537, 449, 503, 748, 662, 549, 707, 711]","[5, 3, -3, 3, 4, 4, 5, 5, 5, 4, 5, 3, 4, 4, 3, 3, 4, 5, -2, 5, 0]","[2, 5, -4, -4, -4, -3, -2, -1, -1, -4, -2, -4, -3, -3, -4, -4, -3, 0, -5, -2, -5]"
602,227.48,5,False,770,305,-9,-3,[1030],[575],[3],[5],"[476, 309, 874, 706, 620]","[709, 601, 600, 645, 776]","[109, 220, -117, -10, 104]","[-26, 51, 22, -5, 0]","[1323, 1578, 307, 1594, 1540, 1480, 1379, 1570, 1447, 1531, 887, 777, 1239, 1368, 1126, 675, 492, 946, 994, 628]","[265, 587, 268, 182, 219, 673, 574, 659, 289, 642, 474, 435, 477, 369, 423, 688, 655, 449, 667, 611]","[5, 0, 4, 4, 4, 5, 5, 5, 4, 5, 3, 4, 4, 3, 3, 4, 5, -2, 5, 0]","[2, 5, -3, -4, -3, -3, -1, -1, -4, -2, -4, -3, -3, -4, -4, -3, -1, -5, -2, -5]"
603,227.81,5,False,590,302,-9,2,[1072],[675],[2],[5],"[526, 409, 814, 699, 660]","[689, 621, 607, 643, 776]","[181, 319, -117, 24, 144]","[-6, 91, 62, 35, 0]","[1418, 1515, 392, 1563, 1479, 1508, 947, 857, 1319, 1428, 1186, 755, 592, 906, 1094, 628, 573, 420, 856, 734, 697]","[315, 663, 208, 610, 541, 209, 394, 375, 398, 289, 334, 628, 635, 349, 627, 511, 692, 603, 585, 628, 761]","[4, -5, 5, 4, 5, 3, 3, 4, 4, 3, 3, 4, 5, -2, 5, 0, 3, 2, -2, 0, 2]","[3, 2, -3, -4, -2, -4, -4, -3, -4, -4, -5, -3, -1, -5, -2, -5, -5, -5, -5, -5, -5]"
604,228.15,5,False,495,365,-9,1,[1112],[775],[2],[5],"[600, 542, 754, 707, 718]","[684, 657, 629, 656, 776]","[241, 394, -102, 58, 179]","[14, 128, 102, 70, 0]","[1491, 1415, 492, 1579, 1560, 1007, 937, 1391, 1482, 1228, 835, 692, 866, 1193, 628, 633, 460, 816, 734, 737]","[386, 678, 166, 501, 115, 314, 315, 318, 190, 234, 568, 615, 249, 576, 411, 592, 503, 485, 528, 661]","[3, -5, 5, 5, 2, 3, 4, 3, 2, 2, 4, 5, -2, 4, 0, 3, 2, -2, 0, 2]","[4, 0, -2, -2, -5, -4, -3, -4, -5, -5, -3, -1, -5, -3, -5, -5, -5, -5, -5, -5]"
605,228.52,5,False,316,398,-8,4,[1130],[875],[0],[5],"[697, 701, 713, 727, 778]","[684, 697, 669, 676, 776]","[282, 442, -82, 78, 199]","[34, 148, 133, 90, 0]","[1510, 1315, 592, 1589, 1067, 1017, 1451, 1522, 1258, 915, 792, 818, 1273, 628, 673, 500, 776, 734, 777]","[485, 678, 130, 15, 228, 255, 237, 90, 134, 508, 595, 149, 516, 311, 492, 403, 385, 428, 561]","[-1, -5, 5, 1, 3, 4, 3, 2, 1, 4, 5, -3, 4, 0, 2, 2, -2, 0, 2]","[5, 0, -1, -5, -5, -3, -5, -5, -5, -3, -1, -5, -3, -5, -5, -5, -5, -5, -5]"
606,228.89,5,False,346,517,9,2,[],[],[],[],"[797, 861, 673, 747, 838]","[684, 737, 709, 696, 756]","[263, 415, -89, 58, 167]","[14, 128, 113, 70, -40]","[1450, 1215, 692, 1127, 1097, 1497, 1264, 995, 892, 758, 1344, 628, 713, 540, 736, 734, 801, 697, 671, 740, 697, 765]","[568, 678, 115, 128, 195, 137, 34, 428, 575, 63, 437, 211, 392, 303, 285, 328, 461, 619, 661, 620, 666, 736]","[-4, -5, 5, 3, 4, 2, 0, 4, 5, -3, 3, 0, 2, 2, -2, 0, 1, -2, -4, -1, -4, -3]","[3, 0, 0, -5, -3, -5, -5, -4, -1, -4, -4, -5, -5, -5, -5, -5, -5, -5, -4, -5, -3, -4]"
607,229.23,5,False,355,536,-9,-1,[504],[582],[5],[1],"[884, 1007, 633, 755, 886]","[678, 774, 742, 716, 721]","[224, 360, -89, 38, 127]","[-6, 95, 93, 50, -66]","[1354, 1115, 792, 1171, 1177, 1522, 1075, 992, 1393, 628, 753, 580, 676, 734, 821, 657, 591, 720, 617, 705]","[615, 678, 125, 28, 135, 37, 348, 555, 342, 111, 292, 203, 185, 228, 361, 519, 581, 520, 606, 656]","[-5, -5, 5, 2, 4, 1, 4, 5, 2, 0, 2, 2, -3, 0, 1, -2, -4, -1, -4, -3]","[2, 0, 2, -5, -3, -5, -4, -1, -5, -5, -5, -5, -5, -5, -5, -5, -4, -5, -3, -4]"
608,229.56,5,False,192,565,-6,7,[604],[612],[5],[2],"[953, 1124, 593, 755, 917]","[658, 794, 762, 716, 681]","[169, 276, -86, 18, 75]","[-26, 55, 62, 30, -86]","[1254, 1015, 857, 1257, 1152, 1092, 1401, 628, 793, 620, 616, 716, 841, 617, 511, 697, 537, 645, 920, 1065, 648, 740, 907]","[642, 678, 200, 75, 268, 535, 242, 11, 192, 103, 98, 128, 261, 419, 501, 420, 546, 576, 711, 815, 750, 741, 738]","[-5, -5, 1, 4, 3, 5, 0, 0, 2, 2, -3, -1, 1, -2, -4, -2, -4, -3, -5, -5, -1, -5, -5]","[1, 0, 5, -3, -4, -1, -5, -5, -5, -5, -4, -5, -5, -5, -4, -5, -3, -4, 0, -1, -5, -1, -1]"
609,229.89,5,False,187,600,0,0,[704],[652],[5],[2],"[999, 1204, 553, 753, 925]","[638, 796, 768, 716, 635]","[109, 175, -66, -2, 15]","[-34, 15, 22, 10, -101]","[1154, 915, 847, 1212, 1192, 1353, 833, 660, 556, 680, 843, 563, 431, 657, 457, 585, 820, 965, 628, 640, 807]","[662, 678, 300, 188, 515, 150, 92, 3, 18, 28, 161, 319, 421, 320, 486, 496, 711, 795, 650, 721, 718]","[-5, -5, -2, 3, 5, -4, 2, 2, -3, -2, 0, -3, -4, -2, -4, -3, -5, -5, -1, -5, -5]","[1, 0, 5, -4, -1, -4, -5, -5, -4, -5, -5, -5, -4, -5, -3, -4, 0, -1, -5, -1, -1]"
610,230.23,5,False,273,552,9,-2,[804],[692],[5],[2],"[1016, 1240, 518, 733, 910]","[618, 783, 759, 706, 600]","[30, 55, -46, -22, -45]","[-34, -25, -18, -10, -101]","[1054, 815, 794, 1272, 1292, 1259, 843, 503, 351, 617, 377, 525, 720, 865, 608, 540, 707]","[671, 678, 389, 105, 477, 104, 61, 230, 341, 220, 426, 416, 711, 775, 550, 701, 698]","[-5, -5, -3, 3, 5, -5, 0, -3, -4, -2, -4, -3, -5, -5, -1, -5, -5]","[0, 0, 4, -5, -2, -1, -5, -4, -4, -5, -3, -4, 0, -1, -5, -1, -1]"
611,230.56,5,False,421,452,5,-8,[904],[732],[5],[2],"[1011, 1234, 503, 713, 875]","[602, 763, 739, 697, 600]","[-10, -25, 14, -2, -53]","[6, -25, -7, 10, -61]","[954, 715, 723, 1320, 1392, 1159, 443, 271, 577, 297, 447, 620, 765, 588, 440, 607, 951, 1190, 566, 681, 875]","[671, 678, 469, 5, 437, 92, 150, 273, 120, 366, 336, 711, 755, 450, 681, 678, 652, 831, 707, 698, 586]","[-5, -5, -4, 2, 5, -5, -3, -4, -2, -4, -4, -5, -5, -1, -5, -5, -5, -5, 0, -5, -4]","[0, 0, 4, -5, -2, 0, -4, -3, -5, -3, -4, 0, -1, -5, -1, -1, 0, 0, -5, -3, -3]"
612,230.89,4,False,559,335,8,-4,[1004],[772],[5],[2],"[991, 1198, 512, 712, 835]","[602, 743, 733, 697, 600]","[-41, -105, 74, 18, -53]","[46, -18, 13, 30, -21]","[854, 615, 643, 1491, 1059, 383, 191, 537, 217, 367, 520, 665, 340, 507, 851, 1090, 566, 581, 795]","[671, 678, 536, 390, 92, 70, 210, 20, 306, 256, 711, 735, 649, 658, 652, 831, 607, 638, 526]","[-5, -5, -4, 4, -5, -3, -4, -2, -4, -4, -5, -5, -5, -5, -5, -5, 0, -5, -4]","[0, 0, 3, -3, 0, -4, -4, -5, -3, -4, 0, -1, -2, -1, 0, 0, -5, -3, -3]"
613,231.23,4,False,738,301,9,0,[1104],[804],[5],[1],"[960, 1133, 544, 712, 795]","[621, 726, 733, 698, 600]","[-61, -165, 134, 38, -51]","[86, 2, 33, 50, 19]","[754, 515, 563, 1571, 959, 111, 137, 292, 420, 565, 240, 407, 751, 990, 566, 490, 715, 975, 1179, 601, 717, 798]","[671, 661, 596, 324, 92, 130, 246, 176, 711, 715, 609, 638, 652, 831, 507, 578, 466, 639, 736, 728, 692, 615]","[-5, -5, -4, 4, -5, -4, -4, -3, -5, -5, -5, -5, -5, -5, 0, -4, -4, -5, -3, 4, -3, -5]","[0, -1, 3, -4, 0, -4, -3, -4, 0, -1, -2, -1, 0, 0, -5, -3, -3, -2, -4, -4, -4, -2]"
614,231.56,4,False,918,302,9,1,[1204],[824],[5],[1],"[920, 1046, 599, 721, 775]","[655, 726, 737, 718, 605]","[-81, -214, 194, 58, -31]","[124, 22, 53, 70, 59]","[654, 415, 469, 859, 31, 57, 232, 320, 465, 140, 307, 651, 890, 566, 410, 635, 875, 1119, 681, 657, 698]","[671, 641, 651, 92, 50, 186, 96, 711, 695, 569, 614, 652, 831, 407, 518, 406, 599, 656, 648, 612, 575]","[-5, -5, -5, -5, -4, -4, -3, -5, -5, -5, -5, -5, -5, 0, -4, -4, -5, -3, 4, -3, -5]","[0, -1, 2, 0, -4, -3, -4, 0, -1, -2, -2, 0, 0, -5, -3, -3, -2, -4, -4, -4, -2]"
615,231.89,4,False,960,439,-4,9,"[1304, 1014]","[844, 465]","[5, -1]","[1, 5]","[880, 946, 677, 741, 755]","[695, 726, 757, 738, 625]","[-91, -244, 235, 78, -11]","[144, 42, 67, 90, 99]","[554, 315, 376, 759, 172, 220, 365, 40, 207, 551, 790, 566, 330, 555, 775, 1059, 761, 597, 598]","[671, 607, 696, 104, 16, 710, 675, 527, 574, 652, 831, 307, 448, 346, 559, 576, 568, 532, 535]","[-5, -5, -4, -5, -3, -5, -5, -5, -5, -5, -5, 0, -4, -4, -5, -3, 4, -3, -5]","[0, -2, 3, 1, -4, -1, -1, -3, -2, 0, 0, -5, -4, -3, -2, -4, -4, -4, -2]"
616,232.23,4,False,1071,418,8,-5,"[1404, 994]","[864, 565]","[5, -1]","[1, 5]","[824, 828, 757, 761, 735]","[735, 726, 765, 758, 645]","[-131, -292, 221, 58, -31]","[124, 22, 27, 63, 99]","[454, 215, 401, 659, 120, 265, 107, 451, 690, 578, 259, 475, 675, 999, 841, 537, 498, 887, 1076, 743, 891, 823]","[653, 565, 738, 128, 690, 655, 534, 652, 831, 207, 368, 276, 519, 496, 488, 432, 479, 646, 759, 700, 780, 575]","[-5, -5, 5, -5, -5, -5, -5, -5, -5, 1, -3, -4, -5, -3, 4, -3, -5, -2, 5, 1, 5, 1]","[-1, -3, 0, 2, -1, -1, -2, 0, 0, -5, -4, -4, -2, -4, -4, -5, -3, -5, -1, -5, -1, -5]"
617,232.56,4,False,1158,372,0,0,[960],[665],[-2],[5],"[755, 692, 833, 769, 714]","[771, 726, 758, 764, 665]","[-159, -316, 192, 38, -51]","[92, 2, -13, 23, 85]","[354, 132, 501, 559, 20, 165, 7, 351, 590, 598, 204, 395, 575, 939, 921, 495, 412, 847, 1176, 763, 991, 843]","[628, 501, 719, 170, 665, 621, 494, 652, 831, 107, 278, 196, 479, 416, 408, 332, 419, 546, 729, 600, 760, 475]","[-5, -4, 5, -5, -5, -5, -5, -5, -5, 1, -2, -4, -5, -3, 4, -2, -4, -2, 5, 1, 5, 1]","[-2, -4, -1, 3, -2, -2, -2, 0, 0, -5, -5, -4, -2, -4, -4, -5, -3, -5, -2, -5, -1, -5]"
618,232.89,4,True,1203,380,0,0,[],[],[],[],"[675, 552, 769, 674]","[791, 708, 755, 685]","[-173, -310, 18, -58]","[52, -18, -17, 65]","[260, 83, 601, 477, 65, 251, 490, 625, 178, 330, 475, 879, 1001, 455, 332, 827, 1263, 783, 1091, 863, 773, 705, 960, 854, 789]","[579, 410, 683, 235, 581, 652, 823, 7, 178, 116, 438, 336, 328, 232, 357, 446, 674, 500, 740, 375, 774, 754, 781, 779, 723]","[-4, -1, 5, -4, -5, -5, -5, 2, 0, -3, -5, -3, 4, -2, -4, -1, 4, 1, 5, 1, 2, 5, 5, 5, 5]","[-3, -5, -2, 4, -2, 0, -1, -5, -5, -4, -3, -4, -4, -5, -4, -5, -3, -5, -1, -5, -5, -1, -1, -2, 0]"
619,233.23,4,True,1211,451,-8,5,[],[],[],[],"[595, 424, 767, 634]","[792, 688, 735, 700]","[-172, -278, -2, -58]","[12, -38, -42, 45]","[200, 91, 701, 427, 151, 390, 184, 271, 379, 819, 1081, 432, 260, 807, 1340, 809, 1191, 890, 813, 805, 1060, 954, 889]","[495, 310, 643, 326, 652, 803, 78, 28, 378, 256, 264, 132, 277, 346, 600, 400, 717, 275, 674, 734, 761, 739, 706]","[-1, 2, 5, -1, -5, -5, 1, -2, -4, -3, 4, -1, -3, -1, 3, 2, 5, 2, 2, 5, 5, 5, 5]","[-5, -5, -2, 5, 0, -1, -5, -5, -3, -4, -3, -5, -4, -5, -4, -5, -2, -5, -5, -1, -1, -2, -1]"
620,233.56,4,True,1067,535,0,0,[],[],[],[],"[515, 314, 747, 594]","[778, 660, 703, 700]","[-152, -222, -22, -55]","[-28, -58, -62, 25]","[210, 159, 801, 422, 51, 290, 299, 759, 1161, 422, 206, 787, 1400, 849, 1291, 930, 869, 905, 1160, 1054, 989]","[395, 232, 603, 426, 652, 783, 318, 176, 204, 32, 186, 246, 520, 300, 677, 175, 574, 714, 721, 699, 686]","[2, 4, 5, 0, -5, -5, -4, -3, 4, 0, -2, -1, 3, 2, 5, 2, 3, 5, 5, 5, 5]","[-5, -3, -2, 5, 0, -1, -3, -4, -3, -5, -5, -5, -4, -5, -2, -5, -5, -1, -2, -2, -1]"
621,233.89,4,True,1123,399,1,-9,[],[],[],[],"[461, 238, 727, 575, 822]","[758, 634, 672, 700, 779]","[-77, -105, -2, 5, 0]","[-28, -23, -42, 45, 0]","[282, 257, 901, 455, 190, 219, 699, 1241, 181, 784, 1441, 889, 1391, 970, 929, 1005, 1260, 1154, 1089, 616, 454, 872, 707, 957]","[322, 191, 563, 526, 763, 257, 96, 144, 86, 146, 421, 200, 637, 75, 474, 694, 681, 659, 666, 721, 703, 687, 655, 754]","[5, 5, 5, 3, -5, -4, -3, 4, 0, 0, 1, 2, 5, 2, 3, 5, 5, 5, 5, 3, 5, 4, 4, 5]","[-3, -1, -2, 5, -1, -4, -4, -3, -5, -5, -5, -5, -2, -5, -5, -1, -2, -2, -1, -5, 0, -3, -4, -3]"
622,234.23,4,True,1036,350,-9,0,[],[],[],[],"[436, 212, 726, 581, 822]","[738, 623, 652, 716, 779]","[3, 15, 18, 65, 0]","[-16, 17, -22, 65, 0]","[382, 357, 1001, 524, 90, 146, 639, 1321, 784, 1450, 929, 1491, 989, 1105, 1360, 1254, 1189, 676, 554, 952, 787, 1042]","[280, 171, 523, 603, 727, 177, 14, 84, 46, 321, 100, 597, 385, 674, 641, 619, 646, 636, 685, 627, 575, 694]","[5, 5, 5, 4, -5, -3, -3, 4, 0, 0, 2, 5, 3, 5, 5, 5, 5, 3, 5, 4, 4, 4]","[-2, -1, -2, 3, -2, -4, -5, -3, -5, -5, -5, -2, -4, -1, -2, -2, -1, -4, -1, -3, -4, -3]"
623,234.56,3,True,856,331,-9,1,[],[],[],[],"[445, 233, 726, 610, 822]","[723, 627, 641, 736, 779]","[83, 135, 38, 121, 0]","[4, 57, 16, 85, 0]","[482, 457, 1101, 614, 93, 1401, 1423, 1583, 1205, 1460, 1354, 1289, 736, 654, 1032, 867, 1122, 521, 303, 771, 671, 857]","[260, 169, 483, 657, 86, 24, 224, 540, 654, 601, 579, 626, 556, 665, 557, 501, 634, 742, 638, 626, 736, 764]","[5, 5, 5, 5, -2, 4, -3, 4, 5, 5, 5, 5, 3, 5, 4, 4, 4, 5, 5, 1, 3, 0]","[-1, 0, -2, 2, -5, -3, -4, -3, -1, -2, -2, -1, -4, -1, -4, -4, -3, -2, -2, -5, -4, -5]"
624,234.89,3,True,676,387,-9,3,[],[],[],[],"[485, 302, 735, 656, 822]","[723, 647, 645, 762, 779]","[163, 255, 58, 161, 0]","[24, 97, 56, 100, 0]","[582, 557, 1201, 714, 1341, 1305, 1560, 1454, 1389, 796, 754, 1112, 947, 1202, 621, 403, 791, 731, 857]","[240, 169, 441, 693, 162, 634, 554, 530, 596, 476, 645, 477, 421, 574, 701, 598, 526, 656, 664]","[5, 5, 5, 5, -5, 5, 5, 5, 5, 3, 5, 4, 4, 4, 5, 5, 1, 3, 0]","[-1, 0, -3, 1, -2, -1, -3, -3, -2, -4, -1, -4, -4, -3, -3, -2, -5, -4, -5]"
625,235.23,3,True,496,421,-9,0,[],[],[],[],"[555, 415, 755, 716, 822]","[723, 686, 665, 802, 779]","[229, 353, 78, 196, 0]","[44, 120, 82, 100, 0]","[682, 657, 1286, 814, 1241, 1405, 1549, 1489, 856, 854, 1192, 1027, 1282, 721, 503, 811, 791, 857]","[240, 169, 381, 713, 144, 607, 470, 556, 394, 625, 397, 341, 501, 641, 558, 426, 561, 564]","[5, 5, 4, 5, -5, 5, 4, 5, 3, 5, 4, 4, 4, 5, 5, 1, 3, 0]","[0, 0, -3, 1, 0, -2, -3, -2, -5, -1, -4, -4, -4, -3, -2, -5, -5, -5]"
626,235.56,3,True,375,498,4,9,[],[],[],[],"[635, 555, 775, 776, 802]","[723, 726, 685, 812, 759]","[241, 386, 58, 176, -40]","[24, 100, 62, 60, -40]","[1342, 914, 1141, 1505, 1585, 916, 954, 1266, 1107, 1351, 804, 603, 817, 851, 857, 534, 505, 805, 703, 790]","[295, 717, 144, 567, 505, 294, 605, 317, 261, 421, 581, 518, 326, 461, 464, 678, 631, 615, 767, 747]","[1, 5, -5, 5, 4, 3, 5, 3, 4, 3, 4, 5, 0, 3, 0, -3, 2, 0, -3, -4]","[-5, 0, 0, -2, -3, -5, -1, -4, -4, -4, -3, -2, -5, -5, -5, -4, -5, -5, -4, -4]"
627,235.89,3,True,432,533,-7,-6,[544],[610],[5],[2],"[715, 695, 783, 833, 770]","[723, 746, 697, 812, 724]","[238, 393, 38, 145, -62]","[4, 80, 42, 20, -67]","[1315, 1014, 1041, 975, 1054, 1326, 1187, 1411, 884, 703, 817, 906, 852, 474, 545, 804, 643, 710]","[202, 717, 150, 194, 585, 237, 181, 334, 521, 478, 226, 361, 364, 598, 531, 515, 687, 667]","[-4, 5, -5, 2, 5, 3, 4, 3, 4, 5, 0, 2, -1, -3, 2, -1, -3, -4]","[-3, 0, 1, -5, -1, -4, -4, -5, -3, -2, -5, -5, -5, -4, -5, -5, -4, -4]"
628,236.23,3,True,305,397,-5,-8,[644],[650],[5],[2],"[795, 835, 783, 873, 730]","[707, 763, 697, 798, 684]","[218, 370, 18, 105, -82]","[-16, 45, 22, -20, -87]","[1218, 1072, 941, 1015, 1154, 1386, 1257, 1448, 964, 803, 817, 946, 832, 414, 585, 784, 583, 630, 761, 782, 768, 852, 767]","[173, 662, 170, 94, 565, 157, 101, 234, 456, 438, 126, 261, 264, 518, 431, 415, 607, 587, 728, 757, 732, 854, 711]","[-5, -2, -5, 2, 5, 3, 3, 1, 4, 5, 0, 2, -1, -3, 2, -1, -3, -4, -4, -3, -5, -5, -3]","[0, -5, 1, -5, -1, -4, -4, -5, -4, -2, -5, -5, -5, -4, -5, -5, -4, -4, -3, -4, 0, -1, -4]"
629,236.56,3,True,282,229,0,0,[],[],[],[],"[865, 965, 781, 895]","[687, 763, 697, 773]","[180, 320, -2, 65]","[-36, 5, 2, -60]","[1118, 998, 841, 1254, 1435, 1317, 1456, 1034, 903, 817, 986, 802, 354, 625, 764, 523, 550, 681, 722, 668, 752, 707]","[173, 596, 190, 533, 57, 21, 134, 376, 398, 26, 161, 164, 438, 331, 315, 527, 507, 668, 677, 732, 834, 631]","[-5, -4, -5, 5, 2, 3, 0, 3, 5, 0, 2, -2, -3, 2, -1, -3, -4, -4, -3, -5, -5, -3]","[0, -3, 1, -2, -5, -4, -5, -4, -2, -5, -5, -5, -4, -5, -5, -4, -4, -3, -4, 0, -1, -4]"
630,236.89,3,True,158,329,-4,9,[],[],[],[],"[919, 1070, 761, 902]","[661, 745, 679, 733]","[132, 246, -22, 11]","[-56, -30, -18, -92]","[1018, 902, 741, 1354, 1436, 1084, 1003, 1026, 762, 294, 665, 739, 463, 470, 601, 662, 568, 652, 647]","[173, 546, 210, 493, 34, 282, 358, 61, 64, 358, 231, 215, 447, 427, 608, 597, 732, 814, 551]","[-5, -5, -5, 5, -2, 2, 5, 2, -2, -3, 2, -2, -3, -4, -4, -3, -5, -5, -3]","[0, -2, 1, -2, -5, -5, -2, -5, -5, -4, -5, -5, -4, -4, -3, -4, 0, -1, -4]"
631,237.23,3,True,130,508,5,8,[],[],[],[],"[959, 1148, 741, 893, 1209]","[636, 725, 662, 693, 658]","[112, 194, -2, -2, -80]","[-22, -10, 2, -72, 20]","[802, 641, 1447, 1100, 1103, 234, 689, 699, 403, 390, 521, 597, 468, 552, 587, 870, 1016, 729, 857, 1171]","[506, 230, 438, 182, 308, 278, 131, 115, 367, 347, 548, 517, 725, 794, 471, 648, 766, 667, 706, 693]","[-5, -5, 4, 0, 5, -3, 1, -2, -3, -4, -4, -4, -5, -5, -3, -5, -5, -4, -4, -5]","[-2, 1, -3, -5, -3, -4, -5, -5, -4, -4, -3, -4, -1, -1, -4, -3, -1, -3, -3, 0]"
632,237.56,3,True,281,454,5,-8,[],[],[],[],"[991, 1202, 740, 873, 1154]","[626, 716, 662, 653, 658]","[92, 134, 18, -2, -145]","[18, 10, 22, -52, 40]","[702, 541, 1527, 1086, 1203, 161, 709, 653, 343, 310, 441, 517, 368, 452, 525, 770, 916, 649, 777, 1071]","[482, 250, 369, 82, 248, 198, 31, 15, 287, 283, 488, 437, 705, 774, 391, 592, 746, 607, 646, 693]","[-5, -5, 4, -2, 5, -4, 1, -3, -3, -4, -4, -4, -5, -5, -4, -5, -5, -4, -4, -5]","[-1, 1, -4, -5, -3, -4, -5, -5, -4, -3, -3, -4, -1, -1, -4, -2, -1, -3, -3, 0]"
633,237.89,3,True,246,392,-7,6,[],[],[],[],"[1011, 1230, 740, 853, 1075]","[631, 716, 662, 632, 669]","[62, 54, 38, -2, -199]","[58, 30, 42, -14, 60]","[602, 441, 1579, 1283, 81, 283, 230, 361, 437, 268, 352, 445, 670, 816, 569, 683, 971, 987, 1206, 725, 861, 1113]","[462, 270, 279, 188, 118, 207, 223, 428, 357, 685, 754, 311, 552, 726, 547, 586, 693, 661, 741, 677, 670, 672]","[-5, -5, 2, 4, -4, -3, -4, -4, -4, -5, -5, -4, -5, -5, -4, -5, -5, -5, -5, -5, -5, -4]","[-1, 1, -5, -3, -4, -4, -3, -3, -4, -1, -1, -4, -2, -1, -3, -3, 0, 0, -1, -2, -2, -3]"
634,238.24,3,True,173,550,2,9,[],[],[],[],"[1017, 1224, 749, 833, 975]","[651, 717, 675, 626, 689]","[22, -26, 58, -2, -234]","[98, 50, 62, 26, 80]","[502, 341, 1581, 1363, 1, 215, 150, 281, 357, 168, 252, 365, 570, 716, 489, 583, 871, 887, 1106, 625, 761, 1026]","[442, 303, 179, 128, 38, 127, 163, 368, 277, 665, 715, 231, 512, 706, 487, 526, 693, 661, 721, 637, 630, 612]","[-5, -5, -1, 4, -4, -4, -4, -4, -4, -5, -5, -4, -5, -5, -4, -5, -5, -5, -5, -5, -5, -5]","[-1, 2, -5, -3, -4, -4, -3, -3, -4, -1, -2, -4, -2, -1, -3, -3, 0, 0, -1, -2, -2, -3]"
635,238.58,3,True,279,600,7,6,[],[],[],[],"[1008, 1189, 769, 813, 875]","[690, 737, 695, 635, 710]","[-18, -101, 78, -2, -249]","[118, 70, 82, 66, 100]","[402, 241, 1517, 1440, 135, 70, 201, 277, 68, 152, 285, 470, 616, 409, 483, 771, 787, 1006, 525, 661, 926]","[429, 343, 99, 48, 47, 103, 308, 197, 645, 675, 151, 472, 686, 427, 466, 693, 661, 701, 597, 606, 552]","[-5, -5, -4, 3, -4, -4, -4, -4, -5, -5, -4, -5, -5, -4, -5, -5, -5, -5, -5, -5, -5]","[0, 2, -3, -4, -4, -3, -3, -4, -1, -2, -4, -2, -1, -3, -3, 0, 0, -1, -2, -1, -3]"
636,238.91,3,True,354,600,-9,3,[451],[676],[5],[2],"[976, 1117, 789, 793, 755]","[728, 754, 715, 655, 730]","[-86, -201, 58, -35, -282]","[98, 44, 62, 62, 80]","[302, 141, 1417, 121, 197, 52, 205, 370, 516, 329, 383, 671, 687, 906, 425, 561, 826, 953, 1130, 719, 761, 809]","[429, 383, 68, 248, 133, 635, 71, 432, 666, 367, 406, 693, 661, 681, 557, 586, 496, 738, 782, 705, 665, 711]","[-5, -5, -5, -4, -4, -5, -4, -5, -5, -4, -5, -5, -5, -5, -5, -5, -5, -5, -5, -5, -5, -5]","[0, 2, -1, -3, -3, -2, -4, -2, -1, -3, -3, 0, 0, -1, -2, -1, -2, 0, 0, -2, -1, -2]"
637,239.24,3,True,174,600,-9,3,[551],[716],[5],[2],"[920, 1008, 797, 768, 635]","[748, 754, 727, 667, 750]","[-146, -285, 38, -55, -292]","[78, 4, 42, 42, 60]","[202, 41, 1317, 41, 117, 125, 270, 416, 242, 283, 571, 587, 806, 325, 461, 726, 853, 1030, 619, 661, 709]","[429, 434, 66, 188, 73, 9, 392, 646, 307, 358, 693, 661, 661, 517, 566, 456, 738, 782, 665, 645, 671]","[-5, -5, -5, -4, -4, -4, -5, -5, -5, -5, -5, -5, -5, -5, -5, -5, -5, -5, -5, -5, -5]","[0, 3, 0, -3, -3, -3, -2, -1, -3, -2, 0, 0, -1, -2, -1, -2, 0, 0, -2, -1, -2]"
638,239.58,3,True,241,495,4,-9,[],[],[],[],"[841, 872, 797, 728, 1167]","[763, 736, 727, 667, 602]","[-192, -343, 18, -75, -50]","[41, -22, 22, 22, 0]","[102, 1217, 37, 170, 316, 142, 183, 471, 487, 706, 225, 361, 626, 753, 930, 519, 561, 609, 869, 935, 782, 731, 1161]","[429, 66, 13, 352, 626, 247, 318, 693, 661, 641, 477, 546, 416, 738, 782, 625, 625, 631, 801, 745, 752, 702, 627]","[-5, -5, -4, -5, -5, -5, -5, -5, -5, -5, -5, -5, -5, -5, -5, -5, -5, -5, -5, -4, -5, -5, -5]","[0, 0, -3, -2, -1, -3, -2, 0, 0, -1, -2, -1, -2, 0, 0, -2, -1, -2, 0, -4, -1, 0, -1]"
639,239.91,3,True,348,343,8,-5,[],[],[],[],"[745, 715, 795, 688, 1117]","[763, 716, 727, 667, 602]","[-221, -373, -2, -89, -150]","[1, -42, 2, 2, 0]","[2, 1117, 70, 216, 42, 83, 371, 387, 606, 125, 261, 526, 653, 830, 419, 461, 509, 769, 855, 682, 631, 1061]","[429, 67, 312, 606, 201, 278, 693, 661, 621, 437, 526, 376, 738, 782, 585, 605, 591, 801, 665, 732, 702, 607]","[-5, -5, -5, -5, -5, -5, -5, -5, -5, -5, -5, -5, -5, -5, -5, -5, -5, -5, -4, -5, -5, -5]","[0, 1, -2, -1, -2, -2, 0, 0, -1, -2, -1, -2, 0, 0, -2, -1, -2, 0, -4, -1, 0, -1]"
