,Time,HP,Power up,Player x,Player y,Player speed_x,Player speed_y,Player bullet x,Player bullet y,Player bullet speed_x,Player bullet speed_y,Enemy x,Enemy y,Enemy speed_x,Enemy speed_y,Enemy bullet x,Enemy bullet y,Enemy bullet speed_x,Enemy bullet speed_y
0,0.06,10,False,770,297,2,9,[],[],[],[],[384],[777],[2],[-2],[],[],[],[]
1,0.4,10,False,797,413,0,0,[],[],[],[],[384],[757],[42],[-42],[],[],[],[]
2,0.92,10,False,849,556,-7,6,[],[],[],[],"[401, 1140]","[721, 652]","[82, -5]","[-82, -1]",[],[],[],[]
3,1.26,10,False,720,576,0,0,[],[],[],[],"[433, 1109]","[681, 634]","[144, -83]","[-81, 1]",[],[],[],[]
4,1.61,10,False,820,544,0,0,[],[],[],[],"[498, 1054, 487]","[641, 634, 706]","[217, -139, 3]","[-61, 21, 1]",[],[],[],[]
5,1.94,10,False,758,371,-7,-6,[],[],[],[],"[588, 979, 492]","[611, 634, 706]","[274, -179, 63]","[-32, 41, 21]",[],[],[],[]
6,2.28,10,False,581,385,-8,5,[],[],[],[],"[696, 897, 520, 1421]","[596, 646, 706, 721]","[310, -202, 123, -6]","[8, 61, 41, 0]",[],[],[],[]
7,2.61,10,False,600,478,9,2,[632],[519],[6],[2],"[816, 797, 572, 1383]","[596, 666, 718, 721]","[323, -208, 182, -126]","[48, 81, 61, 0]",[],[],[],[]
8,2.94,10,False,584,488,-9,-3,[752],[563],[6],[3],"[932, 697, 644, 1298, 356]","[616, 686, 734, 710, 778]","[290, -216, 200, -253, 3]","[66, 79, 42, -12, -2]",[],[],[],[]
9,3.28,10,False,463,531,3,9,[859],[626],[5],[4],"[1024, 597, 711, 1160, 361]","[636, 706, 734, 690, 758]","[218, -222, 187, -377, 63]","[51, 59, 2, -32, -42]",[],[],[],[]
10,3.63,10,False,515,523,5,-8,[959],[706],[5],[4],"[1084, 497, 771, 979, 387]","[637, 715, 715, 668, 722]","[132, -208, 167, -468, 111]","[31, 39, -33, -52, -82]",[],[],[],[]
11,3.96,10,False,672,449,9,-1,[],[],[],[],"[1106, 411, 819, 428]","[637, 715, 692, 679]","[32, -174, 127, 151]","[11, 19, -53, -103]",[],[],[],[]
12,4.29,10,False,732,500,-9,3,[],[],[],[],"[1088, 340, 852, 488, 422]","[628, 714, 652, 619, 676]","[-68, -125, 87, 185, 2]","[-9, -1, -73, -123, -1]",[],[],[],[]
13,4.62,10,False,692,520,0,0,[658],[606],[-6],[3],"[1034, 294, 872, 558, 426]","[611, 696, 612, 576, 658]","[-135, -43, 66, 227, 64]","[5, 1, -67, -101, 1]",[],[],[],[]
14,4.96,10,False,661,389,-6,-7,[],[],[],[],"[961, 288, 888, 458, 730]","[611, 696, 584, 658, 669]","[-174, 57, 46, 144, 1]","[45, 21, -27, 21, 1]",[],[],[],[]
15,5.29,10,False,571,462,-1,9,[],[],[],[],"[881, 322, 888, 520, 730]","[629, 696, 576, 658, 669]","[-194, 157, 26, 208, 21]","[77, 41, 13, 41, 21]",[],[],[],[]
16,5.64,10,False,546,510,-7,-6,[],[],[],[],"[801, 395, 888, 606, 730]","[649, 708, 578, 670, 669]","[-198, 251, 6, 261, 41]","[97, 61, 53, 61, 41]",[],[],[],[]
17,5.97,10,False,394,498,-2,9,[],[],[],[],"[721, 503, 874, 706, 742]","[687, 728, 598, 690, 681]","[-187, 326, -14, 294, 61]","[117, 74, 93, 81, 61]",[],[],[],[]
18,6.31,10,False,507,568,0,0,[452],[665],[2],[6],"[641, 636, 854, 813, 762]","[727, 748, 635, 710, 701]","[-183, 355, -42, 284, 59]","[112, 52, 104, 79, 59]",[],[],[],[]
19,6.64,10,False,660,556,9,0,[509],[773],[3],[5],"[561, 766, 818, 908, 770]","[753, 749, 659, 730, 710]","[-182, 340, -82, 236, 26]","[72, 12, 84, 50, 39]",[],[],[],[]
20,6.97,10,False,750,557,0,0,[],[],[],[],"[885, 767, 980, 763, 716]","[735, 679, 730, 710, 794]","[299, -122, 173, -9, -1]","[-28, 64, 10, 19, -3]",[],[],[],[]
21,7.3,10,False,885,565,9,0,[],[],[],[],"[981, 707, 1023, 743, 696]","[706, 693, 715, 709, 747]","[236, -142, 93, -29, -21]","[-61, 44, -25, -1, -43]",[],[],[],[]
22,7.62,10,False,1065,565,9,0,[],[],[],[],"[1050, 635, 1033, 723, 676]","[666, 693, 695, 689, 710]","[156, -154, 13, -49, -41]","[-81, 24, -45, -21, -78]",[],[],[],[]
23,7.94,10,False,1245,565,9,0,[1235],[600],[6],[0],"[1086, 565, 1016, 688, 656]","[626, 693, 668, 669, 670]","[87, -131, -45, -47, -27]","[-79, 26, -43, -19, -76]",[],[],[],[]
24,8.26,10,False,1330,576,0,9,[1355],[600],[6],[0],"[1098, 515, 978, 668, 643]","[591, 693, 648, 651, 630]","[27, -71, -85, -27, 13]","[-42, 46, -23, 1, -56]",[],[],[],[]
25,8.57,10,False,1314,576,0,0,[1474],[600],[5],[0],"[1087, 489, 928, 655, 645]","[576, 710, 628, 651, 605]","[-33, -11, -110, 13, 53]","[-2, 66, -3, 21, -21]",[],[],[],[]
26,8.89,10,False,1296,576,0,0,[],[],[],[],"[1052, 486, 868, 657, 665]","[576, 730, 626, 651, 595]","[-85, 49, -130, 53, 93]","[38, 77, 17, 41, 19]",[],[],[],[]
27,9.2,10,False,1261,576,0,0,[],[],[],[],"[999, 510, 808, 677, 702]","[591, 750, 626, 663, 600]","[-125, 109, -130, 85, 117]","[78, 77, 37, 61, 59]",[],[],[],[]
28,9.52,10,False,1226,576,0,0,[1218],[635],[-5],[2],"[929, 550, 748, 697, 742]","[611, 770, 626, 683, 620]","[-178, 147, -146, 83, 115]","[96, 55, 35, 59, 77]","[1057, 632, 868, 780, 824]","[601, 807, 641, 689, 657]","[4, 5, 5, 4, 5]","[-4, 0, -1, -3, 0]"
29,9.86,10,False,1192,576,0,0,[1118],[674],[-5],[1],"[836, 608, 672, 717, 776]","[631, 770, 626, 692, 640]","[-232, 154, -166, 63, 89]","[86, 15, 15, 39, 58]","[1137, 732, 968, 860, 924]","[521, 807, 621, 629, 657]","[4, 5, 5, 4, 5]","[-4, 0, -1, -3, 0]"
30,10.19,10,False,1284,473,5,8,[1018],[694],[-5],[1],"[725, 668, 592, 730, 795]","[651, 757, 621, 692, 648]","[-265, 154, -167, 43, 49]","[66, -25, -5, 19, 38]","[1217, 832, 1068, 946, 1024, 770, 717, 639, 770, 835]","[441, 807, 601, 569, 657, 690, 800, 661, 726, 682]","[4, 5, 5, 5, 5, 5, 5, 5, 5, 5]","[-4, 0, -1, -3, 0, -1, -1, -2, -1, -1]"
31,10.52,10,False,1349,576,2,9,[918],[714],[-5],[1],"[605, 713, 512, 730, 795]","[667, 729, 601, 691, 648]","[-275, 135, -153, 23, 9]","[46, -65, -6, -1, 18]","[1297, 932, 1168, 1046, 1124, 870, 817, 739, 870, 935]","[361, 807, 581, 509, 657, 670, 780, 621, 706, 662]","[4, 5, 5, 5, 5, 5, 5, 5, 5, 5]","[-4, 0, -1, -3, 0, -1, -1, -2, -1, -1]"
32,10.86,10,False,1366,576,0,9,[818],[734],[-5],[1],"[485, 753, 450, 730, 779]","[667, 689, 581, 671, 646]","[-262, 115, -127, 3, -31]","[26, -90, -6, -21, -2]","[1377, 1032, 1268, 1146, 1224, 970, 917, 839, 970, 1035]","[290, 807, 561, 449, 657, 650, 760, 581, 686, 642]","[4, 5, 5, 5, 5, 5, 5, 5, 5, 5]","[-3, 0, -1, -3, 0, -1, -1, -2, -1, -1]"
33,11.19,10,False,1370,576,2,9,[],[],[],[],"[378, 399, 719, 759, 726]","[667, 576, 651, 627, 735]","[-203, -65, 5, -40, 11]","[28, 16, -19, 0, 0]","[1457, 1132, 1368, 1246, 1324, 1070, 1017, 939, 1070, 1135, 518, 519, 827, 873, 816]","[230, 807, 541, 389, 657, 630, 740, 541, 666, 622, 691, 620, 710, 696, 748]","[4, 5, 5, 5, 5, 5, 5, 5, 5, 5, 5, 5, 5, 5, 5]","[-3, 0, -1, -3, 0, -1, -1, -2, -1, -1, -1, 0, 0, 1, -2]"
34,11.52,10,False,1375,576,0,0,[],[],[],[],"[307, 380, 719, 739, 726]","[667, 580, 633, 627, 735]","[-106, 15, 25, -20, 31]","[48, 56, 1, 20, 0]","[1232, 1468, 1346, 1424, 1170, 1117, 1039, 1170, 1235, 618, 619, 927, 973, 916]","[807, 521, 349, 657, 610, 720, 501, 646, 602, 671, 620, 710, 716, 708]","[5, 5, 5, 5, 5, 5, 5, 5, 5, 5, 5, 5, 5, 5]","[0, -1, -2, 0, -1, -1, -2, -1, -1, -1, 0, 0, 1, -2]"
35,11.86,10,False,1357,486,0,0,[],[],[],[],"[275, 392, 719, 720, 728]","[686, 600, 633, 627, 735]","[-6, 95, 45, 0, 51]","[68, 96, 21, 40, 0]","[1332, 1446, 1524, 1270, 1217, 1139, 1270, 1335, 718, 719, 1027, 1073, 1016, 329, 446, 758, 760, 768]","[807, 309, 657, 590, 700, 480, 626, 582, 651, 620, 710, 736, 668, 733, 649, 665, 660, 768]","[5, 5, 5, 5, 5, 5, 5, 5, 5, 5, 5, 5, 5, 5, 5, 4, 5, 5]","[0, -2, 0, -1, -1, -1, -1, -1, -1, 0, 0, 1, -2, -2, 0, -3, -2, -2]"
36,12.19,10,False,1342,411,-7,-6,[],[],[],[],"[283, 438, 735, 720, 748]","[706, 639, 633, 638, 735]","[94, 175, 65, 20, 71]","[88, 127, 41, 60, 0]","[1432, 1370, 1317, 1239, 1370, 1435, 818, 819, 1127, 1173, 1116, 429, 546, 838, 860, 868]","[807, 570, 680, 460, 606, 562, 631, 620, 710, 756, 628, 693, 649, 605, 620, 728]","[5, 5, 5, 5, 5, 5, 5, 5, 5, 5, 5, 5, 5, 4, 5, 5]","[0, -1, -1, -1, -1, -1, -1, 0, 0, 1, -2, -2, 0, -3, -2, -2]"
37,12.52,9,False,1239,368,-9,-4,[],[],[],[],"[331, 512, 755, 720, 768]","[735, 679, 645, 658, 735]","[194, 245, 85, 40, 91]","[101, 147, 61, 80, 0]","[1532, 1470, 1417, 1470, 1535, 918, 919, 1227, 1273, 1216, 529, 646, 929, 960, 968]","[807, 550, 654, 586, 542, 611, 620, 710, 776, 588, 653, 649, 545, 580, 688]","[5, 5, 5, 5, 5, 5, 5, 5, 5, 5, 5, 5, 5, 5, 5]","[0, -1, -2, -1, -1, -1, 0, 0, 1, -2, -2, 0, -3, -2, -2]"
38,12.86,9,False,1200,403,-3,9,[],[],[],[],"[417, 611, 775, 720, 788]","[764, 732, 665, 678, 724]","[262, 275, 77, 38, 70]","[79, 140, 59, 78, -22]","[1517, 1018, 1019, 1327, 1373, 1316, 629, 746, 1029, 1060, 1068, 467, 664, 869, 782, 882]","[614, 591, 620, 710, 796, 548, 613, 649, 485, 540, 648, 785, 744, 704, 648, 772]","[5, 5, 5, 5, 5, 5, 5, 5, 5, 5, 5, 5, 5, 5, 3, 5]","[-2, -1, 0, 0, 1, -2, -2, 0, -3, -2, -2, -1, -1, 0, -5, -1]"
39,13.19,9,False,1218,482,0,0,[],[],[],[],"[517, 711, 788, 720, 798]","[778, 772, 674, 698, 704]","[293, 267, 37, 18, 30]","[39, 100, 39, 58, -46]","[1118, 1119, 1427, 1473, 1416, 729, 846, 1129, 1160, 1168, 567, 764, 969, 842, 982]","[571, 620, 710, 806, 508, 573, 645, 425, 500, 608, 765, 724, 699, 548, 752]","[5, 5, 5, 5, 5, 5, 5, 5, 5, 5, 5, 5, 5, 3, 5]","[-1, 0, 0, 0, -2, -2, -1, -3, -2, -2, -1, -1, -1, -5, -1]"
40,13.52,8,False,1237,576,0,9,[],[],[],[],"[631, 805, 786, 718, 793]","[777, 779, 674, 706, 668]","[303, 239, -3, -2, -10]","[-1, 60, 19, 38, -66]","[1218, 1219, 1527, 1516, 829, 946, 1229, 1260, 667, 864, 1069, 902, 1082, 675, 852, 826, 758, 844]","[551, 620, 710, 468, 533, 625, 365, 460, 745, 704, 679, 450, 732, 814, 821, 709, 741, 711]","[5, 5, 5, 5, 5, 5, 5, 5, 5, 5, 5, 3, 5, 4, 5, 5, 5, 5]","[-1, 0, 0, -2, -2, -1, -3, -2, -1, -1, -1, -4, -1, -3, 0, 0, 0, -3]"
41,13.86,7,False,1210,576,-2,9,[],[],[],[],"[741, 883, 766, 698, 773]","[757, 779, 673, 706, 628]","[290, 195, -41, -22, -50]","[-41, 20, -1, 18, -86]","[1318, 929, 1046, 1329, 1360, 767, 964, 1169, 962, 1182, 755, 952, 926, 858, 944]","[531, 507, 620, 305, 420, 725, 684, 659, 370, 712, 754, 821, 709, 741, 651]","[5, 5, 5, 5, 5, 5, 5, 5, 3, 5, 4, 5, 5, 5, 5]","[-1, -1, 0, -3, -2, -1, -1, -1, -4, -1, -3, 0, 0, 0, -3]"
42,14.19,7,False,1166,558,-2,-9,[1197],[681],[-4],[4],"[841, 938, 735, 678, 733]","[721, 767, 653, 704, 588]","[256, 135, -61, -42, -73]","[-81, -20, -21, -2, -90]","[1418, 1029, 1146, 1429, 1460, 867, 1064, 1269, 1022, 1282, 835, 1052, 1026, 958, 1044]","[511, 487, 620, 249, 380, 705, 664, 639, 290, 692, 694, 821, 709, 741, 591]","[5, 5, 5, 5, 5, 5, 5, 5, 3, 5, 4, 5, 5, 5, 5]","[-1, -1, 0, -2, -2, -1, -1, -1, -4, -1, -3, 0, 0, 0, -3]"
43,14.53,7,False,1217,378,3,-9,[1117],[761],[-4],[4],"[924, 974, 695, 657, 693]","[681, 747, 633, 685, 576]","[225, 93, -59, -29, -71]","[-80, -38, -19, 0, -68]","[1518, 1129, 1246, 1529, 967, 1164, 1369, 1082, 1382, 915, 1152, 1126, 1058, 1144, 975, 1005, 806, 771, 817]","[491, 467, 608, 209, 685, 644, 619, 210, 672, 634, 815, 709, 741, 531, 715, 749, 657, 743, 592]","[5, 5, 5, 5, 5, 5, 5, 3, 5, 4, 5, 5, 5, 5, 4, 0, 4, 5, 5]","[-1, -1, -1, -2, -1, -1, -1, -4, -1, -3, -1, 0, 0, -3, -3, -5, -3, 0, -3]"
44,14.86,7,False,1163,365,-9,3,[1037],[823],[-4],[3],"[1002, 994, 667, 643, 657]","[641, 727, 618, 685, 576]","[197, 53, -38, 11, -44]","[-60, -38, 8, 20, -28]","[1229, 1346, 1067, 1264, 1469, 1142, 1482, 995, 1252, 1226, 1158, 1244, 1055, 1005, 886, 871, 917]","[447, 588, 665, 624, 599, 130, 652, 574, 795, 709, 741, 471, 655, 649, 597, 743, 532]","[5, 5, 5, 5, 5, 3, 5, 4, 5, 5, 5, 5, 4, 0, 4, 5, 5]","[-1, -1, -1, -1, -1, -4, -1, -3, -1, 0, 0, -3, -3, -5, -3, 0, -3]"
45,15.19,7,False,1029,396,-9,0,[],[],[],[],"[1062, 995, 649, 644, 637]","[612, 707, 618, 685, 576]","[157, 13, 2, 51, -4]","[-32, -25, 48, 40, 12]","[1329, 1446, 1167, 1364, 1202, 1075, 1352, 1326, 1258, 1344, 1135, 1017, 966, 971, 1017, 1109, 1030, 686, 684, 677]","[427, 568, 645, 604, 50, 514, 775, 709, 741, 411, 595, 549, 537, 742, 472, 652, 737, 648, 717, 612]","[5, 5, 5, 5, 3, 4, 5, 5, 5, 5, 4, 1, 4, 5, 5, 3, 0, 2, 5, 5]","[-1, -1, -1, -1, -4, -3, -1, 0, 0, -3, -3, -5, -3, -1, -3, -4, -5, -5, -3, 1]"
46,15.52,7,False,950,380,0,0,[],[],[],[],"[1105, 981, 649, 664, 636]","[597, 687, 638, 696, 578]","[100, -27, 42, 91, 36]","[8, -5, 71, 60, 52]","[1429, 1267, 1464, 1155, 1452, 1426, 1358, 1431, 1215, 1037, 1046, 1071, 1117, 1169, 1030, 726, 784, 777]","[407, 625, 573, 454, 754, 709, 723, 351, 535, 449, 477, 722, 412, 572, 637, 548, 657, 632]","[5, 5, 5, 4, 5, 5, 5, 4, 4, 1, 4, 5, 5, 3, 0, 2, 5, 5]","[-1, -1, -2, -3, -2, 0, -1, -3, -3, -5, -3, -1, -3, -4, -5, -5, -3, 1]"
47,15.86,7,False,858,478,-9,2,[939],[547],[-1],[5],"[1121, 952, 666, 700, 650]","[597, 683, 658, 716, 598]","[40, -59, 82, 116, 76]","[48, 15, 91, 80, 92]","[1529, 1367, 1235, 1526, 1458, 1511, 1295, 1037, 1126, 1171, 1217, 1221, 1030, 766, 884, 877]","[376, 605, 394, 709, 703, 291, 475, 349, 417, 702, 352, 473, 537, 448, 597, 652]","[5, 5, 4, 5, 5, 4, 4, 0, 4, 5, 5, 2, 0, 2, 5, 5]","[-2, -1, -3, 0, -1, -3, -3, -5, -3, -1, -3, -5, -5, -5, -3, 1]"
48,16.19,7,False,808,499,0,0,[919],[647],[-1],[5],"[1112, 911, 686, 740, 670]","[617, 683, 679, 736, 635]","[-42, -101, 83, 114, 93]","[66, 13, 89, 63, 103]","[1467, 1315, 1375, 1037, 1206, 1271, 1317, 1261, 1030, 806, 984, 977, 1101, 978, 703, 760, 739]","[585, 334, 408, 249, 357, 682, 292, 373, 437, 348, 537, 656, 642, 663, 663, 718, 617]","[5, 4, 4, 0, 4, 5, 5, 2, 0, 2, 5, 5, -5, 1, -2, 0, 3]","[-1, -3, -4, -5, -3, -1, -3, -5, -5, -5, -3, 0, 0, -5, -5, -5, -4]"
49,16.52,6,False,723,545,-9,3,[],[],[],[],"[1064, 706, 774, 690]","[637, 699, 742, 658]","[-141, 63, 89, 73]","[50, 69, 23, 83]","[1395, 1455, 1036, 1286, 1371, 1417, 1286, 1030, 846, 1084, 1077, 1001, 998, 663, 760]","[274, 328, 149, 287, 662, 232, 273, 337, 248, 477, 656, 642, 563, 563, 618]","[4, 4, -1, 4, 5, 5, 1, 0, 2, 5, 5, -5, 1, -2, 0]","[-3, -4, -5, -4, -1, -3, -5, -5, -5, -3, 0, 0, -5, -5, -5]"
50,16.86,6,False,543,550,-9,1,[],[],[],[],"[980, 719, 793, 710, 776]","[637, 718, 733, 678, 718]","[-221, 43, 49, 53, -2]","[30, 49, -17, 63, -1]","[1475, 1533, 997, 1366, 1471, 1515, 1289, 1030, 886, 1184, 1177, 901, 1018, 623, 757, 1010, 749, 824, 759, 820]","[209, 248, 55, 207, 642, 172, 173, 237, 148, 417, 656, 642, 463, 463, 518, 671, 753, 765, 722, 766]","[4, 3, -4, 4, 5, 4, 0, 0, 2, 5, 5, -5, 1, -2, -1, -5, -5, -4, 0, -5]","[-4, -4, -4, -4, -1, -3, -5, -5, -5, -3, 0, 0, -5, -5, -5, -1, 0, -3, -5, -1]"
51,17.19,6,False,409,576,-3,9,[],[],[],[],"[868, 719, 793, 713, 756]","[637, 718, 713, 691, 698]","[-284, 23, 9, 33, -30]","[10, 29, -50, 43, -21]","[902, 1437, 1249, 1022, 926, 1264, 1277, 801, 1031, 583, 737, 910, 649, 744, 759, 720]","[25, 127, 79, 137, 48, 357, 656, 642, 363, 363, 418, 651, 753, 705, 622, 746]","[-5, 3, -4, -1, 2, 4, 5, -5, 0, -2, -1, -5, -5, -4, 0, -5]","[0, -4, -4, -5, -5, -3, 0, 0, -5, -5, -5, -1, 0, -3, -5, -1]"
52,17.52,6,False,446,565,-7,-6,[533],[658],[4],[3],"[736, 719, 777, 713, 736]","[627, 718, 673, 691, 678]","[-320, 3, -31, 13, -50]","[-10, 9, -70, 23, -41]","[802, 1496, 1157, 1002, 1344, 1377, 701, 1031, 529, 717, 810, 549, 664, 759, 620]","[44, 41, 32, 37, 297, 665, 642, 263, 263, 318, 631, 753, 645, 522, 726]","[-5, 2, -5, -1, 4, 5, -5, 0, -3, -1, -5, -5, -4, 0, -5]","[2, -5, -1, -5, -3, 1, 0, -5, -5, -5, -1, 0, -3, -5, -1]"
53,17.86,6,False,334,504,0,0,[613],[718],[4],[3],"[596, 708, 757, 713, 699]","[610, 718, 633, 691, 658]","[-308, 5, -38, 15, -48]","[5, 11, -68, 25, -39]","[702, 1057, 1424, 1477, 601, 1031, 469, 697, 710, 449, 584, 754, 520, 651, 692, 769, 737, 708]","[92, 27, 236, 685, 642, 163, 180, 218, 611, 753, 585, 422, 687, 646, 720, 666, 671, 715]","[-5, -5, 4, 5, -5, 0, -3, -1, -5, -5, -4, -1, -5, -5, -5, -4, -1, -5]","[3, 0, -4, 1, 0, -5, -4, -5, -1, 0, -3, -5, -2, -1, -3, -3, -5, 0]"
54,18.19,6,False,337,451,7,-7,[699],[778],[5],[3],"[473, 708, 737, 713, 679]","[610, 718, 601, 691, 638]","[-253, 25, -18, 35, -28]","[45, 31, -35, 45, -19]","[622, 957, 1499, 1466, 501, 1031, 407, 674, 610, 349, 504, 734, 420, 551, 592, 689, 717, 608]","[152, 32, 156, 718, 642, 63, 100, 118, 591, 753, 525, 322, 647, 626, 660, 606, 571, 715]","[-4, -5, 3, -5, -5, 0, -4, -2, -5, -5, -4, -1, -5, -5, -5, -4, -1, -5]","[3, 1, -4, 0, 0, -5, -4, -5, -1, 0, -3, -5, -2, -1, -3, -3, -5, 0]"
55,18.52,5,False,514,409,9,-2,[799],[821],[5],[2],"[380, 708, 720, 719, 660]","[628, 720, 584, 707, 620]","[-174, 45, 2, 55, 1]","[78, 51, 5, 65, 3]","[542, 857, 1366, 401, 327, 634, 510, 249, 701, 320, 451, 493, 609, 684, 508, 417, 740, 750, 763, 690]","[212, 52, 717, 642, 20, 18, 571, 740, 222, 607, 606, 600, 546, 471, 715, 671, 751, 616, 754, 652]","[-4, -5, -5, -5, -4, -2, -5, -5, -2, -5, -5, -4, -4, -2, -5, -5, -3, -5, -5, -5]","[3, 1, -1, 0, -4, -5, -1, -1, -5, -2, -1, -3, -3, -5, 0, 1, -4, -3, -2, -3]"
56,18.86,4,False,694,374,9,-1,[899],[861],[5],[2],"[320, 724, 720, 739, 660]","[648, 740, 584, 727, 620]","[-77, 65, 22, 75, 41]","[98, 52, 45, 79, 43]","[462, 757, 1266, 301, 410, 149, 661, 220, 351, 413, 529, 408, 317, 680, 650, 663, 590]","[281, 80, 697, 630, 551, 720, 122, 567, 575, 540, 486, 715, 691, 671, 556, 714, 592]","[-4, -5, -5, -5, -5, -5, -2, -5, -5, -4, -4, -5, -5, -3, -5, -5, -5]","[4, 2, -1, -1, -1, -1, -5, -2, -2, -3, -3, 0, 1, -4, -3, -2, -3]"
57,19.19,4,False,748,470,-5,7,[794],[504],[0],[5],"[300, 744, 720, 759, 676]","[687, 760, 602, 747, 637]","[23, 85, 42, 95, 74]","[118, 52, 85, 79, 67]","[394, 657, 1166, 201, 310, 49, 621, 120, 251, 333, 449, 308, 217, 620, 550, 563, 509]","[361, 120, 677, 610, 531, 700, 22, 527, 535, 480, 419, 715, 711, 591, 496, 674, 532]","[-3, -5, -5, -5, -5, -5, -2, -5, -5, -4, -4, -5, -5, -3, -5, -5, -4]","[4, 2, -1, -1, -1, -1, -5, -2, -2, -3, -4, 0, 1, -4, -3, -2, -3]"
58,19.52,4,False,719,529,0,0,[794],[604],[0],[5],"[316, 764, 723, 785, 696]","[727, 766, 631, 766, 657]","[101, 83, 40, 80, 72]","[113, 30, 96, 57, 65]","[343, 561, 1066, 101, 210, 20, 151, 253, 369, 208, 117, 560, 456, 463, 429, 395, 809, 813, 833, 691]","[454, 172, 657, 574, 511, 478, 495, 420, 339, 715, 725, 493, 436, 634, 472, 709, 760, 628, 749, 663]","[-2, -4, -5, -5, -5, -5, -5, -4, -4, -5, -5, -3, -4, -5, -4, 4, 0, 4, 1, -4]","[5, 3, -1, -2, -1, -3, -2, -3, -4, 0, 0, -5, -3, -2, -3, -4, -5, -3, -5, -3]"
59,19.86,4,False,731,448,2,-9,[794],[704],[0],[5],"[360, 783, 723, 800, 716]","[753, 761, 651, 766, 672]","[161, 48, 20, 40, 52]","[73, -10, 76, 17, 45]","[315, 481, 966, 6, 110, 51, 173, 289, 108, 17, 500, 376, 363, 349, 475, 809, 893, 853, 611]","[554, 232, 637, 526, 491, 455, 360, 259, 715, 725, 393, 376, 580, 412, 629, 660, 568, 649, 602]","[-1, -4, -5, -4, -5, -5, -4, -4, -5, -5, -3, -4, -5, -4, 4, 0, 4, 1, -4]","[5, 3, -1, -3, -1, -2, -3, -4, 0, 0, -5, -3, -3, -3, -4, -5, -3, -5, -4]"
60,20.19,4,False,853,328,9,-1,[],[],[],[],"[423, 723, 800, 718, 1343]","[764, 671, 754, 672, 792]","[204, 0, 0, 32, -7]","[33, 56, -23, 25, -2]","[312, 403, 866, 10, 93, 209, 8, 440, 296, 275, 269, 555, 809, 973, 873, 533, 462, 763, 835, 758, 1388]","[654, 311, 610, 471, 300, 179, 699, 293, 316, 520, 352, 549, 560, 508, 549, 522, 796, 704, 784, 705, 838]","[0, -3, -5, -5, -4, -4, -5, -3, -4, -4, -4, 4, 0, 4, 1, -3, 4, 5, 0, 5, -4]","[5, 4, -2, -1, -3, -4, -1, -5, -3, -3, -3, -4, -5, -3, -5, -4, -3, -2, -5, -2, -3]"
61,20.52,4,False,997,319,0,0,[],[],[],[],"[503, 703, 780, 718, 1302]","[760, 677, 727, 672, 747]","[236, -20, -40, 12, -147]","[-7, 36, -63, 5, -42]","[346, 343, 766, 13, 144, 398, 216, 195, 189, 635, 811, 1053, 893, 473, 542, 863, 835, 858, 1308]","[750, 394, 570, 220, 99, 193, 256, 456, 276, 469, 460, 448, 449, 438, 736, 662, 684, 665, 778]","[3, -3, -5, -4, -3, -2, -4, -4, -4, 4, 1, 4, 1, -3, 4, 5, 0, 5, -4]","[4, 5, -2, -4, -4, -5, -3, -4, -4, -4, -5, -3, -5, -5, -3, -3, -5, -2, -3]"
62,20.86,4,False,998,337,0,9,[1052],[312],[3],[-4],"[590, 683, 745, 710, 1204]","[740, 677, 687, 657, 711]","[252, -40, -69, -8, -276]","[-47, 16, -87, -15, -78]","[433, 309, 668, 85, 358, 136, 126, 128, 715, 831, 1133, 913, 439, 622, 958, 841, 958, 1228]","[806, 494, 521, 11, 93, 188, 376, 196, 389, 360, 388, 349, 338, 676, 602, 584, 625, 718]","[5, -1, -4, -2, -2, -4, -3, -3, 4, 1, 4, 1, -1, 4, 4, 1, 5, -4]","[2, 5, -3, -5, -5, -4, -4, -4, -4, -5, -3, -5, -5, -3, -3, -5, -2, -3]"
63,21.19,4,False,1010,409,3,9,[1140],[305],[4],[3],"[690, 663, 705, 690, 1064]","[701, 677, 647, 637, 671]","[270, -33, -67, -6, -360]","[-56, 18, -85, -13, -76]","[533, 306, 588, 63, 77, 85, 795, 851, 1213, 933, 433, 702, 1038, 861, 1058, 1148, 740, 752, 796, 782, 1170]","[815, 594, 461, 108, 281, 96, 309, 260, 328, 249, 238, 616, 542, 484, 585, 658, 766, 679, 661, 652, 679]","[5, 1, -4, -3, -2, -1, 4, 1, 4, 1, 0, 4, 4, 1, 5, -4, 5, 4, 2, 3, -1]","[0, 5, -3, -4, -5, -5, -4, -5, -3, -5, -5, -3, -3, -5, -2, -3, 0, -3, -5, -4, -5]"
64,21.52,3,False,1026,437,4,-9,[1181],[395],[0],[5],"[790, 647, 669, 685, 904]","[676, 677, 607, 625, 631]","[286, 7, -47, 14, -392]","[-36, 38, -59, 7, -56]","[633, 345, 513, 3, 61, 875, 884, 1293, 953, 453, 782, 881, 1158, 1068, 840, 832, 845, 842, 1150]","[815, 690, 383, 23, 181, 236, 160, 268, 149, 138, 556, 384, 545, 598, 766, 619, 561, 572, 579]","[5, 3, -3, -3, 0, 4, 2, 4, 1, 2, 4, 1, 5, -4, 5, 4, 3, 3, -1]","[0, 4, -4, -5, -5, -3, -5, -3, -5, -5, -3, -5, -2, -3, 0, -3, -5, -4, -5]"
65,21.86,3,False,1101,332,0,0,[1173],[495],[-1],[5],"[890, 647, 649, 685, 744]","[656, 686, 583, 625, 606]","[282, 47, -8, 34, -394]","[-16, 58, -19, 27, -22]","[733, 424, 464, 78, 955, 926, 1373, 973, 519, 862, 901, 1258, 988, 940, 912, 905, 902, 1130, 935, 685, 703, 722, 784]","[802, 757, 292, 81, 176, 60, 201, 49, 58, 496, 284, 504, 538, 755, 559, 461, 492, 479, 694, 716, 630, 655, 640]","[5, 5, -1, 2, 4, 3, 4, 1, 4, 4, 1, 5, -4, 5, 4, 3, 3, -1, 4, 3, 5, 2, 1]","[-1, 2, -5, -5, -3, -5, -4, -5, -3, -3, -5, -3, -3, -1, -3, -5, -4, -5, -3, -5, -2, -5, -5]"
66,22.19,3,False,1175,281,9,1,[1137],[595],[-2],[5],"[990, 666, 646, 690, 584]","[641, 706, 576, 625, 596]","[258, 87, 32, 54, -364]","[4, 78, 21, 47, 18]","[833, 524, 461, 144, 1035, 1453, 614, 942, 921, 1358, 908, 1040, 992, 965, 962, 1110, 1015, 745, 803, 762, 809]","[776, 787, 192, 1, 116, 121, 11, 436, 184, 444, 478, 735, 499, 361, 412, 379, 634, 616, 590, 555, 540]","[5, 5, 1, 4, 4, 4, 5, 4, 1, 5, -4, 5, 4, 3, 3, -1, 4, 3, 5, 2, 2]","[-2, 1, -5, -3, -3, -4, -2, -3, -5, -3, -3, -1, -3, -5, -4, -5, -3, -5, -2, -5, -5]"
67,22.52,3,False,1261,389,3,9,[1299],[426],[2],[5],"[697, 658, 710, 439]","[726, 582, 643, 601]","[110, 72, 74, -302]","[93, 61, 67, 58]","[933, 624, 519, 1115, 1533, 1022, 941, 1455, 828, 1140, 1072, 1025, 1022, 1090, 1095, 805, 903, 810, 849]","[736, 789, 108, 56, 41, 376, 84, 384, 418, 715, 439, 263, 332, 279, 574, 516, 550, 455, 440]","[5, 5, 4, 4, 4, 4, 1, 4, -4, 5, 4, 3, 3, -1, 4, 3, 5, 3, 2]","[-2, 0, -3, -3, -4, -3, -5, -3, -3, -1, -3, -4, -4, -5, -3, -5, -2, -5, -5]"
68,22.86,3,False,1281,497,0,0,[1307],[526],[-1],[5],"[737, 678, 730, 324, 324]","[746, 602, 663, 621, 612]","[108, 81, 72, -236, 33]","[71, 79, 65, 76, -3]","[1033, 724, 616, 1102, 1535, 748, 1240, 1152, 1085, 1082, 1081, 1175, 865, 1003, 870, 889, 819, 772, 824, 474, 414]","[696, 789, 72, 316, 324, 358, 695, 379, 183, 252, 179, 514, 430, 510, 362, 340, 761, 619, 702, 651, 646]","[5, 5, 5, 4, 4, -4, 5, 4, 3, 3, 0, 4, 3, 5, 3, 2, 5, 5, 5, 5, 5]","[-2, 0, -1, -3, -3, -3, -1, -3, -4, -4, -5, -3, -4, -2, -4, -5, -2, -2, 0, 0, -1]"
69,23.19,3,False,1348,528,9,3,[1269],[624],[-3],[4],"[765, 698, 750, 233, 339]","[756, 622, 678, 641, 592]","[88, 61, 52, -168, 93]","[31, 78, 45, 56, -3]","[1133, 824, 716, 1182, 668, 1340, 1246, 1145, 1142, 1081, 1255, 925, 1103, 930, 929, 919, 872, 924, 574, 514]","[656, 789, 70, 256, 298, 675, 319, 103, 172, 79, 454, 350, 470, 282, 240, 721, 579, 702, 651, 626]","[5, 5, 5, 4, -4, 5, 5, 3, 3, 0, 4, 3, 5, 3, 2, 5, 5, 5, 5, 5]","[-2, 0, 0, -3, -3, -1, -3, -4, -4, -5, -3, -4, -2, -4, -5, -2, -2, 0, 0, -1]"
70,23.52,3,False,1380,547,0,0,[1203],[704],[-4],[4],"[785, 709, 752, 173, 377]","[751, 642, 678, 647, 576]","[52, 41, 32, -88, 149]","[-9, 58, 25, 36, -3]","[1233, 924, 816, 1262, 588, 1440, 1346, 1206, 1219, 1335, 985, 1203, 993, 980, 1019, 972, 1024, 674, 614, 839, 749, 792, 213, 429]","[616, 786, 77, 196, 221, 655, 267, 23, 92, 394, 270, 430, 202, 140, 681, 539, 702, 651, 606, 800, 677, 713, 681, 622]","[5, 5, 5, 4, -4, 5, 5, 4, 4, 4, 3, 5, 4, 3, 5, 5, 5, 5, 5, 5, 5, 5, 5, 5]","[-2, -1, 1, -3, -4, -1, -2, -4, -4, -3, -4, -2, -4, -5, -2, -2, 0, 0, -1, 0, 0, 0, -1, -1]"
71,23.86,3,False,1349,576,-5,8,[1123],[769],[-4],[3],"[786, 709, 752, 147, 437]","[731, 650, 678, 647, 576]","[12, 21, 12, 9, 189]","[-49, 38, 5, 16, -3]","[1333, 1024, 916, 1347, 508, 1446, 1299, 1415, 1054, 1303, 1073, 1040, 1119, 1072, 1124, 774, 714, 939, 849, 892, 313, 529]","[576, 766, 97, 136, 141, 227, 12, 334, 190, 407, 122, 56, 641, 499, 702, 651, 586, 800, 677, 713, 661, 602]","[5, 5, 5, 5, -4, 5, 4, 4, 4, 5, 4, 3, 5, 5, 5, 5, 5, 5, 5, 5, 5, 5]","[-2, -1, 1, -3, -4, -2, -4, -3, -4, -1, -4, -4, -2, -2, 0, 0, -1, 0, 0, 0, -1, -1]"
72,24.19,2,False,1305,576,-8,4,"[1037, 1358]","[829, 646]","[-5, 0]","[3, 5]","[772, 709, 744, 161, 512]","[691, 650, 663, 643, 576]","[-28, 1, -8, 109, 219]","[-75, 18, -15, -4, -3]","[1124, 1016, 1447, 428, 1495, 1134, 1403, 1153, 1219, 1172, 1224, 874, 814, 1039, 949, 992, 413, 629]","[746, 135, 76, 61, 274, 110, 387, 60, 601, 459, 702, 651, 566, 800, 677, 713, 641, 582]","[5, 5, 5, -4, 4, 4, 5, 4, 5, 5, 5, 5, 5, 5, 5, 5, 5, 5]","[-1, 2, -3, -4, -3, -4, -1, -3, -2, -2, 0, 0, -1, 0, 0, 0, -1, -1]"
73,24.52,1,False,1172,576,-9,2,[1332],[746],[-2],[5],"[752, 694, 724, 215, 596]","[651, 650, 643, 623, 576]","[-30, 3, -6, 215, 256]","[-73, 20, -13, -2, 19]","[1224, 1116, 1214, 1503, 1272, 1324, 974, 914, 1139, 1049, 1092, 513, 729, 863, 790, 838, 281, 649]","[726, 175, 40, 367, 423, 702, 651, 546, 800, 677, 713, 621, 562, 717, 696, 680, 655, 607]","[5, 5, 4, 5, 5, 5, 5, 5, 5, 5, 5, 5, 5, 5, 5, 5, 5, 5]","[-1, 2, -3, -1, -1, 0, 0, -1, 0, 0, 0, -1, -1, 0, 1, -2, -2, -1]"
74,24.86,1,False,1097,449,-5,-8,[1279],[835],[-3],[4],"[732, 694, 719, 316, 696]","[612, 650, 631, 622, 581]","[-10, 23, 14, 327, 291]","[-49, 40, 7, 18, 59]","[1324, 1214, 1372, 1424, 1074, 1014, 1239, 1149, 1192, 613, 829, 963, 890, 938, 381, 749]","[706, 230, 403, 702, 651, 526, 800, 677, 713, 601, 542, 717, 716, 640, 615, 587]","[5, 4, 5, 5, 5, 5, 5, 5, 5, 5, 5, 5, 5, 5, 5, 5]","[-1, 3, -1, 0, 0, -1, 0, 0, 0, -1, -1, 0, 1, -2, -2, -1]"
75,25.19,1,False,932,413,-9,4,[],[],[],[],"[723, 694, 719, 457, 808]","[592, 661, 631, 622, 601]","[10, 43, 34, 416, 305]","[-9, 60, 27, 38, 99]","[1424, 1294, 1472, 1524, 1174, 1114, 1339, 1249, 1292, 713, 929, 1063, 990, 1038, 481, 849, 754, 733, 753, 496, 849]","[678, 290, 383, 702, 651, 506, 800, 677, 713, 581, 522, 717, 736, 600, 575, 567, 624, 693, 661, 653, 636]","[5, 4, 5, 5, 5, 5, 5, 5, 5, 5, 5, 5, 5, 5, 5, 5, -4, 4, -1, 4, 1]","[-2, 3, -1, 0, 0, -1, 0, 0, 0, -1, -1, 0, 1, -2, -2, -1, -3, -3, -5, -4, -5]"
76,35.46,0,False,858,489,-4,8,[],[],[],[],"[723, 707, 723, 618, 919]","[588, 680, 631, 630, 639]","[29, 62, 53, 470, 297]","[29, 79, 46, 57, 128]","[1519, 1370, 1269, 1209, 1434, 1344, 1387, 808, 1024, 1158, 1085, 1133, 576, 944, 678, 809, 751, 572]","[640, 352, 651, 487, 800, 677, 695, 562, 503, 717, 755, 562, 537, 548, 559, 636, 566, 577]","[5, 4, 5, 5, 5, 5, 5, 5, 5, 5, 5, 5, 5, 5, -4, 4, 0, 4]","[-2, 4, 0, -1, 0, 0, -1, -1, -1, 0, 1, -2, -2, -1, -4, -3, -5, -4]"
77,35.53,10,False,802,309,2,9,[],[],[],[],[836],[623],[-2],[0],[],[],[],[]
78,35.8,10,False,818,489,-1,9,[],[],[],[],[816],[623],[-42],[0],[],[],[],[]
79,36.08,10,False,753,522,0,0,[],[],[],[],"[780, 300]","[623, 695]","[-72, 4]","[0, -1]",[],[],[],[]
80,36.37,10,False,681,507,0,0,[],[],[],[],"[740, 310]","[623, 677]","[-70, 97]","[22, 1]",[],[],[],[]
81,36.66,10,False,711,550,0,0,[],[],[],[],"[701, 360, 1270]","[630, 677, 733]","[-50, 197, -4]","[62, 21, 1]",[],[],[],[]
82,36.94,10,False,741,529,8,-5,[],[],[],[],"[681, 450, 1241]","[652, 677, 733]","[-11, 288, -84]","[102, 41, 21]",[],[],[],[]
83,37.25,10,False,883,468,9,-1,[],[],[],[],"[676, 571, 1182, 926]","[692, 689, 733, 650]","[29, 357, -159, -1]","[122, 61, 41, 2]",[],[],[],[]
84,37.55,10,False,793,579,-7,6,[850],[621],[-5],[4],"[686, 713, 1095, 906]","[732, 709, 745, 650]","[69, 401, -218, -21]","[142, 81, 61, 42]",[],[],[],[]
85,37.87,10,False,704,550,-5,-8,[750],[701],[-5],[4],"[706, 868, 987, 886, 645]","[774, 729, 762, 661, 732]","[82, 390, -278, -49, 0]","[129, 79, 45, 44, -1]",[],[],[],[]
86,38.18,10,False,536,489,-9,0,[],[],[],[],"[726, 1003, 854, 846]","[802, 749, 762, 661]","[62, 335, -332, -89]","[89, 59, 5, 24]",[],[],[],[]
87,38.47,10,False,464,491,0,0,[],[],[],[],"[738, 1111, 704, 791, 1437]","[808, 754, 744, 661, 830]","[42, 253, -360, -126, -8]","[49, 21, -29, 4, -3]",[],[],[],[]
88,38.77,10,False,516,591,0,0,[],[],[],[],"[738, 1181, 544, 731, 1390]","[808, 744, 724, 645, 783]","[22, 153, -354, -146, -166]","[9, -13, -49, -11, -43]",[],[],[],[]
89,39.08,10,False,529,503,1,-9,[],[],[],[],"[738, 1209, 401, 655, 1285]","[792, 724, 685, 625, 746]","[2, 43, -320, -155, -304]","[-31, -33, -69, -11, -81]",[],[],[],[]
90,39.38,10,False,603,410,9,-1,[],[],[],[],"[725, 1195, 278, 584, 1132]","[772, 704, 645, 611, 706]","[4, -51, -235, -128, -394]","[-49, -31, -65, 11, -79]",[],[],[],[]
91,39.68,10,False,783,416,9,1,[],[],[],[],"[725, 1151, 199, 535, 954]","[752, 684, 618, 612, 666]","[24, -111, -115, -68, -433]","[-49, -11, -25, 51, -59]",[],[],[],[]
92,39.98,10,False,963,441,9,2,[],[],[],[],"[725, 1084, 172, 510, 774]","[732, 674, 606, 632, 638]","[44, -167, 25, -8, -437]","[-31, 9, 15, 91, -27]",[],[],[],[]
93,40.28,10,False,992,497,-9,2,[1033],[537],[-6],[1],"[740, 1000, 202, 509, 594]","[712, 674, 609, 668, 625]","[64, -207, 165, 52, -406]","[-11, 29, 55, 123, 13]",[],[],[],[]
94,40.59,10,False,875,525,0,0,[913],[563],[-6],[2],"[760, 900, 283, 534, 437]","[702, 674, 629, 708, 627]","[84, -227, 285, 112, -338]","[9, 49, 95, 143, 53]",[],[],[],[]
95,40.89,10,False,998,468,9,-2,[793],[603],[-6],[2],"[780, 800, 407, 575, 309]","[702, 691, 667, 753, 647]","[82, -249, 367, 150, -266]","[7, 47, 105, 140, 71]",[],[],[],[]
96,41.19,10,False,1090,489,5,8,[673],[648],[-6],[3],"[800, 681, 549, 635, 209]","[689, 691, 692, 793, 667]","[62, -266, 401, 159, -188]","[-13, 27, 85, 100, 55]",[],[],[],[]
97,41.5,10,False,1049,560,-9,0,[553],[708],[-6],[3],"[806, 561, 709, 695, 143]","[669, 691, 712, 812, 672]","[23, -260, 407, 159, -91]","[-33, 7, 65, 60, 35]",[],[],[],[]
98,41.82,10,False,869,496,-9,-2,[433],[768],[-6],[3],"[797, 452, 856, 746, 117]","[646, 678, 727, 812, 672]","[-14, -231, 380, 141, 9]","[-51, -13, 45, 20, 15]",[],[],[],[]
99,42.12,10,False,689,484,-9,2,[313],[819],[-6],[2],"[777, 359, 988, 786, 131]","[606, 658, 727, 798, 667]","[-34, -182, 327, 121, 109]","[-51, -33, 25, -20, -5]",[],[],[],[]
100,42.43,10,False,509,543,-9,2,"[193, 598]","[853, 573]","[-6, -6]","[1, 2]","[757, 291, 1095, 826, 188]","[600, 638, 727, 778, 648]","[-32, -97, 272, 111, 231]","[-29, -19, 27, -38, 0]",[],[],[],[]
101,42.75,10,False,569,425,8,-4,"[73, 478]","[860, 613]","[-6, -6]","[0, 2]","[737, 268, 1183, 866, 297]","[600, 629, 727, 758, 648]","[-12, 23, 214, 111, 354]","[11, 21, 47, -38, 40]",[],[],[],[]
102,43.08,10,False,748,383,9,-1,[359],[656],[-5],[2],"[726, 292, 1244, 906, 449]","[601, 635, 745, 738, 664]","[8, 143, 139, 109, 449]","[51, 61, 67, -26, 67]",[],[],[],[]
103,43.38,10,False,928,389,9,1,[],[],[],[],"[726, 1273, 935, 635]","[621, 765, 718, 684]","[28, 59, 89, 512]","[91, 73, -6, 87]",[],[],[],[]
104,43.68,10,False,949,466,-7,6,[],[],[],[],"[726, 1269, 955, 835]","[657, 785, 713, 712]","[48, -21, 69, 536]","[128, 73, 14, 107]",[],[],[],[]
105,44.0,10,False,829,537,-9,0,[883],[607],[-4],[4],"[741, 1232, 967, 1034, 536]","[697, 805, 713, 752, 668]","[46, -123, 27, 498, 11]","[126, 51, 12, 105, -11]","[836, 1248, 967, 954, 626]","[734, 809, 704, 718, 713]","[5, -5, -3, -2, 5]","[1, -3, -4, -5, 0]"
106,44.34,10,False,649,510,-9,-1,[803],[687],[-4],[4],"[741, 1149, 956, 1205, 536]","[737, 805, 705, 774, 648]","[26, -232, -33, 406, 31]","[106, 11, -8, 65, -29]","[936, 1148, 907, 914, 726]","[754, 749, 624, 618, 713]","[5, -5, -3, -2, 5]","[1, -3, -4, -5, 0]"
107,44.67,10,False,469,505,-9,1,[733],[767],[-3],[4],"[741, 1026, 921, 1332, 538]","[763, 790, 685, 781, 628]","[6, -321, -93, 281, 51]","[74, -29, -28, 25, -29]","[1036, 1048, 847, 874, 826, 771, 1061, 963, 1362, 585]","[774, 689, 544, 518, 713, 797, 829, 729, 816, 672]","[5, -5, -3, -2, 5, -5, -5, -5, -5, -2]","[1, -3, -4, -5, 0, -1, -1, -3, 0, -5]"
108,45.0,10,False,412,557,7,6,[673],[847],[-3],[4],"[727, 874, 863, 1405, 558]","[775, 760, 665, 773, 608]","[-14, -382, -141, 139, 71]","[34, -69, -48, -15, -29]","[1136, 948, 787, 834, 926, 671, 961, 863, 1262, 545]","[779, 629, 464, 418, 713, 777, 809, 669, 801, 572]","[5, -5, -3, -2, 5, -5, -5, -5, -5, -2]","[0, -3, -4, -5, 0, -1, -1, -3, -1, -5]"
109,45.34,10,False,475,579,-8,-4,[],[],[],[],"[707, 703, 787, 1417, 578]","[772, 720, 627, 750, 600]","[-34, -412, -178, -21, 91]","[-6, -94, -57, -55, -29]","[1236, 848, 727, 774, 1026, 571, 861, 763, 1162, 505]","[779, 569, 384, 320, 713, 753, 789, 609, 781, 472]","[5, -5, -3, -3, 5, -5, -5, -5, -5, -2]","[0, -3, -4, -4, 0, -2, -1, -3, -1, -5]"
110,45.67,10,False,306,498,-7,-7,[],[],[],[],"[687, 529, 707, 1370, 610]","[752, 675, 600, 710, 600]","[-19, -383, -176, -149, 129]","[-24, -92, -35, -53, -7]","[1336, 748, 650, 714, 1126, 471, 761, 663, 1062, 462, 691, 602, 771, 1394, 582]","[779, 516, 304, 240, 695, 713, 769, 549, 761, 372, 811, 707, 599, 768, 658]","[5, -5, -4, -3, 5, -5, -5, -5, -5, -3, -5, -5, -3, -5, -5]","[0, -2, -4, -4, -1, -2, -1, -3, -1, -5, 0, -3, -5, -1, 1]"
111,46.0,10,False,255,384,0,0,[],[],[],[],"[678, 380, 634, 1280, 660]","[732, 635, 600, 688, 600]","[21, -305, -138, -245, 169]","[-6, -65, 5, -33, 33]","[1436, 648, 570, 650, 1225, 371, 661, 563, 962, 402, 591, 502, 711, 1294, 482]","[776, 476, 225, 160, 659, 673, 749, 489, 741, 285, 811, 647, 508, 748, 678]","[5, -5, -4, -4, 4, -5, -5, -5, -5, -3, -5, -5, -3, -5, -5]","[-1, -2, -3, -4, -3, -2, -1, -3, -1, -4, 0, -3, -4, -1, 1]"
112,46.34,10,False,255,384,0,0,[],[],[],[],"[684, 271, 578, 1154, 724]","[727, 608, 600, 668, 612]","[61, -199, -90, -319, 203]","[14, -25, 45, -13, 73]","[1441, 548, 490, 570, 1279, 271, 561, 463, 862, 342, 491, 416, 651, 1194, 382, 715, 313, 608, 1189, 763]","[700, 436, 165, 80, 576, 633, 729, 440, 721, 205, 811, 587, 428, 728, 698, 759, 645, 634, 706, 650]","[-4, -5, -4, -4, 0, -5, -5, -5, -5, -3, -5, -4, -3, -5, -5, -4, 0, -5, -5, -3]","[-3, -2, -3, -4, -5, -2, -1, -2, -1, -4, 0, -3, -4, -1, 1, -3, -5, -1, -2, -4]"
113,46.67,9,False,334,473,8,5,[],[],[],[],"[704, 207, 545, 1005, 804]","[727, 600, 618, 656, 639]","[98, -79, -30, -367, 223]","[34, 15, 85, 7, 113]","[1347, 448, 410, 490, 1250, 171, 461, 363, 762, 268, 391, 588, 1094, 282, 635, 313, 508, 1089, 703]","[653, 396, 105, 20, 481, 593, 709, 400, 701, 125, 811, 348, 708, 702, 699, 545, 614, 666, 570]","[-5, -5, -4, -4, -3, -5, -5, -5, -5, -4, -5, -4, -5, -5, -4, 0, -5, -5, -3]","[-2, -2, -3, -3, -4, -2, -1, -2, -1, -4, 0, -4, -1, 0, -3, -5, -1, -2, -4]"
114,47.01,9,False,509,482,8,-5,[],[],[],[],"[743, 194, 536, 845, 884]","[732, 603, 651, 656, 679]","[118, 57, 30, -382, 223]","[54, 55, 125, 27, 139]","[1247, 348, 321, 1168, 71, 361, 263, 662, 188, 291, 508, 994, 182, 555, 313, 408, 989, 643]","[622, 356, 45, 416, 553, 689, 360, 681, 64, 811, 268, 688, 702, 639, 445, 594, 626, 490]","[-5, -5, -5, -5, -5, -5, -5, -5, -4, -5, -4, -5, -5, -4, 0, -5, -5, -3]","[-1, -2, -3, -2, -2, -1, -2, -1, -3, 0, -4, -1, 0, -3, -5, -1, -2, -4]"
115,47.34,8,False,681,413,9,-2,[],[],[],[],"[783, 232, 550, 685, 959]","[752, 623, 691, 656, 719]","[116, 162, 68, -389, 186]","[51, 73, 123, 25, 137]","[1147, 248, 1068, 261, 163, 562, 97, 191, 428, 894, 82, 475, 313, 308, 889, 788, 277, 575, 756, 916]","[602, 316, 376, 669, 320, 661, 13, 797, 188, 668, 702, 579, 345, 574, 586, 734, 605, 662, 658, 746]","[-5, -5, -5, -5, -5, -5, -5, -5, -4, -5, -5, -4, 0, -5, -5, -2, 2, -1, -4, -5]","[-1, -2, -2, -1, -2, -1, -2, -1, -4, -1, 0, -3, -5, -1, -2, -5, -5, -5, -3, 0]"
116,47.67,8,False,861,397,9,0,[],[],[],[],"[815, 303, 570, 525, 1011]","[752, 643, 731, 656, 759]","[85, 242, 88, -380, 121]","[11, 73, 103, 5, 113]","[1047, 148, 968, 161, 63, 462, 91, 348, 794, 395, 329, 208, 789, 748, 317, 557, 676, 816]","[582, 276, 349, 637, 266, 641, 777, 108, 648, 500, 245, 552, 546, 634, 505, 562, 598, 746]","[-5, -5, -5, -5, -5, -5, -5, -4, -5, -4, 1, -5, -5, -2, 2, 0, -4, -5]","[-1, -2, -1, -2, -3, -1, -1, -4, -1, -4, -5, -2, -2, -5, -5, -5, -3, 0]"
117,48.0,8,False,1032,398,9,1,[],[],[],[],"[832, 402, 599, 369, 1033]","[737, 663, 754, 641, 785]","[45, 302, 108, -340, 41]","[-16, 61, 80, -6, 73]","[947, 48, 868, 61, 362, 277, 694, 315, 349, 108, 689, 708, 371, 557, 596, 716, 872, 446, 651, 414, 1067]","[553, 233, 329, 597, 621, 28, 621, 420, 145, 512, 506, 534, 405, 462, 538, 746, 771, 700, 798, 679, 815]","[-5, -5, -5, -5, -5, -3, -5, -4, 1, -5, -5, -2, 3, 0, -4, -5, 5, 4, 5, 5, -1]","[-2, -3, -1, -2, -1, -4, -2, -4, -5, -2, -2, -5, -5, -5, -3, 0, -1, -3, -3, -2, -5]"
118,48.34,8,False,1008,515,-8,5,[1070],[554],[-4],[3],"[832, 522, 639, 237, 1023]","[717, 674, 769, 621, 796]","[5, 339, 109, -270, -39]","[-36, 41, 40, -6, 33]","[847, 768, 262, 594, 235, 385, 8, 589, 684, 431, 565, 516, 616, 972, 526, 751, 514, 1047]","[513, 309, 601, 581, 340, 45, 472, 466, 434, 325, 362, 478, 731, 751, 640, 738, 639, 715]","[-5, -5, -5, -5, -4, 2, -5, -5, -1, 3, 1, -4, -5, 5, 4, 5, 5, -1]","[-2, -1, -1, -2, -4, -5, -2, -2, -5, -4, -5, -3, -1, -1, -3, -3, -2, -5]"
119,48.67,8,False,1051,501,8,-5,[990],[614],[-4],[3],"[814, 652, 679, 138, 981]","[691, 674, 769, 601, 792]","[-35, 352, 109, -177, -112]","[-56, 21, 0, -6, -7]","[747, 668, 162, 494, 171, 489, 664, 499, 598, 436, 516, 1072, 606, 851, 614, 1027]","[473, 303, 581, 541, 260, 426, 334, 245, 262, 405, 711, 731, 580, 678, 599, 615]","[-5, -5, -5, -5, -3, -5, -1, 4, 2, -4, -5, 5, 4, 5, 5, -1]","[-2, 0, -1, -2, -4, -2, -5, -4, -5, -4, -1, -1, -3, -3, -2, -5]"
120,49.01,8,False,1124,420,3,-9,[910],[674],[-4],[3],"[788, 792, 719, 81, 921]","[651, 674, 749, 600, 772]","[-44, 361, 122, -46, -150]","[-54, 23, -17, 16, -25]","[647, 568, 62, 394, 111, 389, 646, 579, 659, 360, 416, 1172, 686, 951, 714, 1007, 894, 812, 790, 202, 1039]","[433, 304, 560, 501, 180, 384, 234, 170, 177, 325, 691, 711, 520, 618, 559, 515, 687, 698, 773, 618, 793]","[-5, -5, -5, -5, -3, -5, 0, 4, 4, -3, -5, 5, 4, 5, 5, -1, 4, 5, 4, 5, 4]","[-2, 1, -2, -2, -4, -3, -5, -3, -4, -4, -1, -1, -3, -3, -2, -5, -3, -1, -3, -2, -3]"
121,49.34,8,False,1116,315,0,0,[],[],[],[],"[768, 759, 87, 841]","[629, 733, 604, 752]","[-24, 142, 114, -156]","[-15, 3, 56, -25]","[557, 493, 294, 51, 289, 646, 659, 739, 300, 316, 1272, 766, 1036, 814, 987, 974, 912, 870, 302, 1119]","[379, 356, 461, 92, 324, 134, 110, 112, 244, 664, 691, 460, 558, 519, 415, 627, 678, 713, 578, 720]","[-4, 0, -5, -3, -5, 0, 4, 4, -3, -5, 5, 4, 4, 5, -1, 4, 5, 4, 5, 4]","[-3, 5, -2, -5, -3, -5, -3, -3, -5, -2, -1, -3, -3, -2, -5, -3, -1, -3, -2, -4]"
122,49.67,8,False,1216,399,0,0,[],[],[],[],"[748, 812, 154, 765, 610]","[622, 733, 624, 732, 636]","[-4, 159, 260, -147, 2]","[25, 23, 96, -7, 2]","[493, 578, 194, 204, 646, 747, 839, 255, 216, 1372, 846, 1116, 914, 967, 1054, 1012, 950, 402, 1199, 788, 850, 200, 813, 648]","[297, 400, 421, 264, 34, 50, 67, 144, 624, 660, 400, 498, 479, 315, 567, 658, 653, 538, 640, 654, 764, 665, 772, 667]","[-2, 5, -5, -4, 0, 5, 5, -2, -5, 5, 4, 4, 5, -1, 4, 5, 4, 5, 4, 5, 3, 5, 4, 3]","[-5, 1, -2, -3, -5, -3, -2, -5, -2, -2, -3, -3, -2, -5, -3, -1, -3, -2, -4, -3, -4, 0, -4, -4]"
123,50.0,8,False,1211,336,0,-9,[],[],[],[],"[745, 872, 276, 705, 610]","[630, 733, 663, 726, 636]","[16, 159, 389, -127, 42]","[65, 43, 130, 13, 42]","[501, 678, 94, 124, 847, 939, 242, 128, 1472, 939, 1196, 1014, 954, 1134, 1112, 1030, 502, 1279, 888, 910, 300, 893, 708]","[198, 409, 373, 204, 6, 45, 44, 567, 620, 340, 438, 439, 215, 507, 638, 593, 498, 560, 594, 684, 665, 692, 587]","[3, 5, -5, -4, 5, 5, 0, -4, 5, 5, 4, 5, 0, 4, 5, 4, 5, 4, 5, 3, 5, 4, 3]","[-4, 0, -3, -3, -2, -1, -5, -3, -2, -3, -3, -2, -5, -3, -1, -3, -2, -4, -3, -4, 0, -4, -4]"
124,50.34,8,False,1184,214,0,0,[],[],[],[],"[745, 931, 444, 651, 627]","[653, 747, 704, 726, 653]","[36, 149, 489, -89, 82]","[104, 63, 150, 33, 80]","[586, 778, 8, 44, 1039, 59, 1572, 1039, 1276, 1114, 954, 1214, 1212, 1110, 602, 1359, 988, 970, 400, 973, 768]","[140, 409, 313, 130, 42, 487, 580, 280, 378, 399, 115, 447, 603, 533, 458, 480, 534, 604, 665, 612, 507]","[5, 5, -4, -4, 5, -3, 5, 5, 4, 5, 0, 4, 5, 4, 5, 4, 5, 3, 5, 4, 3]","[-2, 0, -3, -4, 0, -5, -2, -3, -3, -2, -5, -3, -2, -3, -2, -4, -3, -4, 0, -4, -4]"
125,50.67,7,False,1103,198,-9,0,[],[],[],[],"[745, 971, 642, 611, 659]","[693, 764, 761, 726, 673]","[34, 107, 529, -71, 100]","[102, 45, 144, 31, 78]","[686, 878, 1139, 35, 1356, 1214, 954, 1294, 1312, 1190, 702, 1425, 1088, 1030, 500, 1053, 828, 824, 998, 629, 710, 741]","[115, 409, 42, 387, 318, 359, 15, 387, 563, 473, 418, 400, 474, 524, 665, 532, 427, 675, 749, 744, 728, 688]","[5, 5, 5, 0, 4, 5, 0, 4, 5, 4, 5, 3, 5, 3, 5, 4, 3, 4, 0, 4, 4, 5]","[-1, 0, 0, -5, -3, -2, -5, -3, -2, -3, -2, -4, -3, -4, 0, -4, -4, -3, -5, -3, -3, -2]"
126,51.0,7,False,923,210,-9,1,[],[],[],[],"[745, 992, 842, 571, 699]","[715, 764, 801, 726, 693]","[14, 47, 511, -57, 100]","[82, 5, 104, 11, 58]","[786, 978, 1239, 43, 1436, 1314, 1374, 1412, 1270, 802, 1485, 1188, 1090, 600, 1133, 888, 904, 998, 709, 790, 841]","[107, 409, 42, 287, 258, 319, 327, 523, 403, 378, 320, 414, 444, 665, 452, 347, 615, 649, 671, 668, 648]","[5, 5, 5, 1, 4, 5, 4, 5, 4, 5, 3, 5, 3, 5, 4, 3, 4, 0, 4, 4, 5]","[0, 0, 0, -5, -3, -2, -3, -2, -4, -2, -4, -3, -4, 0, -4, -4, -3, -5, -4, -3, -2]"
127,51.34,7,False,747,252,-8,5,[],[],[],[],"[739, 987, 1027, 545, 720]","[735, 746, 822, 717, 701]","[-6, -13, 455, -37, 81]","[62, -31, 64, -9, 38]","[886, 1078, 1339, 86, 1516, 1414, 1454, 1512, 1350, 902, 1545, 1288, 1150, 700, 1209, 948, 984, 998, 789, 870, 941, 788, 1034, 1066, 595, 757]","[107, 391, 50, 188, 198, 279, 261, 480, 323, 338, 234, 354, 364, 662, 372, 267, 547, 549, 591, 596, 608, 779, 790, 856, 761, 731]","[5, 5, 5, 3, 4, 5, 4, 5, 4, 5, 3, 5, 3, 5, 3, 3, 4, 0, 4, 4, 5, 0, -2, 0, 1, 2]","[0, -1, 1, -4, -3, -2, -4, -3, -4, -2, -5, -3, -4, -1, -4, -4, -4, -5, -4, -4, -2, -5, -5, -5, -5, -5]"
128,51.67,7,False,577,332,-9,4,[],[],[],[],"[719, 959, 1181, 525, 740]","[747, 725, 821, 697, 701]","[-26, -73, 365, -17, 61]","[42, -51, 24, -29, 18]","[986, 1178, 1436, 151, 1596, 1514, 1534, 1430, 1002, 1589, 1368, 1210, 800, 1269, 1008, 1064, 998, 869, 950, 1041, 788, 994, 1066, 615, 797]","[107, 366, 87, 108, 138, 239, 181, 243, 298, 134, 294, 284, 642, 292, 187, 467, 449, 511, 516, 566, 679, 690, 756, 661, 631]","[5, 5, 4, 4, 4, 5, 4, 4, 5, 2, 4, 3, 5, 3, 3, 4, 0, 4, 4, 5, 0, -2, 0, 1, 2]","[0, -2, 3, -4, -3, -2, -4, -4, -2, -5, -3, -4, -1, -4, -4, -4, -5, -4, -4, -3, -5, -5, -5, -5, -5]"
129,52.0,7,False,426,438,-7,6,[],[],[],[],"[699, 908, 1294, 509, 751]","[747, 685, 811, 677, 699]","[-45, -133, 248, 3, 41]","[22, -71, -16, -49, -2]","[1086, 1271, 1476, 231, 1596, 1500, 1102, 1448, 1270, 900, 1329, 1068, 1141, 998, 949, 1030, 1141, 788, 954, 1066, 635, 837]","[133, 318, 176, 42, 101, 163, 258, 234, 190, 622, 212, 107, 387, 349, 431, 436, 506, 579, 590, 656, 561, 531]","[5, 4, 0, 4, 3, 3, 5, 4, 3, 5, 3, 3, 3, 0, 4, 4, 5, 0, -2, 0, 1, 2]","[3, -3, 5, -3, -4, -4, -2, -3, -5, -1, -4, -4, -4, -5, -4, -4, -3, -5, -5, -5, -5, -5]"
130,52.34,7,False,413,565,7,6,[448],[605],[4],[3],"[679, 835, 1357, 509, 751]","[747, 645, 791, 643, 680]","[-23, -154, 132, 45, 43]","[24, -67, -34, -41, 0]","[1135, 1252, 1429, 1560, 1202, 1528, 1310, 1000, 1389, 1128, 1201, 983, 1029, 1103, 1241, 788, 914, 1053, 655, 877, 680, 867, 1320, 577, 731]","[218, 247, 266, 83, 218, 174, 90, 602, 132, 15, 307, 249, 351, 356, 446, 479, 490, 556, 461, 431, 749, 712, 834, 649, 735]","[0, -5, -4, 3, 5, 4, 2, 5, 3, 3, 3, -1, 4, 3, 5, 0, -2, -1, 1, 2, -4, -5, -5, 3, -5]","[5, -1, 4, -4, -2, -3, -5, -1, -4, -5, -4, -5, -4, -4, -3, -5, -5, -5, -5, -5, -3, 0, -1, -4, 1]"
131,52.67,7,False,333,580,-9,-3,[],[],[],[],"[668, 763, 1379, 765]","[747, 617, 771, 680]","[17, -143, 32, 63]","[44, -27, -34, 20]","[1114, 1152, 1349, 1302, 1100, 1449, 1261, 963, 1109, 1163, 1321, 788, 874, 1033, 675, 899, 600, 767, 1220, 637, 631]","[318, 253, 331, 178, 582, 38, 226, 149, 271, 276, 386, 379, 390, 456, 361, 331, 689, 712, 814, 566, 755]","[-2, -5, -4, 5, 5, 3, 3, -1, 4, 3, 4, 0, -2, -1, 1, 1, -4, -5, -5, 3, -5]","[5, 1, 3, -2, -1, -5, -5, -5, -4, -4, -3, -5, -5, -5, -5, -5, -3, 0, -1, -5, 1]"
132,53.0,7,False,246,427,0,-9,[],[],[],[],"[672, 703, 1361, 785, 1241]","[762, 604, 751, 680, 730]","[57, -123, -68, 83, -4]","[53, 13, -34, 40, 1]","[1048, 1052, 1254, 1402, 1200, 1309, 926, 1189, 1223, 1401, 774, 829, 1013, 682, 919, 520, 667, 1120, 685, 531, 716, 733, 1403, 817, 1271]","[399, 273, 383, 138, 562, 126, 49, 191, 196, 326, 279, 290, 356, 261, 231, 629, 712, 794, 466, 775, 810, 637, 796, 711, 764]","[-4, -5, -5, 5, 5, 2, -2, 4, 3, 4, -1, -3, -1, 0, 1, -4, -5, -5, 2, -5, -5, -5, -5, -3, -5]","[3, 1, 2, -2, -1, -5, -5, -4, -4, -3, -5, -5, -5, -5, -5, -3, 0, -1, -5, 1, -1, -2, -2, -4, -1]"
133,53.34,7,False,307,264,8,-5,[],[],[],[],"[692, 652, 1303, 805, 1212]","[782, 606, 731, 691, 730]","[97, -84, -168, 99, -84]","[53, 53, -15, 60, 21]","[961, 952, 1154, 1502, 1300, 1337, 1255, 1277, 1481, 754, 769, 983, 682, 939, 440, 567, 1020, 718, 431, 616, 633, 1303, 757, 1171]","[456, 293, 423, 83, 542, 26, 111, 100, 265, 179, 190, 256, 161, 131, 569, 712, 774, 366, 781, 790, 597, 756, 631, 744]","[-5, -5, -5, 5, 5, 1, 3, 2, 4, -1, -3, -2, 0, 1, -4, -5, -5, 1, -5, -5, -5, -5, -3, -5]","[2, 1, 2, -3, -1, -5, -4, -5, -4, -5, -5, -5, -5, -5, -3, 0, -1, -5, 0, -1, -2, -2, -4, -1]"
134,53.67,7,False,428,288,2,9,[],[],[],[],"[731, 616, 1210, 825, 1156]","[802, 626, 717, 711, 730]","[122, -44, -249, 99, -150]","[53, 93, 5, 80, 41]","[861, 852, 1054, 1586, 1400, 1315, 1561, 734, 709, 943, 682, 959, 360, 467, 920, 735, 331, 516, 533, 1203, 697, 1071]","[496, 313, 447, 23, 512, 31, 185, 79, 100, 156, 61, 31, 509, 712, 754, 266, 781, 770, 540, 716, 551, 724]","[-5, -5, -5, 4, 5, 3, 4, -1, -3, -2, 0, 1, -4, -5, -5, 0, -5, -5, -5, -5, -3, -5]","[2, 1, 1, -3, -2, -4, -4, -5, -4, -5, -5, -5, -3, 0, -1, -5, 0, -1, -3, -2, -4, -1]"
135,54.0,7,False,440,297,-2,-9,[],[],[],[],"[771, 596, 1083, 845, 1069]","[806, 663, 717, 731, 731]","[120, -22, -331, 77, -226]","[31, 105, 3, 78, 39]","[761, 752, 954, 1500, 649, 903, 280, 367, 820, 735, 231, 416, 433, 1103, 622, 971, 754, 641, 1130, 829, 1107]","[516, 333, 467, 472, 20, 56, 449, 712, 734, 166, 781, 750, 480, 676, 471, 704, 809, 634, 719, 748, 722]","[-5, -5, -5, 5, -3, -2, -4, -5, -5, 0, -5, -5, -5, -5, -4, -5, -4, -1, -5, -5, -4]","[1, 1, 1, -2, -4, -5, -3, 0, -1, -5, 0, -1, -3, -2, -4, -1, -4, -5, -3, -2, -4]"
136,54.34,7,False,378,126,-7,-6,[],[],[],[],"[808, 576, 926, 858, 955]","[801, 688, 700, 751, 731]","[95, -2, -402, 37, -299]","[-9, 85, -17, 58, 19]","[661, 652, 854, 1599, 200, 267, 720, 735, 131, 316, 333, 1003, 542, 871, 674, 621, 1030, 729, 1027]","[530, 339, 484, 424, 389, 712, 700, 66, 773, 719, 420, 636, 391, 684, 729, 534, 659, 708, 642]","[-5, -5, -5, 4, -4, -5, -5, 0, -5, -5, -5, -5, -4, -5, -4, -1, -5, -5, -4]","[0, 0, 0, -3, -3, 0, -2, -5, -1, -2, -3, -2, -4, -1, -4, -5, -3, -2, -4]"
137,54.67,7,False,331,289,-1,9,[],[],[],[],"[828, 575, 746, 856, 815]","[781, 708, 680, 755, 730]","[55, 18, -439, -3, -347]","[-49, 65, -37, 18, -1]","[561, 552, 754, 120, 167, 620, 31, 216, 244, 903, 475, 771, 613, 601, 930, 629, 947, 874, 608, 780, 887, 851]","[530, 339, 484, 314, 707, 660, 746, 679, 360, 596, 311, 664, 649, 434, 599, 668, 562, 826, 738, 718, 787, 767]","[-5, -5, -5, -4, -5, -5, -5, -5, -4, -5, -4, -5, -3, -1, -5, -5, -4, -3, -2, -5, -4, -4]","[0, 0, 0, -4, -1, -2, -2, -2, -3, -2, -4, -1, -4, -5, -3, -2, -4, -4, -5, -1, -3, -3]"
138,55.0,7,False,258,444,-8,5,[],[],[],[],"[830, 575, 566, 836, 656]","[741, 723, 653, 744, 710]","[15, 38, -442, -43, -364]","[-85, 45, -57, -16, -21]","[461, 452, 654, 40, 67, 520, 116, 164, 803, 395, 671, 553, 569, 830, 529, 867, 814, 568, 680, 807, 771]","[530, 339, 484, 234, 687, 620, 639, 300, 556, 231, 644, 569, 334, 539, 628, 482, 746, 638, 698, 727, 707]","[-5, -5, -5, -4, -5, -5, -5, -4, -5, -4, -5, -3, -2, -5, -5, -4, -3, -2, -5, -4, -4]","[0, 0, 0, -4, -1, -2, -2, -3, -2, -4, -1, -4, -5, -3, -2, -4, -4, -5, -1, -3, -3]"
139,55.34,7,False,261,394,9,-2,[],[],[],[],"[817, 584, 386, 799, 496]","[696, 723, 613, 724, 690]","[-25, 58, -409, -83, -351]","[-105, 25, -59, -36, -41]","[361, 352, 554, 420, 16, 79, 703, 315, 571, 477, 529, 730, 429, 787, 734, 514, 580, 727, 691]","[530, 339, 484, 580, 599, 240, 516, 151, 624, 489, 234, 479, 588, 402, 666, 538, 678, 667, 647]","[-5, -5, -5, -5, -5, -5, -5, -4, -5, -4, -2, -5, -5, -4, -4, -3, -5, -4, -4]","[0, 0, 0, -2, -2, -3, -2, -4, -1, -4, -5, -3, -2, -4, -4, -5, -1, -3, -3]"
140,55.67,7,False,431,318,7,-6,[],[],[],[],"[797, 604, 230, 759, 360]","[637, 723, 600, 704, 670]","[-40, 97, -318, -81, -283]","[-99, 27, -37, -34, -39]","[261, 252, 454, 320, 603, 235, 471, 397, 472, 630, 329, 707, 654, 454, 480, 647, 611, 807, 629, 291, 804, 488]","[530, 341, 484, 540, 476, 71, 604, 409, 139, 419, 548, 322, 586, 438, 658, 607, 587, 677, 703, 620, 706, 665]","[-5, -5, -5, -5, -5, -4, -5, -4, -3, -5, -5, -4, -4, -3, -5, -4, -4, -4, 0, -5, -2, 2]","[0, 1, 0, -2, -2, -4, -1, -4, -4, -3, -2, -4, -4, -5, -1, -3, -3, -3, -5, -2, -5, -5]"
141,56.0,7,False,558,184,7,-6,[],[],[],[],"[777, 643, 121, 719, 259]","[600, 723, 600, 684, 650]","[-20, 137, -183, -61, -174]","[-59, 47, 3, -14, -19]","[161, 152, 354, 220, 503, 371, 324, 412, 530, 229, 627, 574, 395, 380, 567, 531, 727, 629, 197, 764, 512]","[525, 358, 484, 500, 436, 584, 329, 59, 359, 497, 257, 506, 338, 638, 547, 527, 617, 603, 560, 606, 565]","[-5, -5, -5, -5, -5, -5, -3, -3, -5, -5, -4, -4, -2, -5, -4, -4, -4, 0, -4, -2, 1]","[-1, 0, 0, -2, -2, -1, -4, -4, -3, -3, -3, -4, -5, -1, -3, -3, -3, -5, -3, -5, -5]"
142,56.34,7,False,708,207,3,9,[],[],[],[],"[758, 697, 69, 689, 204]","[600, 741, 600, 671, 641]","[0, 177, -29, -31, -54]","[-19, 67, 43, 6, 21]","[61, 52, 254, 120, 403, 271, 264, 430, 140, 547, 503, 355, 280, 487, 451, 647, 629, 117, 724, 532, 789, 742, 108, 722, 243]","[498, 358, 484, 460, 396, 558, 249, 299, 437, 190, 426, 238, 618, 486, 452, 557, 503, 499, 506, 465, 632, 780, 632, 701, 672]","[-5, -5, -5, -5, -5, -5, -3, -5, -4, -4, -3, -2, -5, -4, -4, -4, 0, -4, -2, 1, -4, 1, 4, -2, 4]","[-2, 0, 0, -2, -2, -2, -4, -3, -3, -4, -4, -5, -1, -4, -4, -3, -5, -4, -5, -5, -3, -5, -3, -5, -4]"
143,56.67,7,False,746,385,5,8,[773],[374],[1],[5],"[758, 757, 81, 674, 201]","[600, 761, 617, 671, 647]","[20, 199, 131, 9, 82]","[21, 77, 83, 26, 61]","[154, 20, 303, 171, 204, 330, 60, 467, 443, 315, 180, 407, 371, 567, 629, 43, 684, 570, 709, 762, 188, 682, 323]","[484, 420, 356, 518, 169, 239, 377, 110, 346, 138, 584, 406, 372, 497, 403, 419, 406, 365, 572, 680, 572, 601, 592]","[-5, -5, -5, -5, -3, -5, -4, -4, -3, -2, -5, -4, -4, -4, 0, -3, -2, 2, -4, 1, 4, -2, 4]","[0, -2, -2, -2, -4, -3, -3, -4, -4, -5, -2, -4, -4, -3, -5, -4, -5, -5, -3, -5, -3, -5, -4]"
144,57.0,7,False,923,381,9,-1,[793],[474],[1],[5],"[758, 837, 156, 674, 249]","[606, 781, 649, 671, 667]","[40, 210, 279, 49, 202]","[61, 77, 123, 46, 85]","[54, 203, 71, 152, 230, 387, 383, 275, 80, 327, 291, 487, 629, 644, 610, 629, 782, 268, 642, 403]","[484, 316, 478, 69, 179, 30, 266, 38, 544, 326, 292, 437, 303, 306, 265, 506, 580, 512, 501, 512]","[-5, -5, -5, -2, -5, -4, -3, -2, -5, -4, -4, -4, 0, -2, 2, -4, 1, 4, -2, 4]","[0, -2, -2, -5, -3, -4, -4, -5, -2, -4, -4, -3, -5, -5, -5, -4, -5, -3, -5, -4]"
145,57.34,7,False,1005,504,0,9,[813],[574],[1],[5],"[758, 911, 283, 694, 342]","[626, 801, 689, 682, 687]","[38, 185, 385, 67, 292]","[79, 55, 122, 44, 83]","[103, 141, 323, 247, 215, 407, 629, 604, 650, 549, 802, 351, 602, 483, 815, 930, 313, 788, 388]","[276, 119, 186, 246, 212, 377, 203, 206, 165, 426, 480, 452, 401, 432, 596, 778, 713, 716, 696]","[-5, -4, -3, -4, -3, -4, 0, -2, 2, -4, 1, 5, -2, 4, 2, 1, 5, 5, 5]","[-2, -3, -4, -4, -4, -3, -5, -5, -5, -4, -5, -3, -5, -4, -5, -5, 0, -1, -2]"
146,57.67,7,False,1116,504,0,0,[833],[674],[1],[5],"[758, 962, 440, 714, 460]","[646, 803, 729, 682, 707]","[18, 125, 444, 54, 343]","[79, 15, 102, 24, 63]","[3, 61, 269, 167, 155, 327, 629, 564, 698, 470, 822, 451, 562, 563, 855, 950, 413, 888, 488]","[236, 59, 86, 166, 132, 317, 103, 106, 65, 346, 380, 392, 301, 361, 496, 678, 713, 696, 656]","[-5, -4, -2, -4, -3, -4, 0, -2, 3, -3, 1, 5, -2, 4, 2, 1, 5, 5, 5]","[-2, -3, -5, -4, -4, -3, -5, -5, -5, -4, -5, -3, -5, -3, -5, -5, 0, -1, -2]"
147,58.0,7,False,1176,507,0,9,[851],[774],[0],[5],"[756, 990, 618, 718, 597]","[666, 790, 751, 682, 720]","[-2, 65, 470, 34, 370]","[64, -25, 82, 4, 43]","[107, 95, 247, 637, 524, 410, 853, 551, 540, 643, 895, 970, 513, 988, 588, 810, 1039, 662, 758, 636]","[86, 52, 242, 3, 6, 266, 280, 351, 201, 301, 396, 578, 713, 676, 616, 715, 834, 790, 715, 751]","[-3, -3, -4, 1, -2, -3, 2, 5, -1, 4, 2, 1, 5, 5, 5, 5, 0, 5, 5, 4]","[-4, -4, -4, -5, -5, -4, -5, -2, -5, -3, -5, -5, 0, -1, -2, 0, -5, 0, -2, -4]"
148,58.34,7,False,1028,583,0,0,"[851, 1096]","[874, 620]","[0, -5]","[5, 2]","[736, 995, 798, 718, 737]","[680, 762, 767, 666, 720]","[-22, 5, 460, 14, 366]","[44, -65, 42, -16, 23]","[47, 167, 350, 893, 651, 520, 723, 935, 990, 613, 1088, 688, 910, 1039, 762, 858, 716]","[6, 162, 181, 180, 311, 101, 241, 296, 478, 713, 656, 576, 715, 734, 780, 675, 671]","[-3, -4, -3, 2, 5, -1, 4, 2, 1, 5, 5, 5, 5, 0, 5, 5, 4]","[-4, -4, -5, -5, -2, -5, -3, -5, -5, 0, -1, -2, 0, -5, -1, -2, -4]"
149,58.67,7,False,1134,440,5,-8,[996],[660],[-5],[2],"[716, 974, 963, 712, 870]","[680, 722, 767, 646, 720]","[-42, -55, 414, -6, 336]","[24, -91, 2, -32, 3]","[95, 305, 933, 751, 500, 803, 981, 1010, 713, 1188, 788, 1010, 1039, 862, 958, 796]","[82, 81, 80, 271, 1, 181, 196, 378, 713, 636, 536, 715, 634, 760, 635, 591]","[-3, -2, 2, 5, -1, 4, 3, 1, 5, 5, 5, 5, 0, 5, 5, 4]","[-4, -5, -5, -2, -5, -3, -5, -5, 0, -1, -2, 0, -5, -1, -2, -4]"
150,59.0,7,False,1213,272,3,-9,[896],[700],[-5],[2],"[695, 934, 1107, 695, 990]","[680, 682, 748, 626, 709]","[-35, -93, 361, 4, 304]","[26, -89, -14, -10, 5]","[35, 851, 883, 1041, 1030, 813, 1288, 888, 1110, 1039, 962, 1058, 876, 795, 1036, 1066, 806, 1025]","[2, 231, 121, 101, 278, 713, 612, 496, 715, 534, 740, 595, 511, 693, 707, 743, 652, 742]","[-3, 5, 4, 3, 1, 5, 5, 5, 5, 0, 5, 5, 4, 5, 3, -1, 5, 5]","[-4, -2, -3, -4, -5, 0, -2, -2, 0, -5, -1, -2, -4, -2, -4, -5, -3, -1]"
151,59.34,7,False,1262,224,0,0,[796],[740],[-5],[2],"[678, 881, 1229, 695, 1093]","[680, 642, 735, 622, 709]","[5, -107, 297, 44, 266]","[46, -65, 6, 30, 25]","[951, 963, 1101, 1050, 913, 1388, 988, 1210, 1042, 1062, 1158, 956, 895, 1096, 1046, 906, 1125]","[195, 61, 21, 178, 713, 572, 456, 715, 434, 720, 555, 431, 637, 627, 643, 592, 703]","[5, 4, 3, 1, 5, 5, 5, 5, 1, 5, 5, 4, 5, 3, -1, 5, 5]","[-1, -3, -4, -5, 0, -2, -2, 0, -5, -1, -2, -4, -3, -4, -5, -3, -2]"
152,59.67,7,False,1178,269,-9,1,[696],[780],[-5],[2],"[678, 821, 1320, 713, 1179]","[697, 615, 735, 633, 709]","[45, -107, 213, 72, 208]","[66, -25, 26, 70, 45]","[1051, 1062, 1070, 1013, 1488, 1088, 1310, 1062, 1162, 1258, 1036, 995, 1156, 1026, 1006, 1225, 718, 870, 1351, 767, 1210]","[175, 1, 78, 713, 532, 416, 715, 334, 700, 515, 351, 577, 547, 543, 532, 663, 731, 656, 766, 680, 740]","[5, 5, 1, 5, 5, 5, 5, 1, 5, 5, 4, 5, 3, -1, 5, 5, 5, 5, -4, 5, -4]","[-1, -3, -5, 0, -2, -2, 0, -5, -1, -2, -4, -3, -4, -5, -3, -2, -1, -3, -4, -2, -4]"
153,60.0,5,False,998,270,-9,0,[596],[820],[-5],[2],"[696, 768, 1374, 733, 1237]","[717, 603, 735, 659, 725]","[85, -94, 113, 92, 135]","[86, 15, 46, 106, 65]","[1151, 1113, 1588, 1188, 1410, 1262, 1358, 1095, 1216, 1006, 1106, 1325, 818, 950, 1271, 867, 1130]","[155, 707, 492, 376, 701, 671, 475, 517, 467, 443, 472, 623, 699, 596, 686, 640, 660]","[5, 5, 5, 5, 5, 5, 5, 5, 3, -1, 5, 5, 5, 4, -4, 5, -4]","[-1, -1, -2, -2, -1, -2, -2, -3, -4, -5, -3, -2, -2, -3, -4, -2, -4]"
154,60.34,5,False,818,292,-9,2,[496],[860],[-5],[2],"[727, 728, 1388, 766, 1265]","[744, 606, 752, 699, 745]","[110, -74, 13, 112, 55]","[106, 55, 65, 126, 85]","[1251, 1213, 1288, 1510, 1362, 1458, 1190, 1276, 986, 1205, 1425, 918, 1030, 1191, 967, 1066]","[135, 687, 336, 681, 631, 418, 457, 381, 343, 412, 583, 659, 536, 606, 600, 580]","[5, 5, 5, 5, 5, 5, 4, 3, -1, 4, 5, 5, 4, -4, 5, -3]","[-1, -1, -2, -1, -2, -3, -3, -5, -5, -3, -2, -2, -3, -4, -2, -4]"
155,60.67,5,False,640,349,-8,4,[396],[900],[-5],[2],"[767, 688, 1359, 806, 1258]","[778, 626, 768, 739, 765]","[108, -70, -109, 108, -47]","[88, 73, 43, 124, 69]","[1351, 1313, 1388, 1462, 1543, 1270, 1336, 966, 1285, 1522, 1018, 1110, 1111, 1067, 1002, 796, 755, 1374, 846, 1257]","[115, 667, 296, 591, 358, 397, 281, 243, 352, 525, 619, 469, 526, 560, 500, 758, 608, 789, 713, 757]","[5, 5, 5, 5, 4, 4, 3, -1, 4, 4, 5, 4, -4, 5, -4, 0, 0, -5, 1, -4]","[-1, -1, -2, -2, -3, -3, -5, -5, -3, -3, -2, -4, -4, -2, -4, -5, -5, -2, -5, -3]"
156,61.0,5,False,609,492,0,0,[642],[530],[0],[5],"[795, 648, 1277, 830, 1203]","[797, 646, 768, 774, 774]","[88, -70, -245, 68, -167]","[48, 73, 3, 90, 29]","[1451, 1413, 1488, 1560, 1350, 1380, 946, 1365, 1118, 1182, 1031, 1167, 922, 796, 755, 1274, 866, 1177]","[95, 647, 256, 537, 337, 181, 143, 292, 579, 389, 446, 520, 420, 658, 508, 749, 613, 697]","[5, 5, 5, 4, 4, 2, -1, 4, 5, 3, -4, 5, -4, 0, 0, -5, 1, -4]","[-1, -1, -2, -3, -3, -5, -5, -3, -2, -4, -4, -2, -4, -5, -5, -2, -5, -3]"
157,61.34,5,False,438,463,-9,-3,[642],[630],[0],[5],"[815, 608, 1144, 839, 1105]","[797, 666, 749, 794, 768]","[54, -70, -358, 28, -268]","[8, 58, -36, 50, -11]","[1551, 1513, 1588, 1430, 1420, 915, 1445, 1218, 1242, 951, 1267, 842, 796, 755, 1174, 886, 1097, 845, 650, 1178, 870, 1140]","[75, 627, 216, 277, 81, 43, 232, 539, 305, 366, 479, 340, 558, 408, 709, 513, 637, 831, 712, 786, 826, 808]","[5, 5, 5, 4, 2, -2, 4, 5, 3, -4, 5, -4, 0, 0, -5, 1, -4, -5, -5, -5, -4, -5]","[-1, -1, -2, -3, -5, -5, -3, -2, -5, -4, -3, -4, -5, -5, -2, -5, -3, -1, -1, -2, -3, 0]"
158,61.67,5,False,294,419,0,0,[642],[730],[0],[5],"[817, 568, 973, 833, 972]","[781, 674, 723, 794, 748]","[14, -54, -441, -12, -345]","[-32, 38, -56, 10, -49]","[1510, 1525, 1318, 1274, 871, 1366, 762, 796, 752, 1074, 900, 1009, 745, 550, 1078, 790, 1040]","[201, 163, 499, 205, 305, 419, 272, 458, 308, 669, 413, 577, 811, 692, 746, 766, 808]","[4, 4, 5, 1, -4, 4, -4, 0, -1, -5, 0, -5, -5, -5, -5, -4, -5]","[-4, -4, -2, -5, -3, -3, -3, -5, -5, -2, -5, -3, -1, -1, -2, -3, 0]"
159,62.0,5,False,236,396,0,0,[642],[830],[0],[5],"[804, 545, 776, 812, 813]","[750, 674, 683, 779, 709]","[-26, -34, -487, -52, -395]","[-72, 18, -76, -30, -69]","[1573, 1595, 1418, 1264, 791, 1446, 682, 796, 732, 974, 900, 909, 645, 450, 978, 710, 940]","[121, 83, 455, 105, 245, 359, 212, 358, 208, 629, 313, 517, 776, 672, 706, 706, 808]","[3, 3, 5, -2, -4, 4, -4, 0, -1, -5, 0, -5, -5, -5, -5, -4, -5]","[-4, -4, -3, -5, -3, -3, -3, -5, -5, -2, -5, -3, -2, -1, -2, -3, 0]"
160,62.34,5,False,359,455,9,3,[],[],[],[],"[784, 528, 576, 772, 643]","[710, 674, 643, 759, 669]","[-28, 8, -471, -56, -388]","[-70, 20, -71, -48, -67]","[1511, 1198, 711, 1526, 600, 796, 712, 874, 900, 809, 545, 350, 878, 630, 840, 796, 526, 673, 784, 723]","[395, 26, 185, 289, 152, 258, 108, 589, 213, 457, 736, 636, 666, 646, 808, 743, 665, 671, 794, 686]","[4, -4, -4, 4, -5, 0, -1, -5, 0, -5, -5, -5, -5, -4, -5, -4, -4, -4, -5, -4]","[-3, -3, -3, -4, -3, -5, -5, -2, -5, -3, -2, -2, -2, -3, 0, -3, -4, -3, -2, -4]"
161,62.67,5,False,343,275,2,-9,[],[],[],[],"[764, 535, 391, 747, 489]","[671, 674, 613, 739, 636]","[-8, 68, -398, -36, -333]","[-50, 40, -31, -37, -37]","[1591, 619, 1592, 500, 777, 680, 774, 900, 709, 445, 250, 778, 550, 740, 716, 460, 593, 684, 643]","[335, 125, 209, 93, 158, 8, 549, 113, 397, 696, 596, 626, 586, 797, 683, 585, 611, 754, 606]","[4, -5, 3, -5, -1, -2, -5, 0, -5, -5, -5, -5, -4, -5, -4, -3, -4, -5, -4]","[-3, -3, -4, -2, -5, -5, -2, -5, -3, -2, -2, -2, -3, -1, -3, -4, -3, -2, -4]"
162,63.0,5,False,476,200,9,0,[],[],[],[],"[757, 565, 244, 727, 362]","[651, 685, 600, 719, 618]","[12, 128, -290, -16, -247]","[-30, 60, 9, -17, 3]","[519, 400, 757, 674, 880, 609, 345, 158, 678, 470, 640, 636, 400, 513, 584, 563, 789, 612, 284, 774, 399]","[65, 53, 58, 509, 13, 337, 656, 542, 586, 526, 777, 623, 505, 551, 714, 526, 681, 727, 633, 763, 648]","[-5, -5, -1, -5, -1, -5, -5, -4, -5, -4, -5, -4, -3, -4, -5, -4, -3, 0, 5, -2, 2]","[-3, -2, -5, -2, -5, -3, -2, -3, -2, -3, -1, -3, -4, -3, -2, -4, -5, -5, -2, -5, -5]"
163,63.33,5,False,656,201,9,1,[],[],[],[],"[757, 618, 145, 712, 275]","[636, 705, 600, 703, 618]","[32, 183, -158, 4, -141]","[9, 80, 49, 3, 43]","[419, 300, 574, 509, 245, 82, 578, 390, 540, 556, 340, 433, 484, 483, 729, 612, 384, 734, 439]","[5, 13, 469, 277, 604, 471, 546, 466, 757, 563, 425, 491, 655, 446, 581, 627, 578, 663, 548]","[-5, -5, -5, -5, -5, -3, -5, -4, -5, -4, -3, -4, -5, -4, -3, 0, 5, -2, 2]","[-3, -2, -2, -3, -3, -4, -2, -3, -1, -3, -4, -3, -3, -4, -5, -5, -3, -5, -5]"
164,63.67,5,False,836,234,9,2,[],[],[],[],"[760, 690, 101, 712, 234]","[636, 726, 620, 703, 635]","[52, 223, -18, 24, -21]","[49, 100, 89, 23, 83]","[474, 409, 164, 33, 478, 310, 440, 476, 280, 353, 401, 412, 686, 612, 484, 694, 479]","[429, 217, 544, 378, 506, 386, 736, 503, 345, 431, 595, 366, 481, 527, 518, 563, 448]","[-5, -5, -4, -1, -5, -4, -5, -4, -3, -4, -4, -3, -2, 0, 5, -2, 2]","[-2, -3, -3, -5, -2, -4, -2, -3, -4, -3, -3, -4, -5, -5, -3, -5, -5]"
165,64.0,5,False,1004,311,6,7,[],[],[],[],"[780, 770, 113, 712, 238]","[656, 761, 655, 703, 660]","[50, 224, 109, 22, 77]","[62, 91, 105, 21, 93]","[374, 309, 84, 28, 378, 241, 340, 396, 225, 273, 321, 352, 646, 612, 584, 654, 519, 852, 810, 202, 780, 321]","[389, 157, 472, 278, 466, 306, 696, 431, 247, 371, 535, 286, 381, 427, 458, 463, 348, 651, 738, 659, 694, 649]","[-5, -5, -4, 1, -5, -3, -5, -4, -2, -4, -4, -3, -2, 0, 5, -2, 2, 3, 3, 5, 3, 5]","[-2, -3, -4, -5, -2, -4, -2, -4, -5, -3, -3, -4, -5, -5, -3, -5, -5, -4, -5, -2, -4, -3]"
166,64.34,5,False,1006,480,0,0,[1047],[488],[-1],[5],"[780, 846, 167, 712, 275]","[668, 781, 680, 703, 680]","[30, 192, 209, 2, 157]","[42, 51, 85, 1, 73]","[274, 213, 23, 72, 278, 181, 240, 316, 185, 193, 241, 292, 606, 612, 684, 614, 559, 912, 870, 302, 840, 421]","[349, 97, 391, 185, 418, 223, 656, 351, 147, 302, 458, 206, 281, 327, 401, 363, 248, 571, 638, 619, 614, 589]","[-5, -4, -3, 3, -5, -3, -5, -4, -2, -4, -4, -3, -2, 0, 5, -2, 2, 3, 3, 5, 3, 5]","[-2, -3, -5, -4, -3, -5, -2, -4, -5, -4, -4, -4, -5, -5, -2, -5, -5, -4, -5, -2, -4, -3]"
167,64.67,5,False,1176,419,6,-7,[1027],[588],[-1],[5],"[780, 906, 259, 694, 344]","[668, 781, 700, 684, 700]","[10, 151, 298, -12, 226]","[22, 11, 65, -19, 53]","[174, 133, 160, 178, 136, 140, 236, 158, 113, 175, 232, 566, 612, 784, 574, 602, 972, 930, 402, 900, 521, 820, 944, 305, 747, 391]","[309, 37, 127, 358, 123, 608, 271, 47, 222, 378, 113, 181, 227, 361, 263, 148, 491, 554, 579, 534, 531, 701, 812, 741, 729, 742]","[-5, -4, 5, -5, -2, -5, -4, -1, -4, -3, -3, -2, 0, 5, -2, 3, 3, 3, 5, 3, 5, 5, 3, 5, 4, 5]","[-2, -3, -2, -3, -5, -3, -4, -5, -4, -4, -5, -5, -5, -2, -5, -5, -4, -4, -2, -4, -2, -2, -4, 0, -4, 0]"
168,65.0,5,False,1212,377,0,0,[1007],[688],[-1],[5],"[770, 943, 385, 674, 437]","[668, 766, 715, 664, 703]","[-10, 91, 365, -12, 279]","[2, -29, 45, -39, 33]","[74, 260, 92, 119, 57, 171, 46, 122, 192, 526, 617, 884, 536, 662, 1032, 990, 502, 960, 621, 920, 1004, 405, 827, 491]","[269, 100, 298, 23, 548, 191, 142, 286, 13, 81, 127, 321, 163, 51, 411, 474, 539, 454, 491, 661, 732, 733, 649, 742]","[-5, 5, -4, 0, -4, -3, -3, -2, -2, -2, 1, 5, -1, 3, 3, 3, 5, 3, 5, 5, 3, 5, 4, 5]","[-2, -1, -3, -5, -3, -4, -4, -5, -5, -5, -5, -2, -5, -4, -4, -4, -2, -4, -2, -2, -4, -1, -4, 0]"
169,65.33,5,False,1248,293,1,-9,[],[],[],[],"[750, 530, 654, 547]","[650, 715, 635, 703]","[-30, 405, -12, 312]","[-18, 25, -52, 13]","[360, 12, 111, 93, 637, 984, 516, 1095, 1050, 602, 1020, 721, 1020, 1064, 505, 907, 591]","[93, 238, 111, 186, 27, 281, 63, 331, 394, 499, 374, 451, 621, 652, 713, 569, 742]","[5, -4, -3, -1, 1, 5, -1, 4, 3, 5, 3, 5, 5, 3, 5, 4, 5]","[0, -3, -4, -5, -5, -2, -5, -4, -4, -2, -4, -2, -2, -4, -1, -4, 0]"
170,65.67,5,False,1220,121,-7,-6,[],[],[],[],"[730, 690, 640, 667, 210]","[633, 715, 606, 703, 801]","[-28, 436, 10, 343, 66]","[4, 27, -30, 15, -1]","[460, 56, 92, 1084, 1175, 1110, 702, 1080, 821, 1120, 1124, 605, 987, 691, 811, 689, 748, 675, 286]","[93, 16, 86, 241, 251, 314, 459, 294, 411, 581, 572, 693, 489, 742, 634, 717, 643, 694, 832]","[5, -2, 0, 5, 4, 3, 5, 3, 5, 5, 3, 5, 4, 5, 2, 4, 5, 3, 4]","[0, -5, -5, -2, -4, -4, -2, -4, -2, -2, -4, -1, -4, 0, -5, -3, -2, -4, -3]"
171,66.0,5,False,1067,118,-9,1,[],[],[],[],"[710, 859, 641, 804, 252]","[633, 715, 600, 703, 781]","[-8, 452, 50, 369, 186]","[44, 47, 10, 35, -1]","[560, 1184, 1251, 1170, 802, 1140, 921, 1220, 1184, 705, 1067, 791, 866, 769, 848, 735, 366]","[93, 201, 171, 234, 419, 214, 371, 532, 492, 673, 409, 742, 534, 657, 603, 614, 772]","[5, 5, 3, 3, 5, 3, 5, 5, 3, 5, 4, 5, 3, 4, 5, 3, 4]","[0, -2, -4, -4, -2, -4, -2, -3, -4, -1, -4, 0, -5, -3, -2, -4, -3]"
172,66.34,5,False,900,192,-9,4,[],[],[],[],"[703, 1026, 661, 944, 340]","[651, 733, 601, 709, 761]","[12, 434, 90, 363, 299]","[84, 67, 50, 55, -1]","[660, 1284, 1311, 1230, 902, 1200, 1021, 1320, 1244, 805, 1147, 891, 921, 849, 948, 795, 446, 738, 1065, 713, 982, 385]","[93, 161, 91, 154, 379, 134, 331, 472, 396, 653, 329, 742, 434, 597, 563, 534, 712, 681, 767, 646, 744, 798]","[5, 5, 3, 3, 5, 3, 5, 5, 3, 5, 4, 5, 2, 4, 5, 3, 4, 0, 0, 3, -2, 4]","[0, -2, -4, -4, -2, -4, -2, -3, -5, -1, -4, 0, -5, -3, -2, -4, -3, -5, -5, -4, -5, -4]"
173,66.67,5,False,720,252,-9,3,[],[],[],[],"[703, 1180, 697, 1075, 470]","[676, 753, 621, 729, 750]","[32, 384, 130, 332, 390]","[104, 85, 90, 75, 8]","[760, 1384, 1371, 1290, 1002, 1260, 1121, 1408, 1298, 905, 1227, 991, 961, 929, 1048, 855, 526, 738, 1065, 773, 942, 465]","[93, 121, 11, 70, 339, 54, 291, 412, 296, 633, 249, 742, 334, 537, 523, 454, 652, 581, 667, 566, 644, 718]","[5, 5, 3, 3, 5, 3, 5, 4, 2, 5, 4, 5, 2, 4, 5, 3, 4, 0, 0, 3, -2, 4]","[0, -2, -4, -5, -2, -4, -2, -3, -5, -1, -4, 0, -5, -3, -2, -4, -3, -5, -5, -4, -5, -4]"
174,67.0,5,False,550,331,-7,6,[],[],[],[],"[706, 1309, 740, 1187, 630]","[716, 773, 657, 749, 750]","[52, 306, 152, 277, 452]","[124, 85, 127, 95, 28]","[860, 1484, 1102, 1221, 1488, 1338, 1005, 1307, 1091, 1001, 1009, 1148, 915, 606, 738, 1065, 833, 902, 545]","[93, 81, 299, 238, 352, 196, 613, 169, 733, 234, 461, 478, 374, 592, 481, 567, 472, 544, 638]","[5, 5, 5, 5, 4, 2, 5, 4, 5, 2, 4, 5, 3, 4, 0, 0, 3, -2, 4]","[0, -2, -2, -3, -3, -5, -1, -4, -1, -5, -4, -3, -4, -3, -5, -5, -5, -5, -4]"
175,67.34,5,False,589,452,-9,-1,[682],[491],[4],[4],"[726, 1397, 800, 1270, 810]","[756, 793, 697, 769, 750]","[50, 184, 150, 178, 457]","[120, 63, 125, 75, 26]","[960, 1584, 1202, 1321, 1568, 1378, 1105, 1368, 1191, 1041, 1089, 1248, 975, 686, 738, 1048, 893, 862, 625, 740, 1346, 785, 1243, 700]","[93, 41, 259, 178, 292, 96, 593, 89, 713, 134, 381, 418, 294, 532, 381, 467, 372, 444, 558, 727, 824, 681, 757, 752]","[5, 5, 5, 5, 4, 2, 5, 3, 5, 2, 4, 5, 3, 4, 0, -1, 3, -2, 4, -2, -5, -3, -3, -5]","[0, -2, -2, -3, -3, -5, -1, -4, -1, -5, -4, -3, -4, -3, -5, -5, -5, -5, -4, -5, 0, -4, -4, -3]"
176,67.67,5,False,409,412,-9,-2,[762],[571],[4],[4],"[726, 1428, 840, 1307, 973]","[786, 799, 737, 781, 750]","[30, 26, 111, 52, 408]","[80, 23, 105, 35, 6]","[1060, 1302, 1421, 1205, 1428, 1291, 1081, 1169, 1329, 1035, 766, 738, 1028, 953, 822, 705, 700, 1246, 725, 1183, 618]","[112, 219, 118, 561, 9, 693, 34, 301, 358, 214, 472, 281, 367, 272, 344, 478, 627, 824, 601, 677, 692]","[5, 5, 5, 5, 3, 5, 2, 4, 4, 3, 4, 0, -1, 3, -2, 4, -2, -5, -3, -3, -4]","[1, -2, -3, -2, -4, -1, -5, -4, -3, -4, -3, -5, -5, -5, -5, -4, -5, 0, -4, -4, -3]"
177,68.0,5,False,229,378,-9,0,[822],[651],[3],[4],"[726, 1395, 865, 1288, 1110]","[801, 790, 762, 778, 736]","[10, -133, 71, -82, 331]","[40, -17, 74, -5, -14]","[1160, 1402, 1521, 1305, 1391, 1249, 1409, 1095, 846, 738, 1008, 996, 770, 785, 660, 1146, 665, 1123, 538, 756, 1434, 910, 1330, 1146]","[144, 179, 58, 521, 673, 221, 296, 134, 404, 181, 267, 172, 244, 398, 527, 824, 521, 597, 632, 834, 831, 808, 823, 772]","[5, 5, 5, 5, 5, 4, 4, 3, 4, 0, -1, 2, -3, 4, -2, -5, -3, -3, -4, -5, -5, -4, -5, -4]","[2, -2, -3, -2, -1, -4, -4, -4, -4, -5, -5, -5, -5, -4, -5, 0, -4, -4, -3, -2, -3, -3, -2, -4]"
178,68.34,5,False,147,508,0,9,[882],[731],[3],[4],"[716, 1302, 875, 1221, 1212]","[801, 766, 774, 758, 716]","[-10, -273, 31, -202, 229]","[0, -57, 34, -45, -34]","[1248, 1502, 1405, 1491, 1321, 1480, 1155, 926, 738, 988, 1036, 710, 865, 620, 1046, 605, 1057, 458, 656, 1334, 830, 1230, 1066]","[203, 139, 481, 653, 141, 216, 45, 324, 81, 167, 72, 156, 318, 427, 811, 441, 517, 572, 794, 771, 748, 783, 692]","[4, 5, 5, 5, 3, 3, 3, 4, 0, -1, 2, -3, 4, -2, -5, -3, -4, -4, -5, -5, -4, -5, -4]","[4, -2, -2, -1, -4, -4, -5, -4, -5, -5, -5, -4, -4, -5, -1, -4, -4, -3, -2, -3, -3, -2, -4]"
179,68.67,5,False,161,600,5,8,[],[],[],[],"[696, 1158, 1107, 1269]","[781, 726, 720, 692]","[-26, -389, -307, 109]","[-40, -85, -70, -54]","[1286, 1505, 1591, 1381, 1527, 1006, 949, 650, 945, 580, 946, 545, 977, 372, 556, 1234, 750, 1130, 986]","[297, 441, 626, 61, 121, 244, 67, 76, 238, 327, 791, 361, 437, 512, 754, 711, 688, 743, 621]","[0, 5, 5, 3, 1, 4, -2, -3, 4, -2, -5, -3, -4, -5, -5, -5, -4, -5, -4]","[5, -2, -2, -4, -5, -4, -5, -4, -4, -5, -1, -4, -4, -3, -2, -3, -3, -2, -3]"
180,69.0,5,False,287,536,6,-7,[],[],[],[],"[676, 978, 959, 1280, 1104]","[746, 686, 680, 652, 772]","[-4, -452, -361, 11, -33]","[-56, -83, -68, -52, 0]","[1272, 1531, 1086, 1007, 528, 846, 485, 897, 272, 456, 1134, 670, 1030, 906, 677, 1056, 1025, 1271, 1094]","[397, 21, 164, 158, 227, 771, 281, 357, 452, 714, 651, 628, 703, 561, 812, 747, 732, 718, 796]","[-2, -1, 4, 3, -3, -5, -3, -4, -5, -5, -5, -4, -5, -4, -5, -5, -5, -5, -5]","[5, -5, -4, -4, -5, -1, -4, -4, -3, -2, -3, -3, -2, -3, 0, 0, -1, 0, -1]"
181,69.33,5,False,389,380,4,-8,[],[],[],[],"[675, 778, 799, 1257, 1070]","[721, 646, 644, 631, 772]","[36, -458, -369, -69, -77]","[-36, -61, -43, -13, 0]","[1219, 1166, 1067, 468, 746, 405, 817, 172, 356, 1034, 590, 930, 826, 577, 956, 925, 1171, 994]","[486, 84, 78, 131, 751, 201, 290, 392, 674, 611, 568, 663, 501, 812, 747, 712, 718, 776]","[-3, 4, 3, -3, -5, -4, -4, -5, -5, -5, -4, -5, -4, -5, -5, -5, -5, -5]","[4, -4, -4, -4, -1, -4, -3, -3, -2, -2, -3, -2, -3, 0, 0, -1, 0, -1]"
182,69.67,5,False,468,278,0,0,[],[],[],[],"[689, 591, 644, 1204, 1021]","[701, 621, 624, 625, 772]","[76, -425, -342, -149, -117]","[-16, -21, -3, 27, 0]","[1140, 1246, 408, 646, 325, 737, 77, 256, 934, 510, 830, 746, 477, 856, 825, 1071, 894, 738, 631, 682, 1234, 1054]","[554, 4, 51, 731, 121, 230, 332, 634, 571, 508, 623, 441, 812, 747, 692, 718, 756, 745, 655, 659, 660, 802]","[-4, 4, -3, -5, -4, -4, -4, -5, -5, -4, -5, -4, -5, -5, -5, -5, -5, 0, 1, -2, -5, -2]","[3, -4, -4, -1, -4, -3, -3, -2, -2, -3, -2, -3, 0, 0, -1, 0, -1, -5, -5, -5, 0, -5]"
183,70.0,5,False,489,407,0,0,[519],[421],[0],[5],"[718, 423, 508, 1120, 961]","[686, 611, 623, 634, 772]","[108, -356, -289, -210, -144]","[4, 19, 37, 67, 0]","[1043, 546, 245, 657, 156, 834, 430, 730, 666, 377, 756, 725, 971, 794, 738, 651, 642, 1134, 1014]","[602, 711, 41, 170, 594, 531, 448, 583, 381, 800, 747, 672, 718, 729, 645, 555, 559, 660, 702]","[-5, -5, -4, -4, -5, -5, -4, -5, -4, -5, -5, -5, -5, -5, 0, 1, -2, -5, -2]","[2, -1, -4, -3, -2, -2, -3, -2, -3, -1, 0, -1, 0, -2, -5, -5, -5, 0, -5]"
184,70.33,5,False,550,229,3,-9,[519],[521],[0],[5],"[758, 291, 398, 1018, 887]","[686, 616, 637, 658, 772]","[128, -259, -211, -254, -161]","[24, 59, 77, 104, 0]","[943, 446, 577, 56, 734, 350, 630, 586, 277, 656, 625, 871, 694, 738, 667, 602, 1034, 974]","[637, 691, 110, 542, 491, 388, 543, 321, 780, 736, 652, 718, 689, 545, 455, 459, 660, 602]","[-5, -5, -4, -5, -5, -4, -5, -4, -5, -5, -5, -5, -5, 0, 0, -2, -5, -2]","[1, -1, -3, -3, -2, -3, -2, -3, -1, -1, -1, 0, -2, -5, -5, -5, 0, -5]"
185,70.67,5,False,665,90,9,-2,[519],[621],[0],[5],"[798, 200, 322, 898, 807]","[686, 636, 657, 698, 761]","[126, -161, -133, -299, -183]","[22, 77, 89, 102, -22]","[843, 346, 497, 634, 270, 530, 506, 177, 556, 525, 771, 594, 738, 667, 562, 934, 934, 791, 292, 442, 991, 878]","[654, 671, 50, 451, 328, 503, 261, 760, 716, 624, 718, 649, 445, 355, 359, 660, 502, 666, 612, 654, 667, 758]","[-5, -5, -4, -5, -4, -5, -4, -5, -5, -5, -5, -5, 0, 0, -2, -5, -2, -2, 1, 4, -1, -1]","[0, -1, -3, -2, -3, -2, -3, -1, -1, -2, 0, -2, -5, -5, -5, 0, -5, -5, -5, -4, -5, -5]"
186,71.0,5,False,845,110,9,3,[519],[721],[0],[5],"[832, 146, 272, 758, 722]","[686, 656, 677, 720, 738]","[88, -61, -61, -333, -205]","[2, 72, 69, 82, -53]","[743, 246, 534, 190, 430, 426, 77, 456, 425, 671, 494, 738, 668, 522, 834, 894, 751, 332, 522, 971, 858]","[654, 651, 391, 252, 461, 201, 738, 696, 584, 718, 609, 345, 255, 259, 643, 402, 566, 512, 574, 567, 658]","[-5, -5, -5, -4, -5, -4, -5, -5, -5, -5, -5, 0, 1, -2, -5, -2, -2, 2, 4, -1, -1]","[0, -1, -3, -4, -3, -3, -2, -1, -2, 0, -2, -5, -5, -5, -1, -5, -5, -5, -4, -5, -5]"
187,71.4,5,False,988,221,5,8,[519],[821],[0],[5],"[851, 132, 255, 618, 622]","[668, 676, 696, 740, 698]","[48, 39, 19, -342, -210]","[-18, 52, 49, 62, -73]","[643, 146, 434, 110, 330, 346, 356, 325, 571, 394, 738, 688, 482, 734, 854, 711, 372, 602, 951, 838, 886, 172, 293, 662, 672]","[650, 622, 331, 172, 401, 141, 671, 544, 718, 569, 245, 155, 159, 623, 302, 466, 412, 494, 467, 558, 698, 709, 727, 776, 741]","[-5, -5, -5, -4, -5, -4, -5, -5, -5, -5, 0, 1, -2, -5, -2, -2, 2, 4, -1, -1, 0, 5, 3, 4, 5]","[-1, -2, -3, -4, -3, -3, -2, -2, 0, -2, -5, -5, -5, -1, -5, -5, -5, -4, -5, -5, -5, -2, -4, -4, -2]"
188,71.83,5,False,1102,368,7,6,[],[],[],[],"[851, 158, 268, 478, 528]","[648, 678, 696, 751, 658]","[8, 139, 99, -322, -195]","[-36, 32, 29, 33, -93]","[543, 46, 339, 47, 236, 266, 256, 225, 471, 294, 738, 708, 448, 634, 814, 675, 412, 682, 931, 818, 886, 272, 353, 742, 772]","[625, 582, 271, 92, 341, 69, 631, 504, 716, 529, 145, 55, 59, 603, 202, 366, 312, 417, 367, 458, 598, 669, 647, 696, 701]","[-5, -5, -4, -3, -4, -4, -5, -5, -5, -5, 0, 1, -1, -5, -2, -1, 2, 4, -1, -1, 0, 5, 3, 4, 5]","[-2, -2, -3, -4, -3, -4, -2, -2, -1, -2, -5, -5, -5, -1, -5, -5, -5, -3, -5, -5, -5, -2, -4, -4, -2]"
189,72.22,5,False,1118,498,-8,5,[1166],[547],[-4],[3],"[835, 224, 316, 348, 448]","[628, 678, 696, 747, 618]","[-32, 234, 174, -274, -162]","[-36, 12, 9, -4, -97]","[448, 259, 156, 156, 125, 371, 194, 738, 534, 774, 655, 472, 762, 911, 798, 898, 372, 413, 822, 872]","[577, 211, 281, 591, 464, 696, 489, 45, 583, 102, 266, 220, 357, 267, 358, 498, 629, 567, 616, 661]","[-4, -4, -4, -5, -5, -5, -5, 0, -5, -2, -1, 3, 4, -1, -1, 1, 5, 3, 4, 5]","[-3, -3, -3, -2, -2, -1, -2, -5, -1, -5, -5, -4, -3, -5, -5, -5, -2, -4, -4, -2]"
190,72.59,5,False,1063,570,9,0,[1086],[607],[-4],[3],"[815, 328, 390, 245, 385]","[608, 678, 696, 727, 600]","[-50, 332, 256, -181, -95]","[-14, 14, 11, -2, -75]","[377, 179, 76, 56, 25, 271, 94, 434, 734, 635, 532, 842, 891, 778, 918, 472, 473, 902, 972, 907, 361, 438, 387, 505]","[504, 151, 221, 542, 424, 676, 430, 563, 2, 166, 140, 297, 167, 258, 398, 609, 487, 536, 621, 623, 713, 731, 756, 615]","[-3, -4, -4, -5, -5, -5, -5, -5, -2, -1, 3, 4, -1, -1, 1, 5, 3, 4, 5, 3, 5, 5, 5, 4]","[-4, -3, -3, -3, -2, -1, -3, -1, -5, -5, -4, -3, -5, -5, -5, -1, -4, -4, -2, -4, 0, 0, -2, -3]"
191,72.92,5,False,1243,539,9,-3,[989],[667],[-5],[3],"[795, 471, 500, 187, 359]","[602, 678, 696, 726, 600]","[-45, 423, 339, -55, 5]","[26, 34, 31, 18, -35]","[370, 99, 171, 334, 615, 610, 922, 871, 771, 938, 572, 541, 982, 1072, 967, 461, 538, 487, 585]","[404, 91, 656, 543, 66, 60, 237, 67, 158, 298, 589, 407, 456, 581, 543, 713, 731, 716, 555]","[2, -4, -5, -5, -1, 4, 4, -1, 0, 1, 5, 4, 4, 5, 3, 5, 5, 5, 4]","[-5, -3, -1, -1, -5, -4, -3, -5, -5, -5, -1, -4, -4, -2, -4, 0, 0, -2, -3]"
192,73.25,5,False,1296,598,0,9,[889],[715],[-5],[2],"[775, 644, 637, 186, 373]","[611, 683, 698, 726, 600]","[-25, 483, 395, 85, 105]","[66, 54, 51, 38, 5]","[452, 19, 71, 234, 1013, 771, 966, 672, 621, 1062, 1172, 1027, 561, 638, 587, 684, 829, 688, 682, 226, 413]","[344, 31, 636, 519, 177, 58, 198, 569, 327, 376, 541, 463, 713, 731, 676, 495, 662, 721, 737, 761, 636]","[5, -4, -5, -5, 5, 0, 2, 5, 4, 4, 5, 3, 5, 5, 5, 5, 5, 5, 5, 5, 5]","[-2, -3, -1, -2, -3, -5, -5, -1, -4, -4, -2, -4, 0, 0, -2, -3, 2, -1, -1, 0, 1]"
193,73.58,5,False,1148,600,-8,4,[],[],[],[],"[755, 795, 238, 425]","[635, 718, 735, 600]","[-5, 424, 214, 197]","[106, 71, 58, 45]","[552, 134, 1113, 1006, 772, 701, 1142, 1272, 1087, 661, 738, 687, 784, 929, 788, 782, 326, 513]","[334, 479, 128, 98, 549, 247, 296, 501, 383, 713, 731, 636, 442, 693, 701, 717, 761, 656]","[5, -5, 5, 2, 5, 4, 4, 5, 3, 5, 5, 5, 5, 5, 5, 5, 5, 5]","[0, -2, -2, -5, -1, -4, -4, -2, -4, 0, 0, -2, -2, 1, -1, -1, 0, 1]"
194,73.92,5,False,1172,564,5,-8,[],[],[],[],"[751, 955, 339, 512]","[675, 738, 755, 618]","[15, 419, 328, 275]","[134, 91, 74, 85]","[652, 34, 1213, 872, 781, 1222, 1372, 1156, 761, 838, 787, 884, 1029, 888, 882, 426, 613]","[334, 439, 88, 529, 182, 216, 461, 303, 713, 731, 596, 402, 713, 681, 697, 761, 676]","[5, -5, 5, 5, 4, 4, 5, 4, 5, 5, 5, 5, 5, 5, 5, 5, 5]","[0, -2, -2, -1, -3, -4, -2, -4, 0, 0, -2, -2, 1, -1, -1, 0, 1]"
195,74.25,5,False,1200,428,-4,-8,[],[],[],[],"[751, 1105, 475, 624, 998]","[715, 759, 775, 651, 691]","[13, 363, 396, 310, -42]","[132, 81, 52, 103, -11]","[752, 1313, 972, 861, 1302, 1472, 1236, 861, 938, 887, 984, 1129, 988, 982, 526, 713, 808, 1129, 489, 663, 1079]","[334, 48, 509, 122, 151, 421, 223, 713, 731, 556, 362, 733, 661, 677, 761, 696, 675, 766, 772, 675, 695]","[5, 5, 5, 4, 4, 5, 4, 5, 5, 5, 5, 5, 5, 5, 5, 5, 2, 5, 4, 5, 2]","[0, -2, -1, -3, -3, -2, -4, 0, 0, -2, -2, 1, -1, -1, 0, 1, -5, -2, -3, 0, -5]"
196,74.59,5,False,1218,408,8,5,[],[],[],[],"[744, 1219, 634, 744, 959]","[755, 774, 776, 674, 671]","[-7, 260, 416, 303, -102]","[110, 41, 12, 83, -31]","[852, 1413, 1072, 941, 1382, 1572, 1316, 961, 1038, 987, 1084, 1229, 1088, 1082, 626, 813, 848, 1229, 569, 763, 1119]","[334, 11, 489, 62, 91, 381, 143, 713, 731, 516, 322, 753, 641, 657, 761, 716, 575, 726, 712, 675, 595]","[5, 5, 5, 4, 4, 5, 4, 5, 5, 5, 5, 5, 5, 5, 5, 5, 2, 5, 4, 5, 2]","[0, -1, -1, -3, -3, -2, -4, 0, 0, -2, -2, 1, -1, -1, 0, 1, -5, -2, -3, 0, -5]"
197,74.92,5,False,1327,442,-7,-6,[],[],[],[],"[724, 1288, 794, 847, 895]","[780, 774, 762, 694, 650]","[-27, 140, 405, 274, -161]","[70, 1, -28, 63, -51]","[1172, 1021, 1462, 1396, 1061, 1138, 1087, 1184, 1329, 1188, 1182, 726, 913, 888, 1329, 649, 863, 1159, 778, 1324, 837, 891, 946]","[469, 2, 31, 68, 713, 731, 476, 282, 773, 621, 637, 761, 726, 475, 686, 652, 675, 495, 828, 804, 798, 731, 694]","[5, 4, 4, 4, 5, 5, 5, 5, 5, 5, 5, 5, 5, 2, 5, 4, 5, 2, 5, 1, 4, 3, 4]","[-1, -3, -3, -3, 0, 0, -2, -2, 1, -1, -1, 0, 0, -5, -2, -3, 0, -5, -1, -5, -3, -4, -3]"
198,75.25,2,False,1148,399,-9,-1,[],[],[],[],"[704, 1307, 937, 938, 814]","[790, 754, 733, 707, 610]","[-47, 7, 361, 225, -201]","[30, -39, -60, 43, -51]","[1476, 1161, 1238, 1284, 1429, 1288, 1282, 826, 1013, 928, 1429, 729, 963, 878, 1344, 917, 951, 1026]","[8, 713, 731, 242, 793, 598, 617, 752, 726, 375, 628, 592, 655, 808, 704, 738, 651, 634]","[4, 5, 5, 5, 5, 5, 5, 5, 5, 2, 5, 4, 5, 5, 1, 4, 3, 4]","[-3, 0, 0, -2, 1, -2, -1, -1, 0, -5, -3, -3, -1, -1, -5, -3, -4, -3]"
199,75.58,2,False,968,391,-9,0,[],[],[],[],"[667, 1272, 1058, 1006, 714]","[785, 721, 693, 707, 600]","[-51, -121, 292, 164, -224]","[-10, -63, -80, 23, -51]","[1261, 1338, 1384, 1529, 1388, 1382, 926, 1113, 985, 1524, 809, 1063, 978, 1348, 997, 1011, 1106]","[713, 731, 202, 800, 558, 597, 732, 726, 275, 568, 532, 635, 788, 604, 678, 571, 574]","[5, 5, 5, 5, 5, 5, 5, 5, 3, 4, 4, 5, 5, 0, 4, 3, 4]","[0, 0, -2, 0, -2, -1, -1, 0, -5, -3, -3, -1, -1, -5, -3, -4, -3]"
200,75.92,2,False,788,392,-9,-3,[],[],[],[],"[638, 1191, 1149, 1049, 614]","[765, 681, 653, 707, 600]","[-29, -218, 223, 106, -205]","[-28, -61, -78, 25, -29]","[1361, 1438, 1484, 1488, 1482, 1026, 1213, 1045, 889, 1163, 1078, 1348, 1077, 1071, 1186, 730, 1250, 1098, 1075, 727]","[698, 731, 162, 518, 577, 712, 726, 175, 472, 615, 768, 504, 618, 491, 514, 780, 704, 718, 687, 586]","[5, 5, 5, 5, 5, 5, 5, 3, 4, 5, 5, 0, 4, 3, 4, 3, -3, -5, 1, 2]","[-1, 0, -2, -2, -1, -1, 0, -5, -3, -1, -1, -5, -3, -4, -3, -4, -4, 0, -5, -5]"
201,76.25,2,False,636,382,-5,8,[],[],[],[],"[624, 1081, 1216, 1072, 533]","[745, 651, 619, 707, 600]","[11, -275, 158, 66, -148]","[-23, -41, -40, 45, 11]","[1461, 1538, 1584, 1588, 1582, 1126, 1313, 1097, 969, 1263, 1178, 1348, 1157, 1131, 1266, 790, 1190, 998, 1095, 767]","[678, 731, 122, 478, 557, 692, 726, 75, 412, 595, 743, 404, 551, 411, 435, 700, 624, 718, 587, 486]","[5, 5, 5, 5, 5, 5, 5, 2, 4, 5, 5, 0, 4, 3, 4, 3, -3, -5, 1, 2]","[-1, 0, -2, -2, -1, -1, 0, -5, -3, -1, -2, -5, -4, -4, -4, -4, -4, 0, -5, -5]"
202,76.59,2,False,688,536,0,0,[724],[557],[3],[4],"[625, 953, 1252, 1080, 479]","[725, 631, 600, 723, 601]","[51, -309, 78, 26, -79]","[-3, -2, 0, 65, 51]","[1561, 1226, 1413, 1049, 1363, 1278, 1345, 1237, 1191, 1346, 850, 1115, 898, 1099, 807, 674, 988, 1282, 1112, 529]","[658, 672, 726, 352, 575, 703, 304, 471, 331, 355, 620, 544, 718, 487, 386, 769, 668, 633, 754, 644]","[5, 5, 5, 4, 5, 5, -1, 4, 3, 4, 3, -4, -5, 0, 2, 0, -5, -5, -3, 3]","[-1, -1, 0, -3, -1, -2, -5, -4, -4, -4, -4, -4, 0, -5, -5, -5, -3, -2, -4, -4]"
203,76.92,2,False,508,477,-9,-3,[784],[637],[3],[4],"[645, 813, 1258, 1073, 453]","[723, 631, 600, 743, 621]","[91, -317, -2, -14, 1]","[17, 38, 40, 85, 91]","[1326, 1513, 1129, 1463, 1378, 1325, 1317, 1251, 1409, 910, 1035, 798, 1099, 847, 674, 888, 1182, 1052, 589]","[652, 726, 292, 555, 663, 204, 391, 249, 275, 532, 464, 718, 387, 286, 669, 608, 593, 674, 564]","[5, 5, 4, 5, 5, -1, 4, 3, 3, 3, -4, -5, 0, 2, 0, -5, -5, -3, 3]","[-1, 0, -3, -1, -2, -5, -4, -5, -4, -5, -4, 0, -5, -5, -5, -3, -2, -4, -4]"
204,77.25,2,False,400,463,0,0,[],[],[],[],"[681, 1230, 1051, 461]","[723, 616, 763, 657]","[131, -82, -54, 81]","[37, 80, 93, 128]","[1426, 1209, 1563, 1478, 1284, 1397, 1303, 1469, 970, 955, 698, 1099, 887, 674, 788, 1082, 992, 649]","[632, 232, 535, 623, 104, 311, 149, 191, 432, 384, 718, 287, 186, 569, 548, 553, 594, 476]","[5, 4, 5, 5, -3, 4, 2, 3, 3, -4, -5, 0, 2, 0, -5, -5, -3, 3]","[-1, -3, -1, -2, -5, -4, -5, -5, -5, -4, 0, -5, -5, -5, -3, -2, -4, -5]"
205,77.62,2,False,374,562,4,8,[],[],[],[],"[721, 1168, 1007, 497, 823]","[723, 636, 783, 697, 793]","[139, -176, -116, 139, -22]","[35, 98, 71, 126, -23]","[1526, 1289, 1578, 1223, 1458, 1343, 1512, 1023, 875, 598, 1099, 917, 674, 688, 982, 919, 709, 703, 1193, 1045, 530, 827]","[612, 167, 583, 19, 231, 49, 91, 332, 305, 718, 187, 86, 469, 507, 513, 514, 376, 714, 659, 776, 781, 846]","[5, 4, 5, -4, 3, 2, 2, 2, -4, -5, 0, 1, 0, -5, -5, -4, 3, -3, -5, -3, 0, -5]","[-1, -4, -2, -4, -4, -5, -5, -5, -3, 0, -5, -5, -5, -2, -2, -4, -5, -4, -1, -4, 5, -3]"
206,77.97,2,False,435,539,-5,-8,[],[],[],[],"[761, 1066, 937, 549, 797]","[723, 656, 793, 737, 766]","[119, -271, -179, 161, -61]","[15, 93, 31, 106, -63]","[1369, 1518, 1063, 795, 498, 1099, 674, 588, 882, 839, 769, 643, 1093, 985, 530, 727]","[87, 151, 232, 245, 718, 87, 369, 467, 473, 434, 276, 634, 639, 696, 881, 786]","[4, 3, 2, -4, -5, 0, 0, -5, -5, -4, 3, -3, -5, -3, 0, -5]","[-4, -4, -5, -3, 0, -5, -5, -2, -2, -4, -5, -4, -1, -4, 5, -3]"
207,78.3,2,False,331,461,-9,0,[],[],[],[],"[800, 933, 844, 609, 757]","[718, 676, 788, 763, 726]","[99, -342, -228, 179, -81]","[-5, 73, -9, 74, -91]","[1449, 1578, 1103, 715, 398, 674, 488, 782, 759, 820, 583, 993, 924, 640, 845, 969, 880, 650, 803]","[7, 62, 132, 185, 713, 269, 427, 433, 354, 176, 554, 619, 616, 726, 764, 713, 829, 803, 770]","[4, 3, 2, -4, -5, 0, -5, -5, -4, 2, -3, -5, -4, -4, -4, -4, -5, -3, -3]","[-4, -5, -5, -3, -1, -5, -2, -2, -4, -5, -4, -1, -4, -3, -3, -3, 0, -4, -5]"
208,78.63,2,False,378,578,7,6,[413],[619],[4],[4],"[820, 775, 737, 669, 716]","[698, 696, 768, 775, 675]","[60, -384, -257, 179, -101]","[-25, 53, -49, 34, -111]","[1143, 635, 298, 674, 388, 682, 679, 860, 523, 893, 844, 560, 765, 889, 780, 590, 743]","[32, 125, 693, 169, 387, 408, 292, 76, 474, 599, 536, 666, 704, 653, 829, 723, 679]","[2, -4, -5, 0, -5, -5, -4, 2, -3, -5, -4, -4, -4, -4, -5, -3, -3]","[-5, -3, -1, -5, -2, -1, -3, -5, -4, -1, -4, -3, -3, -3, 0, -4, -4]"
209,78.97,2,False,243,517,-8,-5,[493],[699],[4],[4],"[825, 615, 617, 729, 656]","[678, 699, 728, 772, 615]","[20, -394, -264, 170, -107]","[-45, 33, -78, -6, -120]","[545, 198, 672, 288, 582, 599, 463, 793, 764, 471, 685, 809, 680, 530, 683]","[65, 673, 69, 347, 388, 232, 394, 579, 456, 606, 644, 593, 829, 643, 599]","[-5, -5, -1, -5, -5, -4, -3, -5, -4, -5, -4, -4, -5, -3, -3]","[-3, -1, -5, -2, -1, -3, -4, -1, -4, -3, -3, -3, 0, -4, -4]"
210,79.3,2,False,212,496,0,0,[],[],[],[],"[825, 506, 789, 604]","[651, 688, 752, 600]","[2, -225, 172, -85]","[-43, -76, -24, -98]","[445, 98, 188, 482, 519, 388, 693, 684, 371, 605, 729, 580, 470, 623, 805, 537, 546, 748, 620]","[12, 653, 307, 368, 172, 314, 559, 376, 546, 584, 533, 829, 563, 519, 676, 690, 741, 806, 616]","[-5, -5, -5, -5, -4, -4, -5, -4, -5, -4, -4, -5, -3, -3, -5, -3, -5, -5, -5]","[-2, -1, -2, -1, -3, -4, -1, -4, -3, -3, -3, 0, -4, -4, -2, -4, -1, 0, -3]"
211,79.63,1,False,198,461,-7,6,[],[],[],[],"[825, 421, 849, 572]","[631, 648, 732, 600]","[2, -147, 176, -27]","[-4, -55, -6, -58]","[88, 382, 421, 308, 593, 604, 525, 649, 480, 410, 563, 705, 477, 446, 648, 520]","[267, 348, 112, 234, 539, 299, 524, 473, 829, 483, 439, 636, 610, 721, 806, 556]","[-5, -5, -5, -4, -5, -4, -4, -4, -5, -3, -3, -5, -3, -5, -5, -5]","[-2, -1, -3, -4, -1, -3, -3, -3, 0, -4, -4, -2, -4, -1, 0, -3]"
212,79.97,1,False,127,600,-3,9,[],[],[],[],"[825, 371, 909, 564, 620]","[630, 626, 727, 600, 744]","[2, -54, 174, 33, 2]","[36, -15, 14, -18, 1]","[282, 321, 228, 493, 524, 445, 558, 380, 350, 503, 605, 405, 346, 548, 420, 855, 413, 939, 594, 651]","[328, 68, 154, 519, 239, 464, 413, 814, 403, 359, 596, 530, 701, 806, 503, 663, 673, 760, 635, 776]","[-5, -5, -4, -5, -4, -4, -5, -5, -3, -3, -5, -4, -5, -5, -5, -5, -5, -5, -5, -4]","[-1, -2, -4, -1, -3, -3, -3, -1, -4, -4, -2, -4, -1, 0, -2, -2, 0, -2, 0, -3]"
213,80.3,1,False,32,600,-3,9,[],[],[],[],"[825, 361, 969, 579, 620]","[644, 619, 727, 600, 744]","[2, 46, 154, 93, 42]","[76, 25, 34, 22, 21]","[182, 221, 148, 393, 444, 365, 458, 280, 290, 432, 505, 325, 246, 448, 320, 755, 313, 839, 494, 571]","[308, 28, 89, 499, 179, 404, 360, 794, 323, 279, 556, 450, 681, 806, 463, 623, 673, 720, 635, 716]","[-5, -5, -4, -5, -4, -4, -5, -5, -3, -4, -5, -4, -5, -5, -5, -5, -5, -5, -5, -4]","[-1, -2, -3, -1, -3, -3, -2, -1, -4, -4, -2, -4, -1, 0, -2, -2, 0, -2, 0, -3]"
214,80.63,1,False,90,575,9,-3,[],[],[],[],"[825, 391, 1013, 617, 637]","[668, 627, 732, 607, 744]","[2, 146, 128, 145, 82]","[103, 65, 54, 62, 41]","[82, 68, 293, 364, 285, 358, 180, 218, 352, 405, 245, 146, 348, 220, 655, 213, 739, 394, 491]","[297, 29, 479, 119, 344, 320, 774, 243, 199, 516, 383, 661, 806, 423, 583, 673, 680, 635, 656]","[-5, -4, -5, -4, -4, -5, -5, -4, -4, -5, -4, -5, -5, -5, -5, -5, -5, -5, -4]","[0, -3, -1, -3, -3, -2, -1, -4, -4, -2, -3, -1, 0, -2, -2, 0, -2, 0, -3]"
215,80.97,1,False,268,518,8,-5,[],[],[],[],"[815, 456, 1044, 675, 669]","[708, 647, 752, 627, 745]","[-20, 208, 66, 163, 100]","[101, 83, 51, 80, 39]","[193, 269, 205, 258, 80, 138, 272, 305, 165, 46, 248, 120, 555, 113, 639, 294, 411, 805, 410, 1025, 634, 629]","[459, 59, 284, 280, 754, 163, 129, 476, 323, 641, 806, 383, 543, 673, 640, 635, 596, 723, 659, 767, 661, 780]","[-5, -5, -4, -5, -5, -4, -4, -5, -4, -5, -5, -5, -5, -5, -5, -5, -4, -5, -5, -5, -5, -5]","[-1, -3, -3, -2, -1, -4, -3, -2, -3, -1, 0, -2, -2, 0, -2, 0, -3, 0, -2, -2, 0, 0]"
216,81.3,1,False,408,399,7,-5,[],[],[],[],"[790, 536, 1044, 735, 705]","[729, 667, 752, 647, 745]","[-55, 240, -14, 152, 96]","[81, 67, 11, 80, 19]","[93, 169, 111, 158, 58, 192, 205, 85, 148, 20, 455, 13, 539, 194, 331, 705, 310, 925, 534, 529]","[439, 2, 224, 240, 83, 69, 436, 263, 792, 343, 503, 673, 600, 635, 536, 723, 619, 727, 661, 780]","[-5, -5, -5, -5, -4, -4, -5, -4, -5, -5, -5, -5, -5, -5, -4, -5, -5, -5, -5, -5]","[-1, -2, -3, -2, -4, -3, -2, -3, -1, -2, -2, 0, -2, 0, -3, 0, -2, -2, 0, 0]"
217,81.63,1,False,582,351,9,2,[],[],[],[],"[750, 627, 1013, 777, 725]","[749, 684, 737, 667, 744]","[-75, 255, -94, 132, 76]","[61, 47, -16, 64, -1]","[21, 58, 112, 105, 5, 48, 355, 439, 94, 251, 605, 210, 825, 434, 429, 795, 663, 1055, 823, 770]","[164, 200, 9, 396, 203, 772, 463, 560, 635, 476, 723, 579, 687, 661, 780, 791, 714, 782, 709, 790]","[-4, -5, -4, -5, -4, -5, -5, -5, -5, -4, -5, -5, -5, -5, -5, -2, 1, -5, -1, -4]","[-3, -2, -3, -2, -3, -1, -2, -2, 0, -3, 0, -2, -2, 0, 0, -5, -5, -2, -5, -3]"
218,81.97,1,False,673,483,8,-5,[676],[516],[1],[5],"[710, 727, 951, 817, 745]","[755, 684, 717, 681, 724]","[-95, 250, -159, 104, 56]","[23, 27, -36, 44, -21]","[5, 255, 339, 171, 505, 110, 725, 334, 329, 755, 683, 955, 803, 690]","[356, 423, 520, 416, 723, 539, 647, 661, 780, 691, 614, 742, 609, 730]","[-5, -5, -5, -4, -5, -5, -5, -5, -5, -2, 1, -5, -1, -4]","[-2, -2, -2, -3, 0, -2, -2, 0, 0, -5, -5, -2, -5, -3]"
219,82.3,1,False,790,340,6,-7,[696],[616],[1],[5],"[670, 807, 865, 839, 751]","[746, 684, 691, 681, 704]","[-100, 229, -212, 64, 36]","[-13, 7, -56, 24, -41]","[155, 239, 91, 405, 10, 625, 234, 229, 724, 703, 855, 783, 610]","[383, 480, 356, 723, 494, 607, 661, 780, 591, 514, 700, 509, 670]","[-5, -5, -4, -5, -5, -5, -5, -5, -1, 1, -5, -1, -4]","[-2, -2, -3, 0, -3, -2, 0, 0, -5, -5, -3, -5, -3]"
220,82.63,1,False,932,223,8,-4,[716],[716],[1],[5],"[630, 887, 765, 846, 751]","[726, 681, 651, 681, 684]","[-78, 211, -223, 46, 38]","[-11, 9, -54, 26, -39]","[55, 139, 11, 305, 525, 134, 129, 704, 723, 755, 763, 530, 730, 867, 849, 848, 808]","[343, 440, 279, 723, 567, 653, 780, 491, 414, 640, 409, 604, 728, 668, 661, 672, 674]","[-5, -5, -4, -5, -5, -5, -5, -1, 1, -5, -1, -4, 3, -2, -1, -3, 2]","[-2, -2, -4, 0, -2, -1, 0, -5, -5, -3, -5, -4, -5, -5, -5, -4, -5]"
221,82.97,1,False,1112,211,9,1,[736],[816],[1],[5],"[597, 962, 668, 846, 760]","[716, 681, 629, 681, 664]","[-35, 195, -196, 46, 58]","[9, 29, -15, 46, -19]","[39, 205, 425, 34, 29, 684, 743, 656, 743, 450, 790, 837, 829, 788, 848]","[400, 723, 527, 633, 769, 391, 314, 580, 309, 524, 628, 568, 561, 592, 574]","[-5, -5, -5, -5, -5, -1, 1, -4, -1, -4, 3, -1, -1, -3, 2]","[-2, 0, -2, -1, -1, -5, -5, -3, -5, -4, -5, -5, -5, -4, -5]"
222,83.3,1,False,1230,329,-2,9,[],[],[],[],"[586, 1022, 588, 846, 780]","[716, 681, 622, 698, 648]","[25, 168, -153, 46, 78]","[29, 49, 25, 66, 7]","[105, 325, 664, 764, 576, 735, 383, 850, 821, 809, 728, 888, 625, 1060, 627, 885, 817]","[719, 487, 291, 214, 520, 209, 444, 528, 468, 461, 497, 474, 747, 712, 653, 730, 678]","[-5, -5, -1, 2, -4, 0, -3, 3, 0, -1, -3, 2, 4, 3, 4, 4, 2]","[-1, -2, -5, -5, -3, -5, -4, -5, -5, -5, -5, -5, -4, -4, -4, -3, -5]"
223,83.63,1,False,1062,396,-7,6,[1139],[419],[-5],[1],"[598, 1071, 531, 846, 800]","[716, 701, 630, 718, 648]","[85, 128, -93, 46, 98]","[49, 69, 65, 86, 47]","[5, 225, 644, 804, 496, 735, 323, 910, 821, 798, 687, 928, 705, 1120, 707, 965, 874]","[699, 427, 191, 114, 460, 109, 364, 435, 368, 361, 397, 374, 667, 632, 573, 666, 578]","[-5, -5, -1, 2, -4, 0, -3, 3, 0, 0, -2, 2, 4, 3, 4, 4, 3]","[-1, -3, -5, -5, -3, -5, -4, -4, -5, -5, -5, -5, -4, -4, -4, -4, -5]"
224,83.97,1,False,1220,417,8,-5,[1039],[439],[-5],[1],"[633, 1105, 497, 846, 820]","[736, 721, 653, 745, 667]","[128, 84, -30, 46, 99]","[69, 89, 104, 106, 71]","[129, 641, 844, 416, 735, 266, 970, 821, 798, 647, 968, 785, 1180, 787, 1045, 934]","[367, 91, 14, 400, 9, 268, 355, 268, 261, 297, 274, 587, 552, 493, 586, 478]","[-4, 0, 2, -4, 0, -2, 3, 0, 0, -2, 2, 4, 3, 4, 4, 3]","[-3, -5, -5, -3, -5, -5, -4, -5, -5, -5, -5, -4, -4, -4, -4, -5]"
225,84.3,1,False,1321,271,2,-9,[939],[467],[-5],[2],"[673, 1115, 490, 846, 840]","[756, 741, 693, 778, 687]","[146, 2, 28, 24, 77]","[62, 87, 102, 87, 69]","[49, 336, 226, 1030, 835, 798, 612, 1014, 865, 1240, 867, 1125, 994, 733, 1208, 580, 936, 934]","[307, 330, 168, 275, 168, 161, 197, 174, 507, 472, 413, 506, 390, 749, 747, 686, 789, 715]","[-4, -4, -2, 3, 1, 0, -1, 3, 4, 3, 4, 4, 3, 3, 4, 5, 5, 5]","[-3, -4, -5, -4, -5, -5, -5, -5, -4, -4, -4, -4, -4, -4, -3, -2, -1, -1]"
226,84.63,1,False,1338,172,3,-9,[839],[507],[-5],[2],"[713, 1085, 500, 838, 853]","[762, 761, 715, 796, 706]","[140, -91, 68, -16, 37]","[22, 57, 82, 47, 49]","[260, 204, 1090, 872, 798, 592, 1074, 945, 1300, 947, 1205, 1054, 793, 1288, 680, 1036, 1034]","[250, 68, 195, 68, 61, 97, 81, 427, 392, 333, 426, 310, 669, 678, 646, 769, 695]","[-3, -1, 3, 2, 0, -1, 3, 4, 3, 4, 4, 3, 3, 4, 5, 5, 5]","[-4, -5, -4, -5, -5, -5, -4, -4, -4, -4, -4, -4, -4, -4, -2, -1, -1]"
227,84.99,1,True,1338,163,0,0,[739],[547],[-5],[2],"[753, 1021, 520, 815, 851]","[753, 764, 735, 796, 706]","[120, -171, 89, -56, -3]","[-18, 17, 62, 7, 29]","[200, 1150, 1134, 1025, 1360, 1027, 1285, 1114, 853, 1368, 780, 1136, 1134, 804, 1059, 573, 854, 889]","[170, 115, 1, 365, 312, 264, 346, 230, 589, 598, 606, 737, 675, 797, 794, 781, 827, 736]","[-3, 3, 3, 4, 3, 4, 4, 3, 3, 4, 5, 5, 5, 4, 3, 4, 4, 3]","[-4, -4, -4, -3, -4, -3, -4, -4, -4, -4, -2, -2, -1, -3, -5, -3, -4, -5]"
228,95.11,0,True,1281,246,-6,7,[684],[569],[-5],[2],"[775, 973, 532, 793, 840]","[742, 761, 746, 788, 706]","[109, -210, 100, -75, -25]","[-32, -5, 51, -15, 18]","[168, 1183, 1069, 1393, 1071, 1147, 886, 1412, 835, 1191, 1189, 848, 1092, 617, 898, 922]","[116, 71, 332, 268, 231, 186, 545, 554, 584, 715, 664, 764, 739, 748, 783, 681]","[-2, 3, 4, 3, 4, 3, 3, 4, 5, 5, 5, 4, 3, 4, 4, 3]","[-5, -4, -3, -4, -3, -4, -4, -4, -2, -2, -1, -3, -5, -3, -4, -5]"
229,95.29,10,False,881,318,9,2,[],[],[],[],[259],[822],[36],[-19],[],[],[],[]
230,95.56,10,False,1061,371,9,3,[],[],[],[],[281],[782],[116],[-59],[],[],[],[]
231,95.83,10,False,1142,397,0,0,[],[],[],[],"[333, 536]","[742, 656]","[186, 9]","[-95, -9]",[],[],[],[]
232,96.12,10,False,1062,441,-9,4,[],[],[],[],"[417, 542]","[702, 648]","[281, 67]","[-77, 23]",[],[],[],[]
233,96.41,10,False,882,501,-9,3,[],[],[],[],"[536, 572, 954]","[662, 655, 600]","[356, 127, -9]","[-57, 59, 18]",[],[],[],[]
234,96.71,10,False,963,497,9,-2,[],[],[],[],"[680, 625, 934]","[636, 675, 605]","[406, 179, -29]","[-23, 79, 58]",[],[],[],[]
235,97.0,10,False,1121,405,7,-6,[],[],[],[],"[840, 695, 914, 1046]","[625, 695, 625, 795]","[425, 219, -49, -18]","[17, 99, 98, -1]",[],[],[],[]
236,97.29,10,False,1046,528,-6,7,[1102],[566],[-4],[5],"[1000, 775, 875, 1022]","[629, 735, 665, 775]","[413, 241, -57, -58]","[57, 119, 131, -1]",[],[],[],[]
237,97.6,10,False,997,551,0,0,[1022],[666],[-4],[5],"[1140, 855, 835, 973, 651]","[649, 769, 705, 755, 822]","[330, 210, -95, -127, 0]","[59, 89, 113, -39, -19]",[],[],[],[]
238,97.91,10,False,871,547,0,0,[962],[766],[-3],[5],"[1241, 920, 777, 900, 651]","[660, 788, 738, 721, 797]","[221, 164, -128, -187, 0]","[41, 49, 93, -64, -59]",[],[],[],[]
239,98.21,10,False,790,544,0,0,[],[],[],[],"[1295, 717, 806, 651, 1280]","[660, 758, 681, 757, 692]","[101, -148, -227, 0, -54]","[21, 66, -84, -99, -9]",[],[],[],[]
240,98.51,10,False,748,488,0,-9,[],[],[],[],"[1298, 639, 706, 651, 1223]","[660, 766, 641, 697, 672]","[-31, -153, -249, 0, -174]","[1, 26, -100, -122, -29]",[],[],[],[]
241,98.81,10,False,848,369,9,0,[],[],[],[],"[1251, 567, 589, 651, 1121]","[641, 759, 601, 637, 652]","[-151, -143, -249, 0, -280]","[-10, -14, -100, -138, -49]",[],[],[],[]
242,99.11,10,False,1028,369,9,0,[],[],[],[],"[1162, 513, 493, 651, 988]","[636, 739, 600, 600, 632]","[-226, -85, -190, 38, -325]","[28, -5, -62, -100, -13]",[],[],[],[]
243,99.42,10,False,1103,408,-9,3,[],[],[],[],"[1050, 483, 424, 666, 848]","[646, 735, 600, 600, 626]","[-278, -12, -110, 78, -338]","[68, 15, -22, -60, 27]",[],[],[],[]
244,99.71,10,False,923,481,-9,3,[1006],[501],[-6],[3],"[923, 486, 388, 696, 708]","[666, 735, 600, 600, 635]","[-307, 68, -21, 118, -325]","[93, 35, 18, -20, 67]",[],[],[],[]
245,100.03,10,False,941,488,8,-4,[886],[561],[-6],[3],"[783, 519, 390, 736, 575]","[700, 741, 605, 600, 659]","[-309, 139, 79, 141, -283]","[113, 55, 58, 20, 103]",[],[],[],[]
246,100.33,10,False,1046,434,0,0,[],[],[],[],"[655, 576, 431, 465]","[740, 761, 625, 699]","[-282, 199, 167, -216]","[133, 65, 98, 123]",[],[],[],[]
247,100.63,10,False,1108,414,9,-1,[],[],[],[],"[535, 656, 496, 379, 495]","[780, 769, 658, 739, 822]","[-270, 208, 209, -169, 18]","[101, 27, 93, 105, -19]",[],[],[],[]
248,100.93,10,False,1082,481,-9,4,[],[],[],[],"[423, 736, 576, 313, 500]","[800, 762, 678, 764, 797]","[-236, 200, 231, -109, 58]","[61, -13, 73, 72, -59]",[],[],[],[]
249,101.23,10,False,902,549,-9,3,[982],[576],[-6],[2],"[330, 796, 656, 275, 520]","[805, 742, 698, 775, 757]","[-181, 180, 238, -35, 79]","[21, -45, 53, 32, -99]",[],[],[],[]
250,101.54,10,False,1014,495,7,-6,[862],[630],[-6],[3],"[261, 852, 736, 267, 540]","[795, 707, 701, 771, 697]","[-109, 142, 230, 45, 99]","[-19, -65, 33, -8, -122]",[],[],[],[]
251,101.85,10,False,1059,460,0,0,[742],[690],[-6],[3],"[225, 892, 816, 293, 580]","[770, 667, 701, 751, 637]","[-29, 102, 207, 125, 119]","[-59, -85, 13, -48, -138]",[],[],[],[]
252,102.16,10,False,1088,406,0,0,[622],[750],[-6],[3],"[227, 917, 896, 355, 630]","[730, 627, 701, 731, 600]","[89, 85, 205, 227, 168]","[-51, -56, 31, -31, -100]",[],[],[],[]
253,102.48,10,False,987,468,-7,6,[502],[802],[-6],[2],"[278, 937, 963, 456, 695]","[710, 605, 703, 711, 600]","[209, 65, 187, 317, 208]","[-31, -16, 51, -11, -60]",[],[],[],[]
254,102.78,10,False,819,520,-9,0,[391],[842],[-5],[2],"[376, 952, 1023, 588, 775]","[690, 600, 723, 701, 600]","[315, 45, 160, 385, 230]","[-11, 24, 71, 9, -20]",[],[],[],[]
255,103.09,10,False,639,482,-9,-2,[291],[882],[-5],[2],"[509, 952, 1068, 742, 855]","[680, 608, 743, 701, 600]","[399, 25, 120, 422, 237]","[9, 64, 91, 29, 20]",[],[],[],[]
256,103.39,10,False,486,479,0,0,[],[],[],[],"[670, 952, 1098, 902, 935]","[680, 631, 763, 701, 606]","[451, 5, 80, 430, 229]","[29, 104, 99, 49, 60]",[],[],[],[]
257,103.73,10,False,396,521,6,7,[],[],[],[],"[837, 933, 1102, 1052, 1005]","[680, 667, 783, 702, 626]","[433, -53, -15, 365, 170]","[11, 96, 61, 31, 62]","[628, 892, 1073, 858, 890]","[696, 670, 757, 699, 593]","[-5, -5, -4, -5, -5]","[-1, 0, -3, -2, -3]"
258,104.06,10,False,505,474,-2,-9,[569],[595],[5],[1],"[990, 888, 1070, 1169, 1047]","[671, 687, 788, 702, 646]","[381, -109, -97, 273, 90]","[-9, 76, 21, 11, 62]","[528, 792, 993, 758, 790]","[676, 670, 697, 659, 533]","[-5, -5, -4, -5, -5]","[-1, 0, -3, -2, -3]"
259,104.4,10,False,458,303,3,-9,[669],[615],[5],[1],"[1118, 828, 1003, 1246, 1057]","[651, 707, 778, 693, 663]","[301, -149, -177, 160, 10]","[-29, 56, -19, -9, 47]","[428, 692, 913, 658, 690, 1065, 851, 1060, 1218, 1047]","[656, 670, 637, 619, 473, 690, 716, 785, 725, 693]","[-5, -5, -4, -5, -5, -5, -5, -2, -5, -5]","[-1, 0, -3, -2, -3, -1, -3, -5, -2, 0]"
260,104.73,10,False,593,180,8,-4,[769],[635],[5],[1],"[1208, 748, 910, 1275, 1034]","[631, 713, 753, 673, 663]","[200, -176, -238, 40, -70]","[-30, 36, -59, -29, 27]","[328, 592, 833, 558, 590, 965, 756, 1020, 1118, 947]","[636, 670, 577, 579, 413, 664, 656, 685, 685, 693]","[-5, -5, -4, -5, -5, -5, -4, -2, -5, -5]","[-1, 0, -3, -2, -3, -2, -3, -5, -2, 0]"
261,105.06,10,False,772,157,9,1,[869],[655],[5],[1],"[1252, 668, 795, 1256, 981]","[611, 713, 713, 653, 663]","[80, -188, -280, -80, -144]","[-30, 16, -81, -49, 7]","[228, 492, 753, 458, 490, 865, 676, 980, 1018, 847]","[612, 663, 517, 539, 353, 624, 596, 585, 645, 693]","[-5, -5, -4, -5, -5, -5, -4, -2, -5, -5]","[-2, -1, -3, -2, -3, -2, -3, -5, -2, 0]"
262,105.4,10,False,905,217,8,4,[],[],[],[],"[1258, 590, 675, 1197]","[600, 713, 673, 633]","[-2, -147, -258, -162]","[8, 34, -63, -14]","[128, 392, 673, 358, 390, 765, 596, 940, 918, 747, 1208, 752, 846, 1242, 972]","[572, 643, 457, 499, 293, 584, 536, 485, 605, 693, 620, 668, 658, 603, 603]","[-5, -5, -4, -5, -5, -5, -4, -2, -5, -5, -5, 3, 1, -3, -2]","[-2, -1, -3, -2, -3, -2, -3, -5, -2, 0, -2, -5, -5, -5, -5]"
263,105.73,10,False,1084,279,9,3,[],[],[],[],"[1230, 535, 572, 1109]","[600, 718, 641, 627]","[-82, -87, -213, -222]","[48, 54, -35, 26]","[28, 292, 593, 258, 309, 665, 516, 900, 818, 647, 1108, 812, 866, 1182, 932]","[525, 618, 396, 448, 233, 544, 473, 385, 565, 693, 560, 569, 558, 503, 503]","[-5, -5, -4, -5, -4, -5, -4, -2, -5, -5, -5, 3, 1, -3, -2]","[-3, -2, -4, -3, -3, -2, -4, -5, -2, 0, -3, -4, -5, -5, -5]"
264,106.06,10,False,1190,307,8,5,[],[],[],[],"[1172, 503, 489, 1002, 1355]","[620, 738, 624, 636, 795]","[-154, -27, -150, -264, -45]","[88, 74, 5, 66, -1]","[192, 513, 167, 229, 565, 436, 860, 718, 547, 1008, 872, 886, 1122, 892, 1251, 603, 598, 1126, 1412]","[578, 316, 388, 173, 496, 393, 285, 525, 676, 500, 489, 458, 403, 403, 611, 759, 644, 633, 834]","[-5, -4, -4, -4, -5, -4, -2, -5, -5, -5, 3, 1, -3, -2, 1, 5, 4, 4, 0]","[-2, -4, -3, -3, -3, -4, -5, -2, -1, -3, -4, -5, -5, -5, -5, -2, -3, -4, -5]"
265,106.4,10,False,1190,467,-8,5,[1234],[518],[-4],[3],"[1087, 497, 437, 882, 1307]","[655, 758, 624, 658, 775]","[-212, 50, -70, -282, -145]","[126, 87, 45, 101, -1]","[103, 433, 87, 149, 477, 372, 820, 618, 447, 908, 932, 906, 1062, 852, 1271, 703, 680, 1194, 1412]","[521, 236, 328, 113, 436, 313, 185, 485, 656, 440, 409, 358, 303, 303, 511, 719, 584, 553, 734]","[-4, -4, -4, -4, -4, -3, -2, -5, -5, -5, 3, 1, -3, -2, 1, 5, 5, 3, 0]","[-3, -4, -3, -3, -3, -4, -5, -2, -1, -3, -4, -5, -5, -5, -5, -2, -3, -4, -5]"
266,106.73,9,False,1123,382,1,-9,[1154],[578],[-4],[3],"[987, 522, 416, 762, 1221]","[695, 778, 642, 698, 755]","[-250, 114, 10, -276, -227]","[146, 87, 85, 121, -1]","[30, 353, 7, 69, 397, 312, 780, 518, 347, 808, 992, 926, 1002, 812, 1291, 803, 780, 1412]","[446, 156, 262, 41, 376, 230, 85, 445, 636, 380, 329, 258, 203, 203, 411, 679, 524, 634]","[-3, -4, -4, -4, -4, -3, -2, -5, -5, -5, 3, 1, -3, -2, 1, 5, 5, 0]","[-4, -4, -4, -4, -3, -5, -5, -2, -1, -3, -4, -5, -5, -5, -5, -2, -3, -5]"
267,107.06,9,False,1167,202,3,-9,[1074],[638],[-4],[3],"[865, 562, 418, 642, 1099]","[735, 797, 662, 738, 735]","[-303, 136, 52, -285, -330]","[128, 49, 76, 103, -24]","[291, 317, 266, 418, 247, 716, 1052, 949, 942, 783, 1311, 903, 880, 1412, 1038, 668, 527, 889, 1233]","[76, 304, 130, 392, 610, 320, 249, 158, 103, 103, 311, 639, 464, 534, 648, 789, 603, 708, 699]","[-3, -4, -2, -5, -5, -4, 3, 2, -3, -1, 1, 5, 5, 0, 1, 5, 4, 5, -1]","[-4, -4, -5, -3, -2, -3, -4, -5, -5, -5, -5, -2, -3, -5, -5, -2, -4, -2, -5]"
268,107.4,9,False,1157,354,-2,9,[994],[698],[-4],[3],"[725, 609, 438, 522, 943]","[773, 797, 682, 761, 715]","[-333, 154, 92, -272, -403]","[96, 9, 56, 73, -44]","[255, 239, 322, 147, 636, 1112, 989, 882, 763, 1331, 1003, 980, 1412, 1058, 768, 607, 989, 1213]","[223, 30, 332, 570, 260, 169, 58, 3, 3, 211, 599, 404, 434, 548, 749, 523, 668, 599]","[-3, -1, -4, -5, -4, 3, 2, -3, -1, 1, 5, 5, 0, 1, 5, 4, 5, -1]","[-5, -5, -3, -2, -3, -4, -5, -5, -5, -5, -2, -3, -5, -5, -2, -4, -2, -5]"
269,107.73,9,False,1191,278,5,-8,[914],[758],[-4],[3],"[585, 669, 475, 410, 763]","[793, 781, 688, 772, 681]","[-335, 154, 132, -236, -444]","[56, -31, 36, 33, -64]","[213, 242, 51, 556, 1172, 1334, 1103, 1080, 1406, 1078, 868, 687, 1089, 1193, 717, 734, 521, 530, 885]","[123, 272, 519, 200, 89, 111, 559, 344, 334, 448, 709, 457, 628, 499, 789, 806, 687, 780, 693]","[-1, -4, -4, -4, 3, 0, 5, 5, -1, 1, 5, 4, 5, -1, 4, 5, 3, 5, 1]","[-5, -3, -3, -3, -4, -5, -2, -3, -5, -5, -2, -3, -2, -5, -4, -3, -4, -3, -5]"
270,108.06,9,False,1190,199,-9,-2,[834],[818],[-4],[3],"[445, 724, 527, 318, 572]","[796, 750, 688, 768, 641]","[-308, 145, 164, -178, -448]","[16, -71, 16, -7, -80]","[205, 162, 476, 1249, 1334, 1203, 1180, 1386, 1101, 968, 767, 1189, 1173, 797, 834, 581, 630, 905]","[23, 212, 140, 9, 11, 519, 284, 234, 348, 669, 397, 588, 399, 709, 746, 607, 720, 593]","[0, -4, -4, 4, 0, 5, 5, -1, 2, 5, 4, 5, -1, 4, 5, 3, 5, 1]","[-5, -3, -3, -4, -5, -2, -3, -5, -5, -2, -3, -2, -5, -4, -3, -4, -3, -5]"
271,108.4,9,False,1010,188,-9,-2,[754],[878],[-4],[3],"[322, 764, 587, 250, 392]","[784, 710, 684, 748, 601]","[-255, 125, 184, -103, -416]","[-24, -91, -4, -45, -80]","[82, 396, 1303, 1280, 1366, 1136, 1068, 847, 1289, 1153, 877, 929, 641, 730, 925]","[139, 80, 479, 224, 134, 248, 629, 337, 548, 299, 629, 686, 527, 660, 493]","[-4, -4, 5, 5, -1, 1, 5, 4, 5, -1, 4, 4, 3, 5, 1]","[-4, -3, -2, -3, -5, -5, -2, -3, -2, -5, -4, -3, -4, -3, -5]"
272,108.73,9,False,830,178,-9,0,[],[],[],[],"[233, 804, 661, 224, 236]","[764, 670, 679, 728, 600]","[-142, 142, 227, 15, -310]","[-26, -73, 14, -27, -42]","[9, 316, 1403, 1376, 1346, 1156, 1168, 927, 1389, 1133, 957, 1009, 701, 830, 945, 428, 817, 713, 369, 510]","[59, 5, 419, 164, 34, 148, 584, 277, 504, 199, 549, 626, 447, 600, 393, 747, 660, 669, 736, 622]","[-3, -4, 5, 4, -1, 1, 5, 4, 5, -1, 4, 4, 3, 5, 1, 4, 0, 4, 4, 5]","[-4, -4, -3, -3, -5, -5, -3, -3, -3, -5, -4, -3, -4, -3, -5, -4, -5, -3, -3, -1]"
273,109.06,9,False,650,209,-9,4,[],[],[],[],"[192, 844, 749, 245, 130]","[744, 634, 679, 708, 600]","[-16, 142, 257, 135, -176]","[-20, -43, 34, -7, -2]","[1486, 1456, 1176, 1263, 1007, 1483, 1113, 1037, 1089, 761, 927, 965, 508, 817, 793, 449, 610]","[359, 104, 48, 524, 217, 444, 99, 469, 566, 367, 540, 293, 667, 560, 609, 676, 587]","[4, 4, 1, 4, 4, 4, -1, 4, 4, 3, 4, 1, 4, 0, 4, 4, 5]","[-3, -3, -5, -3, -3, -3, -5, -4, -3, -4, -3, -5, -4, -5, -3, -3, -2]"
274,109.4,9,False,508,333,-8,5,[],[],[],[],"[205, 884, 849, 314, 81]","[725, 614, 684, 702, 600]","[122, 142, 268, 252, -25]","[0, -3, 54, 13, 38]","[1566, 1536, 1343, 1087, 1563, 1117, 1169, 821, 1007, 985, 588, 817, 873, 529, 710, 242, 897, 836, 352, 164]","[299, 44, 464, 155, 384, 389, 506, 287, 480, 193, 587, 460, 549, 616, 547, 736, 624, 669, 701, 599]","[4, 4, 4, 4, 4, 4, 4, 3, 4, 1, 4, 0, 4, 4, 5, 0, -2, -1, 4, 4]","[-3, -3, -3, -4, -3, -4, -3, -4, -3, -5, -4, -5, -3, -3, -2, -5, -5, -5, -4, -4]"
275,109.73,9,False,346,355,0,0,[],[],[],[],"[269, 924, 949, 425, 94]","[725, 613, 704, 702, 615]","[242, 131, 259, 348, 135]","[20, 37, 74, 33, 78]","[1423, 1167, 1180, 1249, 881, 1087, 987, 668, 817, 953, 609, 810, 242, 857, 816, 432, 244]","[399, 75, 309, 446, 207, 420, 93, 507, 360, 471, 556, 507, 636, 524, 569, 621, 519]","[4, 4, 3, 4, 3, 4, 0, 4, 0, 4, 4, 5, 0, -2, -1, 4, 4]","[-4, -4, -4, -3, -4, -3, -5, -4, -5, -4, -3, -2, -5, -5, -5, -4, -4]"
276,110.06,9,False,439,361,1,-9,[471],[424],[5],[1],"[378, 964, 1038, 572, 170]","[725, 627, 724, 706, 645]","[349, 111, 230, 419, 278]","[40, 77, 94, 53, 118]","[1496, 1240, 1329, 941, 1167, 748, 817, 1033, 689, 910, 242, 811, 796, 512, 324]","[319, 229, 374, 127, 360, 427, 260, 391, 496, 467, 536, 424, 469, 541, 439]","[3, 3, 4, 3, 4, 4, 0, 4, 4, 5, 0, -3, -1, 4, 4]","[-4, -4, -4, -4, -3, -4, -5, -4, -3, -2, -5, -5, -5, -4, -4]"
277,110.4,9,False,385,186,-5,-8,[571],[444],[5],[1],"[518, 988, 1106, 732, 292]","[725, 647, 744, 711, 685]","[393, 53, 151, 422, 366]","[22, 79, 76, 35, 103]","[1556, 1300, 1409, 1001, 1247, 814, 817, 1113, 769, 1010, 255, 751, 771, 583, 404, 389, 958, 993, 627, 225]","[233, 149, 294, 47, 300, 347, 160, 311, 436, 427, 436, 324, 369, 461, 359, 665, 600, 749, 652, 599]","[3, 3, 4, 3, 4, 3, 0, 4, 4, 5, 1, -3, -2, 3, 4, -2, -3, -5, 0, 0]","[-5, -4, -4, -4, -3, -4, -5, -4, -3, -2, -5, -5, -5, -4, -4, -5, -4, -1, -5, -5]"
278,110.73,9,False,223,119,-9,1,[671],[476],[5],[2],"[672, 986, 1136, 887, 442]","[725, 667, 760, 711, 708]","[405, -7, 51, 391, 423]","[2, 63, 43, 15, 83]","[1591, 1360, 1475, 1327, 874, 810, 1177, 849, 1110, 275, 691, 731, 643, 484, 359, 898, 893, 627, 225]","[133, 64, 214, 237, 267, 60, 231, 358, 387, 336, 224, 269, 381, 279, 565, 520, 729, 552, 499]","[1, 3, 3, 4, 3, -1, 3, 4, 5, 1, -3, -2, 3, 4, -1, -3, -5, 0, 0]","[-5, -5, -4, -4, -4, -5, -4, -4, -2, -5, -5, -5, -4, -4, -5, -4, -1, -5, -5]"
279,111.06,9,False,75,218,-5,8,[771],[516],[5],[2],"[821, 960, 1126, 1021, 604]","[707, 680, 760, 706, 728]","[387, -67, -49, 330, 451]","[-18, 43, 3, -5, 63]","[1597, 1535, 1407, 934, 1237, 924, 1210, 294, 631, 691, 703, 564, 336, 838, 793, 627, 225, 769, 987, 1133, 970, 550]","[33, 130, 157, 187, 151, 278, 347, 236, 135, 169, 301, 199, 465, 440, 709, 452, 399, 728, 692, 768, 719, 723]","[0, 3, 4, 3, 3, 3, 5, 0, -3, -2, 3, 4, -2, -3, -5, 0, 0, -4, -4, -4, -4, -3]","[-5, -5, -4, -4, -4, -4, -2, -5, -4, -5, -4, -4, -5, -4, -1, -5, -5, -3, -4, -3, -3, -4]"
280,111.4,9,False,62,397,3,9,[871],[557],[5],[3],"[957, 911, 1076, 1127, 776]","[687, 680, 741, 686, 741]","[339, -127, -141, 245, 442]","[-38, 23, -28, -25, 43]","[1580, 1474, 994, 1293, 984, 1309, 294, 571, 636, 760, 630, 296, 773, 693, 627, 225, 689, 907, 1053, 890, 490]","[30, 77, 97, 55, 198, 287, 136, 55, 75, 204, 119, 365, 360, 689, 352, 299, 668, 612, 708, 659, 643]","[2, 3, 3, 2, 3, 4, 0, -3, -3, 2, 3, -2, -4, -5, 0, 0, -4, -4, -4, -4, -3]","[-5, -4, -5, -5, -4, -3, -5, -4, -4, -5, -4, -5, -4, -1, -5, -5, -3, -4, -3, -3, -4]"
281,111.73,9,False,145,478,0,0,[970],[617],[4],[3],"[1068, 840, 992, 1195, 936]","[659, 680, 721, 666, 741]","[267, -171, -220, 145, 402]","[-58, 3, -48, -45, 23]","[1044, 1389, 294, 800, 690, 256, 693, 593, 627, 225, 609, 827, 973, 810, 430]","[109, 227, 36, 104, 39, 265, 280, 669, 252, 199, 608, 532, 648, 599, 563]","[3, 4, 0, 2, 3, -2, -4, -5, 0, 0, -4, -4, -4, -4, -3]","[-5, -3, -5, -5, -4, -5, -4, -1, -5, -5, -3, -4, -3, -3, -4]"
282,112.06,9,False,107,456,-5,8,[1050],[677],[4],[3],"[1155, 760, 892, 1226, 1076]","[632, 680, 701, 646, 741]","[212, -163, -241, 66, 370]","[-25, 21, -30, -23, 41]","[1087, 1469, 840, 216, 613, 493, 626, 225, 529, 747, 890, 730, 370, 1028, 772, 928, 1151, 909]","[9, 167, 4, 165, 200, 649, 152, 99, 548, 452, 588, 539, 483, 700, 675, 760, 711, 719]","[2, 4, 2, -2, -4, -5, -1, 0, -4, -4, -5, -4, -3, -5, -5, -5, -5, -4]","[-5, -3, -5, -5, -4, -1, -5, -5, -3, -4, -3, -3, -4, 0, -2, 0, 0, -3]"
283,112.4,9,False,106,600,2,9,[1130],[737],[4],[3],"[1218, 688, 792, 1226, 1204]","[620, 680, 681, 635, 753]","[146, -139, -240, -14, 314]","[15, 41, -10, 17, 59]","[1547, 176, 533, 393, 606, 449, 667, 790, 636, 310, 928, 672, 828, 1051, 829]","[88, 65, 129, 629, 52, 488, 386, 528, 479, 403, 700, 635, 760, 711, 659]","[3, -2, -4, -5, -1, -4, -4, -5, -5, -3, -5, -5, -5, -5, -4]","[-4, -5, -3, -1, -5, -3, -3, -3, -3, -4, 0, -2, 0, 0, -3]"
284,112.73,9,False,138,600,3,9,[1210],[797],[4],[3],"[1249, 629, 692, 1195, 1303]","[623, 692, 672, 639, 773]","[66, -99, -219, -92, 234]","[55, 61, 10, 57, 59]","[453, 293, 369, 587, 690, 536, 250, 828, 572, 728, 951, 744, 1231, 651, 722, 1201, 1263]","[69, 609, 428, 326, 468, 419, 323, 700, 595, 760, 711, 599, 655, 710, 680, 652, 806]","[-4, -5, -4, -4, -5, -5, -3, -5, -5, -5, -5, -5, -5, -5, -5, -5, -5]","[-3, -1, -3, -3, -3, -3, -4, 0, -2, 0, 0, -3, 0, -2, -3, -2, 0]"
285,113.06,8,False,253,600,5,8,"[1299, 289]","[857, 669]","[5, 4]","[3, 3]","[1249, 589, 603, 1136, 1365]","[643, 712, 672, 659, 793]","[-14, -54, -179, -152, 134]","[95, 81, 30, 89, 59]","[373, 289, 507, 590, 436, 173, 728, 472, 628, 851, 644, 1131, 551, 622, 1101, 1163]","[9, 368, 266, 408, 359, 243, 700, 555, 760, 711, 539, 655, 670, 620, 622, 806]","[-4, -4, -4, -5, -5, -4, -5, -5, -5, -5, -5, -5, -5, -5, -5, -5]","[-3, -3, -3, -3, -3, -4, 0, -2, 0, 0, -3, 0, -2, -3, -1, 0]"
286,113.4,8,False,91,600,-8,5,[383],[729],[5],[3],"[1218, 571, 534, 1055, 1387]","[681, 734, 673, 689, 805]","[-94, 6, -120, -201, 34]","[120, 101, 50, 109, 59]","[209, 427, 490, 336, 93, 628, 372, 528, 751, 544, 1031, 451, 522, 1001, 1063]","[308, 206, 354, 303, 163, 700, 515, 760, 711, 479, 655, 630, 577, 602, 806]","[-4, -4, -5, -5, -4, -5, -5, -5, -5, -5, -5, -5, -5, -5, -5]","[-3, -3, -2, -2, -4, 0, -2, 0, 0, -3, 0, -2, -2, -1, 0]"
287,113.73,8,False,1,600,-1,9,[483],[774],[5],[2],"[1149, 571, 480, 948, 1363]","[721, 757, 675, 720, 810]","[-199, 28, -90, -270, -104]","[102, 77, 32, 91, 21]","[127, 345, 390, 236, 13, 528, 272, 428, 651, 444, 931, 351, 422, 901, 963, 1166, 511, 477, 995, 1327]","[248, 146, 314, 263, 83, 700, 475, 760, 711, 426, 655, 590, 537, 582, 806, 733, 811, 662, 719, 823]","[-5, -5, -5, -5, -4, -5, -5, -5, -5, -5, -5, -5, -5, -5, -5, -5, -5, -5, -5, -5]","[-3, -3, -2, -2, -4, 0, -2, 0, 0, -2, 0, -2, -2, -1, 0, 0, 2, -3, -1, -1]"
288,114.06,8,False,1,600,1,9,[],[],[],[],"[1039, 441, 819, 1282]","[743, 675, 740, 800]","[-289, -50, -318, -241]","[82, 12, 71, -19]","[27, 245, 290, 136, 428, 172, 328, 551, 344, 831, 251, 322, 801, 863, 1066, 411, 377, 895, 1227]","[188, 86, 274, 223, 700, 435, 760, 711, 386, 655, 562, 497, 562, 806, 733, 841, 613, 699, 803]","[-5, -5, -5, -5, -5, -5, -5, -5, -5, -5, -5, -5, -5, -5, -5, -5, -5, -5, -5]","[-3, -3, -2, -2, 0, -2, 0, 0, -2, 0, -1, -2, -1, 0, 0, 1, -2, -1, -1]"
289,114.4,7,False,143,539,5,-8,[],[],[],[],"[899, 421, 679, 1151, 576]","[763, 667, 756, 775, 800]","[-355, -10, -338, -355, 9]","[50, -8, 42, -59, -18]","[145, 190, 36, 328, 72, 228, 451, 244, 731, 222, 701, 763, 966, 311, 277, 795, 1127, 952, 419, 739, 1203, 566]","[39, 234, 183, 700, 395, 760, 711, 346, 655, 457, 542, 806, 733, 861, 573, 679, 783, 795, 710, 765, 828, 851]","[-5, -5, -5, -5, -5, -5, -5, -5, -5, -5, -5, -5, -5, -5, -5, -5, -5, -5, -5, -4, -5, -5]","[-2, -2, -2, 0, -2, 0, 0, -2, 0, -2, -1, 0, 0, 1, -2, -1, -1, 0, 0, -3, 0, 0]"
290,114.73,7,False,280,420,8,-4,[],[],[],[],"[739, 417, 539, 980, 576]","[763, 647, 756, 735, 776]","[-388, 30, -330, -440, 29]","[10, -25, 2, -92, -58]","[90, 228, 128, 351, 144, 631, 122, 601, 663, 866, 211, 177, 695, 1027, 852, 319, 659, 1103, 466]","[194, 700, 760, 711, 306, 655, 417, 522, 806, 733, 881, 533, 659, 763, 795, 708, 705, 828, 851]","[-5, -5, -5, -5, -5, -5, -5, -5, -5, -5, -5, -5, -5, -5, -5, -5, -4, -5, -5]","[-2, 0, 0, 0, -2, 0, -2, -1, 0, 0, 1, -2, -1, -1, 0, -1, -3, 0, 0]"
291,115.06,7,False,447,346,9,-3,[],[],[],[],"[579, 428, 402, 783, 576]","[748, 627, 737, 683, 736]","[-391, 70, -296, -488, 49]","[-28, -25, -25, -112, -91]","[128, 28, 251, 44, 531, 22, 501, 563, 766, 111, 77, 595, 927, 752, 219, 579, 1003, 366]","[700, 744, 711, 266, 655, 377, 502, 806, 733, 893, 489, 639, 743, 795, 688, 645, 828, 851]","[-5, -5, -5, -5, -5, -5, -5, -5, -5, -5, -5, -5, -5, -5, -5, -4, -5, -5]","[0, -1, 0, -2, 0, -2, -1, 0, 0, 0, -3, -1, -1, 0, -1, -3, 0, 0]"
292,115.4,7,False,627,341,9,1,[],[],[],[],"[426, 461, 294, 583, 599]","[728, 614, 717, 631, 696]","[-323, 148, -198, -458, 107]","[-10, 13, -7, -85, -73]","[28, 151, 431, 401, 463, 666, 11, 495, 827, 652, 119, 499, 903, 266, 564, 536, 430, 711, 572]","[700, 711, 655, 482, 806, 733, 893, 619, 723, 795, 668, 585, 828, 851, 690, 598, 680, 682, 683]","[-5, -5, -5, -5, -5, -5, -5, -5, -5, -5, -5, -4, -5, -5, -2, 3, 0, -5, -2]","[0, 0, 0, -1, 0, 0, 0, -1, -1, 0, -1, -3, 0, 0, -5, -4, -5, -2, -5]"
293,115.73,7,False,692,421,-8,5,[],[],[],[],"[306, 529, 231, 405, 639]","[719, 616, 711, 600, 656]","[-227, 221, -78, -387, 148]","[10, 53, 13, -45, -53]","[51, 331, 301, 363, 566, 395, 727, 552, 19, 419, 803, 166, 540, 596, 430, 611, 532]","[711, 655, 462, 806, 733, 599, 703, 795, 648, 525, 828, 851, 590, 518, 580, 637, 583]","[-5, -5, -5, -5, -5, -5, -5, -5, -5, -4, -5, -5, -1, 3, 0, -5, -2]","[0, 0, -1, 0, 0, -1, -1, 0, -1, -3, 0, 0, -5, -4, -5, -3, -5]"
294,116.06,7,False,725,433,9,-4,[654],[536],[-4],[3],"[229, 620, 215, 262, 699]","[719, 636, 711, 600, 634]","[-109, 278, 42, -282, 188]","[30, 93, 33, -5, -17]","[231, 201, 263, 466, 295, 627, 452, 339, 703, 66, 520, 656, 430, 511, 492, 316, 594, 268, 399, 737]","[655, 442, 806, 733, 579, 683, 795, 465, 828, 842, 490, 438, 480, 577, 483, 718, 624, 701, 631, 641]","[-5, -5, -5, -5, -5, -5, -5, -4, -5, -5, -1, 3, 0, -5, -2, 3, -3, 2, 5, 2]","[0, -1, 0, 0, -1, -1, 0, -3, 0, -1, -5, -4, -5, -3, -5, -4, -5, -5, -1, -5]"
295,116.4,7,False,905,367,9,-2,[574],[606],[-4],[4],"[201, 730, 248, 164, 769]","[720, 673, 715, 600, 626]","[11, 314, 162, -154, 209]","[50, 122, 53, 35, 23]","[131, 101, 163, 366, 195, 527, 352, 259, 603, 500, 716, 430, 425, 452, 376, 548, 312, 499, 777]","[651, 422, 806, 733, 559, 663, 795, 405, 828, 390, 358, 380, 517, 383, 638, 524, 601, 611, 541]","[-5, -5, -5, -5, -5, -5, -5, -4, -5, -1, 3, 0, -4, -2, 3, -2, 3, 5, 2]","[-1, -1, 0, 0, -1, -1, 0, -3, 0, -5, -4, -5, -3, -5, -4, -5, -5, -1, -5]"
296,116.73,7,False,1085,344,9,-1,[494],[686],[-4],[4],"[221, 850, 328, 123, 849]","[740, 713, 735, 613, 633]","[131, 326, 277, -14, 217]","[70, 142, 73, 75, 63]","[31, 1, 63, 266, 95, 427, 252, 179, 503, 480, 795, 430, 345, 418, 436, 508, 372, 599, 817]","[631, 401, 802, 733, 539, 643, 795, 329, 809, 290, 278, 280, 457, 283, 558, 424, 501, 591, 441]","[-5, -5, -5, -5, -5, -5, -5, -4, -5, -1, 4, 0, -4, -1, 3, -2, 3, 5, 2]","[-1, -2, -1, 0, -1, -1, 0, -4, -1, -5, -4, -5, -3, -5, -4, -5, -5, -1, -5]"
297,117.06,7,False,1265,339,9,1,[],[],[],[],"[281, 962, 129, 918]","[756, 753, 633, 653]","[213, 277, 88, 174]","[43, 123, 77, 63]","[166, 327, 152, 105, 403, 463, 875, 442, 271, 398, 496, 478, 432, 699, 857, 367, 944, 455, 265, 975]","[733, 623, 791, 249, 789, 190, 215, 180, 378, 183, 478, 324, 418, 571, 341, 789, 666, 702, 626, 601]","[-5, -5, -5, -3, -5, 0, 4, 1, -3, -1, 3, -1, 3, 5, 2, 5, 2, 4, 5, 4]","[0, -1, -1, -4, -1, -5, -3, -5, -4, -5, -4, -5, -4, -1, -5, 0, -5, -4, -2, -4]"
298,117.4,7,False,1443,387,8,5,[],[],[],[],"[371, 1050, 175, 966]","[756, 784, 653, 666]","[278, 205, 188, 114]","[3, 83, 75, 43]","[66, 227, 52, 45, 303, 463, 967, 462, 220, 398, 573, 466, 492, 799, 904, 467, 984, 535, 365, 1055]","[717, 593, 771, 166, 769, 90, 161, 80, 285, 83, 398, 224, 338, 551, 241, 789, 566, 636, 586, 521]","[-5, -5, -5, -3, -5, 0, 5, 1, -2, 0, 4, 0, 3, 5, 3, 5, 2, 4, 5, 4]","[-1, -2, -1, -5, -1, -5, -2, -5, -5, -5, -4, -5, -4, -1, -5, 0, -5, -3, -2, -4]"
299,117.73,7,False,1384,507,-9,2,[1427],[551],[-5],[1],"[484, 1104, 260, 990, 1071]","[737, 800, 673, 666, 795]","[324, 124, 275, 54, -36]","[-24, 43, 55, 23, -19]","[127, 2, 203, 1067, 210, 653, 466, 563, 899, 964, 567, 1027, 615, 465, 1135, 521, 1149, 308, 1062, 1173]","[553, 66, 749, 124, 185, 323, 124, 258, 531, 158, 783, 466, 576, 546, 441, 776, 795, 707, 701, 861]","[-5, -2, -5, 5, 0, 4, 0, 4, 5, 3, 5, 3, 4, 5, 4, 5, 2, 5, 5, 5]","[-2, -5, -1, -1, -5, -3, -5, -4, -1, -4, -1, -5, -3, -2, -4, -1, -5, 0, 0, -2]"
300,118.06,7,False,1294,532,0,0,[1327],[584],[-5],[2],"[604, 1122, 374, 989, 1030]","[717, 800, 678, 666, 770]","[347, 24, 343, -6, -116]","[-44, 3, 35, 3, -59]","[27, 103, 1167, 243, 733, 490, 643, 999, 1035, 667, 1087, 695, 565, 1215, 621, 1189, 408, 1162, 1273]","[513, 726, 106, 88, 263, 24, 178, 511, 78, 763, 366, 516, 506, 361, 756, 695, 707, 701, 821]","[-5, -5, 5, 3, 4, 2, 4, 5, 4, 5, 3, 4, 5, 4, 5, 2, 5, 5, 5]","[-2, -2, 0, -4, -3, -5, -4, -1, -4, -1, -5, -3, -2, -4, -1, -5, 0, 0, -2]"
301,118.4,7,False,1402,436,7,-5,[1227],[624],[-5],[2],"[724, 1100, 512, 963, 958]","[683, 781, 678, 649, 730]","[344, -76, 387, -66, -186]","[-64, -37, 15, -16, -89]","[3, 1267, 324, 813, 723, 1099, 1115, 767, 1147, 775, 665, 1295, 721, 1229, 508, 1262, 1373]","[686, 106, 22, 203, 118, 491, 10, 743, 267, 456, 466, 281, 736, 595, 707, 701, 781]","[-5, 5, 5, 4, 4, 5, 4, 5, 3, 4, 5, 4, 5, 2, 5, 5, 5]","[-2, 0, -2, -3, -3, -1, -3, -1, -4, -3, -2, -4, -1, -5, 0, 0, -2]"
302,118.73,7,False,1420,519,-5,8,[1127],[664],[-5],[2],"[857, 1051, 668, 923, 870]","[648, 761, 678, 641, 690]","[354, -118, 437, -88, -202]","[-44, -39, 33, 22, -71]","[1367, 912, 803, 1199, 867, 1207, 855, 765, 1375, 821, 1269, 608, 1362, 1473, 875, 1143, 656, 1082, 1092]","[106, 143, 58, 471, 723, 187, 396, 426, 215, 716, 495, 707, 681, 741, 704, 731, 713, 637, 773]","[5, 5, 4, 5, 5, 3, 4, 5, 4, 5, 2, 5, 5, 5, 5, 0, 5, 4, 5]","[0, -3, -3, -1, -1, -4, -3, -2, -3, -1, -5, 0, -1, -2, -1, -5, 0, -3, 0]"
303,119.06,7,False,1291,583,-9,1,[1027],[704],[-5],[2],"[988, 987, 841, 883, 775]","[628, 741, 682, 648, 650]","[341, -155, 458, -100, -196]","[-4, -30, 53, 62, -51]","[1467, 1012, 1299, 967, 1267, 939, 865, 1455, 921, 1309, 708, 1462, 1573, 975, 1143, 756, 1162, 1192]","[119, 103, 451, 703, 107, 336, 394, 155, 696, 395, 707, 661, 693, 684, 631, 713, 577, 773]","[5, 5, 5, 5, 3, 5, 5, 4, 5, 2, 5, 5, 5, 5, 0, 5, 4, 5]","[1, -2, -1, -1, -4, -3, -1, -3, -1, -5, 0, -1, -3, -1, -5, 0, -3, 0]"
304,119.4,6,False,1222,528,-2,-9,[],[],[],[],"[1108, 1016, 843, 695, 625]","[627, 702, 668, 630, 667]","[303, 444, -100, -175, 18]","[36, 73, 85, -11, 9]","[1567, 1112, 1399, 1067, 1327, 1039, 965, 1535, 1021, 1349, 808, 1562, 1075, 1143, 856, 1292, 1131, 1015, 933, 814, 705]","[153, 63, 431, 683, 27, 276, 374, 95, 676, 295, 707, 641, 664, 531, 713, 773, 635, 697, 671, 671, 702]","[5, 5, 5, 5, 3, 5, 5, 4, 5, 2, 5, 5, 5, 0, 5, 5, 4, 3, 3, 5, 5]","[2, -2, -1, -1, -4, -3, -1, -3, -1, -5, 0, -1, -1, -5, 0, 0, -3, -4, -4, -1, 0]"
305,119.73,5,False,1105,408,-9,-2,[],[],[],[],"[1206, 1174, 803, 623, 630]","[641, 722, 694, 625, 667]","[242, 395, -100, -135, 58]","[76, 93, 105, 29, 29]","[1212, 1499, 1167, 1139, 1065, 1121, 1389, 908, 1175, 956, 1392, 1211, 1075, 1009, 914, 805]","[24, 411, 663, 216, 354, 656, 195, 707, 644, 713, 769, 575, 617, 591, 651, 702]","[5, 5, 5, 5, 5, 5, 2, 5, 5, 5, 5, 4, 3, 4, 5, 5]","[-1, -1, -1, -3, -1, -1, -5, 0, -1, 0, -1, -3, -4, -4, -1, 0]"
306,120.06,5,False,925,396,-9,0,[],[],[],[],"[1276, 1306, 763, 569, 650]","[668, 756, 734, 635, 667]","[162, 319, -82, -83, 98]","[106, 111, 125, 69, 49]","[1312, 1599, 1267, 1239, 1165, 1221, 1429, 1008, 1275, 1056, 1492, 1291, 1135, 1080, 1014, 905]","[4, 391, 643, 156, 334, 636, 95, 707, 624, 713, 749, 515, 537, 511, 631, 702]","[5, 5, 5, 5, 5, 5, 2, 5, 5, 5, 5, 4, 3, 3, 5, 5]","[-1, -1, -1, -3, -1, -1, -5, 0, -1, 0, -1, -3, -4, -4, -1, 0]"
307,120.4,5,False,795,440,-9,3,[],[],[],[],"[1306, 1396, 723, 529, 690]","[696, 782, 772, 655, 668]","[37, 181, -100, -61, 100]","[88, 73, 96, 67, 31]","[1367, 1339, 1265, 1321, 1108, 1375, 1156, 1592, 1371, 1195, 1140, 1114, 1005, 1254, 1286, 789, 707, 784]","[623, 115, 314, 616, 707, 589, 713, 729, 436, 457, 431, 611, 702, 644, 728, 692, 665, 684]","[5, 5, 5, 5, 5, 5, 5, 5, 4, 3, 3, 5, 5, -4, -4, -1, 5, 5]","[-1, -2, -1, -1, 0, -2, 0, -1, -4, -4, -4, -1, 0, -4, -4, -5, -1, -1]"
308,120.73,5,False,680,460,0,0,[],[],[],[],"[1283, 1426, 663, 499, 716]","[716, 793, 792, 672, 668]","[-94, 23, -108, -40, 86]","[68, 33, 56, 47, 11]","[1467, 1439, 1365, 1421, 1208, 1475, 1256, 1451, 1255, 1200, 1214, 1105, 1174, 1206, 769, 807, 884]","[603, 75, 294, 596, 707, 549, 713, 356, 370, 349, 573, 700, 579, 650, 592, 645, 664]","[5, 5, 5, 5, 5, 5, 5, 4, 3, 3, 5, 5, -4, -4, -1, 5, 5]","[-1, -2, -1, -1, 0, -2, 0, -4, -5, -5, -2, -1, -3, -3, -5, -1, -1]"
309,121.06,5,False,590,457,-9,-2,[],[],[],[],"[1210, 1392, 603, 480, 736]","[734, 789, 795, 672, 659]","[-214, -135, -108, 0, 66]","[48, -7, 16, 27, -9]","[1567, 1539, 1465, 1521, 1308, 1575, 1356, 1518, 1299, 1246, 1314, 1205, 1094, 1126, 749, 907, 984, 1251, 1403, 662, 567, 750]","[583, 35, 274, 576, 707, 509, 713, 276, 270, 249, 533, 680, 519, 590, 492, 625, 644, 734, 810, 785, 698, 680]","[5, 5, 5, 5, 5, 5, 5, 3, 2, 2, 5, 5, -4, -4, -1, 5, 5, -4, -5, 0, 5, -3]","[-1, -2, -1, -1, 0, -2, 0, -4, -5, -5, -2, -1, -3, -3, -5, -1, -1, -4, -2, -5, -1, -4]"
310,121.4,5,False,410,432,-9,2,[],[],[],[],"[1092, 1299, 555, 480, 752]","[734, 769, 783, 672, 639]","[-315, -275, -89, 40, 46]","[28, -47, -24, 7, -18]","[1565, 1408, 1456, 1578, 1328, 1269, 1414, 1305, 1014, 1046, 729, 1007, 1084, 1171, 1303, 662, 667, 690]","[254, 707, 713, 195, 170, 149, 493, 660, 459, 530, 392, 605, 624, 667, 770, 685, 667, 600]","[5, 5, 5, 3, 1, 0, 5, 5, -4, -4, -1, 5, 5, -4, -5, 0, 5, -3]","[-1, 0, 0, -5, -5, -5, -2, -1, -3, -3, -5, -1, -1, -3, -2, -5, -2, -4]"
311,121.73,5,False,316,555,1,9,[355],[582],[1],[5],"[940, 1155, 515, 496, 752]","[734, 730, 756, 659, 619]","[-388, -390, -69, 80, 26]","[8, -77, -64, -13, -18]","[1508, 1556, 1331, 1255, 1514, 1405, 934, 966, 706, 1107, 1184, 1091, 1203, 662, 767, 630]","[707, 703, 70, 49, 453, 634, 399, 470, 292, 571, 599, 607, 730, 585, 627, 520]","[5, 5, 0, -2, 5, 5, -4, -4, -2, 5, 5, -4, -5, 0, 5, -3]","[0, -1, -5, -5, -2, -2, -3, -3, -5, -2, -2, -3, -2, -5, -2, -4]"
312,122.06,5,False,159,500,-7,-7,[375],[682],[1],[5],"[780, 977, 490, 531, 752]","[734, 690, 718, 648, 610]","[-393, -437, 0, 143, 44]","[26, -59, -49, 16, 20]","[1505, 851, 886, 666, 1207, 1284, 1011, 1103, 662, 867, 570, 864, 1086, 522, 629, 692]","[594, 339, 410, 192, 531, 559, 547, 690, 485, 587, 440, 731, 749, 706, 749, 633]","[5, -5, -4, -2, 5, 5, -4, -5, 0, 5, -3, -5, -5, -2, 4, -5]","[-2, -3, -3, -5, -2, -2, -3, -2, -5, -2, -4, -2, -1, -5, 3, -1]"
313,122.4,5,False,139,324,1,-9,[404],[782],[2],[5],"[620, 797, 498, 591, 767]","[734, 662, 698, 652, 616]","[-363, -446, 80, 203, 64]","[46, -39, -29, 55, 60]","[1586, 751, 806, 612, 1298, 1381, 928, 1003, 662, 967, 510, 764, 986, 482, 579, 592]","[528, 279, 350, 99, 478, 512, 487, 650, 385, 547, 360, 691, 729, 606, 736, 613]","[3, -5, -4, -3, 4, 4, -5, -5, 0, 5, -3, -5, -5, -2, -4, -5]","[-4, -3, -3, -4, -3, -3, -3, -2, -5, -2, -4, -2, -1, -5, -3, -1]"
314,122.73,5,False,220,214,0,0,[444],[882],[2],[5],"[475, 617, 533, 671, 787]","[751, 642, 678, 672, 637]","[-303, -417, 143, 246, 84]","[66, -11, -9, 75, 100]","[651, 719, 551, 1361, 1455, 828, 903, 654, 1059, 450, 664, 886, 442, 499, 492, 553, 701, 528, 645, 783]","[233, 290, 19, 394, 441, 427, 610, 285, 491, 280, 651, 709, 506, 672, 593, 738, 653, 697, 679, 659]","[-5, -5, -4, 2, 3, -5, -5, -1, 4, -3, -5, -5, -2, -4, -5, -2, -3, -4, -4, -5]","[-2, -3, -4, -5, -4, -3, -2, -5, -3, -4, -2, -1, -5, -4, -1, -5, -4, -4, -3, -2]"
315,123.06,5,False,181,388,-3,9,[],[],[],[],"[362, 451, 593, 770, 807]","[771, 637, 670, 692, 677]","[-216, -353, 203, 273, 98]","[66, 29, 11, 95, 127]","[551, 619, 1369, 1486, 728, 803, 634, 1139, 381, 564, 786, 402, 425, 392, 513, 641, 448, 565, 683]","[193, 230, 294, 343, 367, 570, 185, 425, 200, 611, 689, 406, 592, 573, 638, 573, 617, 619, 619]","[-5, -5, -1, 0, -5, -5, -1, 4, -4, -5, -5, -2, -4, -5, -2, -3, -4, -4, -5]","[-2, -3, -5, -5, -3, -2, -5, -4, -4, -2, -1, -5, -4, -1, -5, -4, -4, -3, -2]"
316,123.4,5,False,150,568,0,9,[],[],[],[],"[286, 319, 673, 870, 827]","[791, 647, 670, 728, 717]","[-112, -261, 245, 280, 98]","[66, 69, 31, 115, 147]","[451, 519, 1317, 1463, 628, 703, 614, 1205, 301, 464, 686, 362, 345, 292, 473, 580, 368, 485, 583]","[153, 172, 205, 244, 322, 530, 85, 345, 120, 571, 669, 306, 513, 553, 538, 493, 537, 559, 579]","[-5, -5, -4, -3, -5, -5, -1, 3, -4, -5, -5, -2, -4, -5, -2, -4, -4, -4, -5]","[-2, -2, -3, -4, -2, -2, -5, -4, -4, -2, -1, -5, -3, -1, -5, -4, -4, -3, -2]"
317,123.73,5,False,158,600,3,9,[],[],[],[],"[250, 222, 753, 963, 847]","[800, 667, 670, 762, 757]","[-30, -183, 234, 229, 60]","[28, 55, 13, 89, 126]","[351, 419, 1223, 1382, 528, 603, 1247, 221, 364, 586, 306, 265, 192, 433, 500, 288, 405, 483, 324, 252, 621, 830, 780]","[113, 132, 159, 179, 282, 500, 246, 41, 531, 649, 206, 453, 533, 438, 413, 457, 499, 539, 742, 651, 705, 739, 767]","[-5, -5, -5, -5, -5, -5, 1, -4, -5, -5, -3, -4, -5, -2, -4, -4, -4, -5, 0, -5, -5, -5, -5]","[-2, -2, -1, -2, -2, -1, -5, -3, -2, -1, -5, -3, -1, -5, -4, -4, -3, -2, -5, -2, 0, -2, 0]"
318,124.06,3,False,328,600,9,1,[],[],[],[],"[244, 158, 833, 1032, 852]","[794, 672, 663, 781, 790]","[50, -89, 206, 159, 20]","[-12, 35, -7, 49, 86]","[251, 319, 1123, 1282, 428, 503, 1250, 264, 486, 246, 169, 92, 393, 420, 208, 325, 383, 521, 730, 680]","[79, 92, 147, 151, 242, 480, 146, 491, 629, 126, 404, 513, 338, 333, 377, 439, 499, 705, 699, 767]","[-5, -5, -5, -5, -5, -5, -1, -5, -5, -3, -5, -5, -2, -4, -4, -4, -5, -5, -5, -5]","[-1, -2, 0, -1, -2, -1, -5, -2, -1, -4, -2, -1, -5, -4, -4, -3, -2, 0, -2, 0]"
319,124.4,2,False,480,521,6,-7,[],[],[],[],"[272, 134, 896, 1068, 842]","[773, 672, 643, 781, 802]","[130, 11, 166, 79, -20]","[-52, 15, -20, 9, 46]","[151, 219, 1023, 1182, 328, 403, 1201, 164, 186, 69, 353, 340, 128, 245, 283, 421, 630, 580, 314, 210, 871, 1048, 854]","[59, 52, 147, 148, 202, 460, 55, 451, 46, 364, 238, 253, 297, 379, 459, 705, 659, 767, 786, 680, 704, 798, 851]","[-5, -5, -5, -5, -5, -5, -4, -5, -3, -5, -2, -4, -4, -4, -5, -5, -5, -5, 1, 4, -5, -5, -5]","[-1, -2, 0, 0, -2, -1, -4, -2, -4, -2, -5, -4, -4, -3, -2, 0, -2, 0, -5, -3, 1, -2, 0]"
320,124.73,2,False,630,419,9,-1,[],[],[],[],"[329, 150, 942, 1074, 817]","[733, 667, 623, 765, 802]","[201, 111, 108, -1, -60]","[-84, -5, -20, -31, 6]","[51, 119, 923, 1082, 228, 303, 1108, 64, 313, 260, 48, 165, 183, 321, 530, 480, 334, 290, 771, 948, 754]","[39, 12, 147, 148, 165, 440, 9, 411, 138, 173, 217, 319, 419, 705, 619, 767, 686, 620, 718, 758, 851]","[-5, -5, -5, -5, -5, -5, -5, -5, -2, -4, -4, -4, -5, -5, -5, -5, 1, 4, -5, -5, -5]","[-1, -2, 0, 0, -1, -1, -1, -2, -5, -4, -4, -3, -2, 0, -2, 0, -5, -3, 0, -2, 0]"
321,125.06,2,False,810,433,9,2,[],[],[],[],"[413, 206, 963, 1046, 777]","[689, 647, 603, 734, 785]","[259, 210, 48, -81, -89]","[-104, -22, -20, -63, -34]","[823, 982, 128, 203, 273, 180, 85, 83, 221, 430, 380, 358, 370, 671, 848, 654]","[155, 148, 145, 420, 38, 93, 259, 379, 694, 579, 767, 586, 560, 718, 718, 851]","[-5, -5, -5, -5, -2, -4, -4, -5, -5, -5, -5, 2, 4, -5, -5, -5]","[1, 0, -1, -1, -5, -4, -3, -2, -1, -2, 0, -5, -3, 0, -2, 0]"
322,125.4,2,False,990,444,9,0,[],[],[],[],"[523, 305, 963, 994, 737]","[644, 636, 600, 700, 765]","[334, 328, 26, -121, -71]","[-83, 16, 18, -45, -36]","[723, 882, 28, 103, 100, 5, 121, 330, 280, 398, 461, 571, 748, 554, 509, 351, 1093, 996, 839]","[175, 152, 125, 400, 13, 199, 674, 539, 767, 486, 500, 718, 676, 835, 636, 649, 674, 741, 735]","[-5, -5, -5, -5, -4, -4, -5, -5, -5, 2, 5, -5, -5, -5, 2, 5, 5, -5, 1]","[1, 1, -1, -1, -4, -3, -1, -2, 0, -5, -3, 0, -3, -1, -5, -2, 2, -2, -5]"
323,125.74,2,False,1037,481,-7,6,[1082],[533],[-4],[3],"[658, 447, 963, 934, 698]","[608, 640, 605, 680, 745]","[386, 423, 6, -141, -50]","[-43, 56, 58, -25, -31]","[623, 782, 3, 21, 230, 180, 438, 561, 471, 648, 454, 549, 451, 1193, 896, 860]","[205, 172, 362, 654, 483, 762, 386, 440, 718, 616, 815, 536, 609, 714, 701, 635]","[-5, -5, -5, -5, -5, -5, 2, 5, -5, -5, -5, 2, 5, 5, -5, 2]","[2, 1, -2, -1, -3, -1, -5, -3, 0, -3, -1, -5, -2, 2, -2, -5]"
324,126.08,2,False,1073,437,7,-6,[1002],[593],[-4],[3],"[812, 621, 949, 863, 678]","[600, 660, 625, 660, 725]","[412, 488, -14, -152, -10]","[-3, 87, 98, -5, -11]","[523, 682, 136, 80, 487, 661, 371, 548, 354, 604, 551, 1293, 796, 900, 823, 616, 1033, 937, 762]","[249, 201, 423, 742, 286, 380, 718, 556, 795, 436, 569, 739, 661, 535, 603, 655, 630, 665, 737]","[-5, -5, -4, -5, 3, 5, -5, -5, -5, 3, 5, 5, -5, 2, 4, 4, 3, 0, 3]","[3, 2, -3, -1, -5, -3, 0, -3, -1, -5, -2, 1, -2, -5, -4, -4, -4, -5, -5]"
325,126.41,2,False,1201,297,6,-7,[],[],[],[],"[972, 816, 786, 674]","[600, 688, 656, 715]","[404, 516, -148, 30]","[37, 107, 15, 9]","[442, 582, 56, 547, 761, 271, 463, 254, 664, 651, 1393, 702, 940, 903, 696, 1093, 937, 822]","[312, 241, 363, 200, 340, 718, 496, 760, 344, 529, 758, 604, 435, 523, 575, 550, 565, 643]","[-4, -5, -4, 3, 5, -5, -4, -5, 3, 5, 5, -4, 2, 4, 4, 3, 0, 3]","[4, 2, -3, -4, -2, 0, -3, -2, -4, -2, 0, -3, -5, -4, -4, -4, -5, -4]"
326,126.75,2,False,1310,149,3,-9,[],[],[],[],"[1116, 1016, 726, 685]","[614, 728, 656, 715]","[366, 504, -128, 70]","[77, 127, 35, 29]","[383, 495, 607, 861, 171, 383, 155, 724, 751, 1493, 622, 980, 983, 776, 1153, 937, 882]","[398, 300, 120, 300, 718, 436, 713, 264, 489, 758, 539, 335, 443, 495, 470, 465, 563]","[-2, -4, 3, 5, -5, -4, -4, 3, 5, 5, -4, 2, 4, 4, 3, 0, 3]","[5, 3, -4, -2, 0, -3, -3, -4, -2, 0, -4, -5, -4, -4, -4, -5, -4]"
327,127.08,2,False,1273,82,0,0,[],[],[],[],"[1232, 1190, 666, 705, 563]","[634, 768, 656, 715, 655]","[262, 416, -135, 68, 19]","[79, 101, 17, 11, -19]","[376, 424, 684, 961, 71, 303, 76, 784, 851, 1593, 558, 1020, 1063, 856, 1213, 937, 942, 1208, 1076, 831, 779, 674]","[498, 376, 40, 260, 718, 367, 645, 184, 449, 736, 457, 235, 363, 415, 385, 365, 483, 561, 678, 615, 674, 651]","[1, -3, 4, 5, -5, -4, -3, 3, 5, 5, -3, 2, 4, 4, 3, 0, 3, 2, 0, 4, 3, 4]","[5, 4, -4, -2, 0, -4, -4, -4, -2, -2, -5, -5, -4, -4, -5, -5, -4, -5, -5, -4, -4, -3]"
328,127.41,2,False,1378,177,3,9,[],[],[],[],"[1302, 1323, 606, 723, 563]","[654, 788, 653, 706, 635]","[142, 295, -135, 48, 39]","[76, 61, -3, -9, -24]","[449, 409, 1061, 231, 24, 844, 951, 521, 1060, 1143, 936, 1273, 951, 1002, 1248, 1076, 911, 839, 754]","[568, 476, 220, 287, 554, 104, 409, 357, 135, 283, 335, 285, 265, 403, 461, 578, 535, 594, 591]","[5, 2, 5, -3, -2, 3, 5, -1, 2, 4, 4, 3, 1, 3, 2, 0, 4, 3, 4]","[2, 5, -2, -4, -5, -4, -2, -5, -5, -4, -4, -5, -5, -4, -5, -5, -4, -4, -3]"
329,127.75,2,False,1412,357,0,9,[],[],[],[],"[1321, 1402, 546, 723, 573]","[674, 793, 633, 686, 615]","[2, 155, -117, 28, 59]","[56, 21, -6, -29, -24]","[549, 488, 1161, 171, 11, 924, 1051, 514, 1114, 1223, 1016, 1333, 972, 1062, 1288, 1076, 991, 910, 834, 1387, 1403, 659, 803, 659]","[585, 540, 180, 203, 454, 24, 369, 257, 35, 212, 269, 200, 165, 323, 361, 478, 455, 514, 531, 670, 783, 658, 711, 663]","[5, 5, 5, -3, 0, 4, 5, 0, 3, 4, 4, 3, 2, 3, 2, 0, 4, 4, 4, 2, -1, 5, 5, 5]","[0, 2, -2, -5, -5, -4, -2, -5, -5, -3, -3, -4, -5, -4, -5, -5, -4, -4, -3, -5, -5, -3, -2, -1]"
330,128.08,2,False,1331,500,-9,3,[],[],[],[],"[1282, 1420, 490, 723, 593]","[680, 783, 613, 666, 600]","[-132, -5, -93, 8, 79]","[36, -19, -6, -49, -24]","[649, 588, 1261, 127, 26, 1151, 530, 1303, 1096, 1393, 1012, 1122, 1328, 1083, 1071, 990, 914, 1427, 1383, 759, 903, 759]","[585, 562, 140, 103, 354, 329, 157, 152, 209, 120, 65, 243, 261, 378, 375, 434, 471, 570, 683, 616, 671, 643]","[5, 5, 5, -2, 2, 5, 2, 4, 4, 3, 2, 3, 2, 1, 4, 4, 4, 2, -1, 5, 5, 5]","[0, 1, -2, -5, -5, -2, -5, -3, -3, -4, -5, -4, -5, -5, -4, -4, -3, -5, -5, -2, -2, -1]"
331,128.41,2,False,1169,536,-9,0,[1262],[588],[-5],[2],"[1195, 1375, 450, 711, 613]","[680, 758, 600, 627, 600]","[-252, -157, -53, -12, 87]","[16, -59, -6, -58, -24]","[749, 688, 1361, 100, 78, 1251, 583, 1389, 1176, 1453, 1182, 1368, 1103, 1151, 1070, 994, 1467, 1363, 859, 1003, 859]","[585, 569, 100, 3, 263, 289, 67, 92, 149, 40, 163, 161, 278, 295, 354, 411, 470, 583, 576, 631, 623]","[5, 5, 5, -1, 3, 5, 3, 5, 4, 3, 3, 2, 1, 4, 4, 4, 2, -1, 5, 5, 5]","[0, 0, -2, -5, -4, -2, -4, -3, -3, -4, -4, -5, -5, -4, -4, -3, -5, -5, -2, -2, -1]"
332,128.75,2,False,1218,498,9,2,[1162],[628],[-5],[2],"[1070, 1281, 436, 699, 646]","[680, 724, 600, 603, 600]","[-310, -256, 25, 15, 125]","[34, -45, 32, -20, 14]","[849, 788, 1461, 156, 1351, 666, 1489, 1269, 1242, 1408, 1123, 1231, 1150, 1089, 1487, 1343, 959, 1103, 959, 1123, 1319, 591, 850, 759]","[585, 569, 60, 193, 249, 1, 46, 89, 83, 61, 178, 224, 274, 351, 370, 483, 536, 591, 603, 715, 801, 649, 669, 611]","[5, 5, 5, 4, 5, 5, 5, 5, 3, 2, 1, 4, 4, 5, 1, -1, 5, 5, 5, -5, -5, 5, 5, 5]","[0, 0, -2, -3, -2, -3, -2, -3, -4, -5, -5, -3, -4, -3, -5, -5, -2, -2, -1, 0, 0, 0, 0, -2]"
333,129.08,2,False,1283,580,0,0,[1062],[668],[-5],[2],"[930, 1152, 452, 702, 694]","[685, 704, 612, 600, 603]","[-340, -330, 105, 54, 165]","[54, -25, 72, 20, 54]","[949, 888, 1561, 251, 1451, 1589, 1369, 1319, 1143, 1311, 1230, 1189, 1507, 1323, 1059, 1203, 1059, 1023, 1219, 691, 950, 859]","[585, 569, 35, 143, 226, 10, 42, 3, 78, 164, 194, 291, 270, 383, 496, 551, 583, 715, 801, 649, 669, 571]","[5, 5, 5, 5, 5, 5, 5, 4, 1, 4, 4, 5, 1, -1, 5, 5, 5, -5, -5, 5, 5, 5]","[0, 0, -1, -2, -1, -1, -2, -4, -5, -3, -4, -3, -5, -5, -2, -2, -1, 0, 0, 0, 0, -2]"
334,129.41,2,False,1289,587,0,0,[962],[708],[-5],[2],"[790, 998, 501, 722, 754]","[705, 684, 639, 606, 623]","[-344, -378, 185, 74, 188]","[74, -5, 112, 60, 94]","[1049, 988, 351, 1551, 1469, 1391, 1310, 1289, 1527, 1303, 1159, 1303, 1159, 923, 1119, 791, 1050, 959, 931, 1146, 566, 794, 819]","[585, 569, 113, 206, 2, 104, 114, 241, 170, 283, 456, 511, 563, 715, 801, 649, 669, 531, 728, 740, 650, 626, 668]","[5, 5, 5, 5, 5, 4, 4, 5, 1, -1, 5, 5, 5, -5, -5, 5, 5, 5, 5, 5, 5, 5, 5]","[0, 0, -1, -1, -2, -3, -4, -2, -5, -5, -2, -2, -1, 0, 0, 0, 0, -2, -1, 1, -2, -1, 1]"
335,129.74,2,False,1240,600,0,0,[],[],[],[],"[650, 577, 742, 823]","[725, 679, 627, 661]","[-317, 245, 94, 203]","[94, 138, 100, 129]","[1149, 1088, 451, 1471, 1390, 1389, 1547, 1283, 1259, 1403, 1259, 823, 1019, 891, 1150, 1059, 1031, 1246, 666, 894, 919]","[585, 569, 97, 44, 37, 201, 70, 183, 416, 471, 543, 706, 801, 649, 669, 491, 708, 760, 610, 606, 688]","[5, 5, 5, 4, 4, 5, 1, -1, 5, 5, 5, -5, -5, 5, 5, 5, 5, 5, 5, 5, 5]","[0, 0, 0, -3, -3, -2, -5, -5, -2, -2, -1, -1, 0, 0, 0, -2, -1, 1, -2, -1, 1]"
336,130.08,2,False,1326,600,0,9,[],[],[],[],"[522, 676, 777, 903]","[760, 728, 667, 701]","[-265, 290, 114, 203]","[110, 158, 132, 149]","[1249, 1188, 551, 1489, 1263, 1359, 1503, 1359, 723, 919, 991, 1250, 1159, 1131, 1346, 766, 994, 1019]","[585, 569, 97, 161, 83, 376, 431, 523, 686, 790, 649, 669, 451, 688, 780, 570, 586, 708]","[5, 5, 5, 5, -1, 5, 5, 5, -5, -5, 5, 5, 5, 5, 5, 5, 5, 5]","[0, 0, 0, -2, -5, -2, -2, -1, -1, -1, 0, 0, -2, -1, 1, -2, -1, 1]"
337,130.41,1,False,1187,553,-7,-7,[],[],[],[],"[414, 776, 811, 962, 1463]","[786, 777, 707, 742, 758]","[-227, 277, 88, 145, -156]","[72, 128, 114, 131, -38]","[1288, 651, 1589, 1459, 1459, 623, 819, 1091, 1350, 1259, 1231, 1446, 866, 1094, 1119, 649, 829, 925, 1053, 1493]","[569, 97, 121, 336, 503, 662, 770, 649, 669, 411, 668, 800, 530, 566, 728, 770, 782, 663, 792, 882]","[5, 5, 5, 5, 5, -5, -5, 5, 5, 5, 5, 5, 5, 5, 5, 5, 5, 5, 5, -4]","[0, 0, -2, -2, -1, -2, -1, 0, 0, -2, -1, 1, -2, -1, 1, -2, 0, -3, 2, 3]"
338,130.74,1,False,1078,402,-6,-7,[],[],[],[],"[325, 872, 830, 997, 1357]","[797, 811, 741, 780, 724]","[-170, 242, 48, 85, -310]","[32, 88, 94, 96, -65]","[1388, 751, 1559, 1559, 528, 719, 1191, 1450, 1359, 1331, 1546, 966, 1194, 1219, 749, 929, 1025, 1153]","[569, 97, 296, 483, 615, 750, 649, 669, 371, 648, 820, 509, 546, 748, 730, 782, 603, 832]","[5, 5, 5, 5, -4, -5, 5, 5, 5, 5, 5, 5, 5, 5, 5, 5, 5, 5]","[0, 0, -2, -1, -3, -1, 0, 0, -2, -1, 1, -1, -1, 1, -2, 0, -3, 2]"
339,131.08,1,False,926,297,-9,-3,[],[],[],[],"[260, 948, 830, 1006, 1195]","[793, 812, 761, 800, 684]","[-97, 190, 8, 9, -438]","[-8, 48, 64, 56, -85]","[1488, 851, 466, 619, 1291, 1550, 1459, 1431, 1066, 1294, 1319, 849, 1029, 1125, 1253, 363, 980, 865, 1023, 1299]","[569, 97, 534, 711, 649, 669, 331, 613, 483, 526, 768, 690, 782, 543, 865, 814, 812, 743, 782, 697]","[5, 5, -2, -5, 5, 5, 5, 5, 5, 5, 5, 5, 5, 5, 5, 5, 2, 0, -2, -1]","[0, 0, -5, -2, 0, 0, -2, -2, -2, -1, 1, -2, 0, -3, 1, -2, -5, -5, -5, -5]"
340,131.41,1,False,746,308,-9,3,[],[],[],[],"[229, 1001, 814, 985, 990]","[773, 812, 768, 802, 639]","[-17, 130, -32, -59, -528]","[-48, 8, 24, 16, -102]","[1588, 951, 454, 524, 1391, 1559, 1531, 1166, 1394, 1419, 949, 1129, 1225, 1353, 463, 1020, 865, 983, 1279]","[569, 100, 434, 659, 649, 291, 573, 443, 504, 788, 650, 782, 483, 885, 774, 712, 643, 682, 597]","[5, 5, 0, -4, 5, 5, 5, 5, 5, 5, 5, 5, 5, 5, 5, 2, 0, -2, -1]","[0, 1, -5, -3, 0, -2, -2, -2, -2, 1, -2, 0, -3, 1, -2, -5, -5, -5, -5]"
341,131.74,1,False,566,380,-9,3,[],[],[],[],"[229, 1028, 783, 938, 757]","[734, 791, 760, 790, 600]","[63, 50, -64, -119, -574]","[-80, -32, -16, -24, -102]","[1051, 462, 444, 1491, 1266, 1494, 1519, 1049, 1229, 1310, 1453, 563, 1060, 865, 943, 1242]","[120, 334, 599, 649, 403, 464, 795, 610, 782, 423, 887, 734, 612, 543, 582, 497]","[5, 1, -4, 5, 5, 5, 5, 5, 5, 4, 5, 5, 2, 0, -2, -2]","[1, -5, -3, 0, -2, -2, 0, -2, 0, -3, 0, -2, -5, -5, -5, -5]"
342,132.08,1,False,386,382,-9,-2,[],[],[],[],"[269, 1028, 748, 878, 523]","[694, 771, 740, 770, 600]","[181, 8, -46, -134, -535]","[-62, -34, -8, -26, -64]","[1151, 482, 364, 1591, 1366, 1594, 1149, 1329, 1390, 1553, 663, 1099, 853, 903, 1202, 372, 987, 750, 881, 716]","[140, 234, 525, 649, 363, 424, 570, 778, 363, 880, 694, 512, 443, 482, 397, 726, 748, 729, 794, 545]","[5, 1, -4, 5, 5, 5, 5, 5, 4, 5, 5, 1, -1, -2, -2, 5, -4, -4, -5, -3]","[1, -5, -4, 0, -2, -2, -2, -1, -3, -1, -2, -5, -5, -5, -5, -3, -4, -4, -2, -5]"
343,132.41,1,False,301,293,9,-1,[],[],[],[],"[355, 1012, 728, 818, 315]","[663, 751, 733, 750, 600]","[290, -32, -26, -134, -450]","[-42, -34, 12, -26, -24]","[1251, 501, 284, 1466, 1249, 1429, 1470, 763, 1119, 833, 863, 1144, 472, 907, 670, 781, 656]","[174, 134, 445, 323, 530, 758, 303, 654, 412, 343, 382, 306, 666, 668, 649, 754, 445]","[5, 0, -4, 5, 5, 5, 4, 5, 1, -1, -2, -3, 5, -4, -4, -5, -3]","[2, -5, -4, -2, -2, -1, -3, -2, -5, -5, -5, -4, -3, -4, -4, -2, -5]"
344,132.75,1,False,367,357,1,9,[],[],[],[],"[482, 981, 708, 758, 151]","[643, 731, 733, 730, 600]","[378, -63, -6, -120, -326]","[-15, -15, 32, -6, 16]","[1350, 501, 213, 1566, 1349, 1529, 1550, 863, 1132, 813, 823, 1084, 556, 827, 590, 681, 596, 466, 999, 715, 781, 282]","[220, 34, 365, 277, 480, 738, 225, 614, 312, 243, 282, 226, 606, 593, 569, 714, 353, 646, 768, 741, 773, 608]","[4, 0, -3, 5, 5, 5, 4, 5, 0, -1, -2, -3, 4, -4, -4, -5, -3, 0, -5, -4, -5, 4]","[3, -5, -4, -3, -3, -1, -4, -2, -5, -5, -5, -4, -3, -3, -4, -2, -4, -5, -2, -3, -1, -3]"
345,133.08,1,False,253,467,-9,4,[],[],[],[],"[636, 941, 703, 699, 42]","[636, 717, 736, 725, 604]","[437, -83, 14, -100, -174]","[25, 5, 52, 14, 56]","[1426, 153, 1443, 963, 1132, 782, 783, 1005, 636, 747, 510, 581, 536, 459, 899, 635, 681, 362]","[289, 285, 420, 574, 212, 143, 182, 146, 546, 533, 489, 674, 273, 546, 728, 681, 753, 548]","[3, -3, 4, 5, 0, -2, -2, -4, 4, -4, -4, -5, -3, -1, -5, -4, -5, 4]","[4, -4, -3, -2, -5, -5, -5, -4, -3, -3, -4, -2, -4, -5, -2, -3, -1, -3]"
346,133.41,1,False,215,552,6,7,[],[],[],[],"[810, 898, 703, 659, 0]","[644, 717, 756, 725, 624]","[464, -103, 34, -60, -10]","[65, 25, 67, 34, 96]","[1460, 92, 1523, 1063, 1132, 742, 723, 925, 716, 667, 430, 481, 476, 439, 799, 555, 581, 442]","[385, 205, 360, 528, 112, 43, 85, 86, 486, 473, 419, 634, 193, 446, 688, 621, 733, 488]","[0, -4, 4, 5, 0, -2, -3, -4, 4, -4, -4, -5, -3, -1, -5, -4, -5, 4]","[5, -4, -3, -3, -5, -5, -4, -3, -3, -3, -3, -2, -4, -5, -2, -3, -1, -3]"
347,133.75,1,False,287,594,-9,0,[394],[618],[5],[1],"[978, 838, 703, 619, 16]","[664, 717, 765, 725, 644]","[417, -141, 16, -58, 121]","[54, 7, 29, 16, 98]","[1445, 12, 1163, 1116, 663, 829, 796, 587, 350, 381, 416, 419, 699, 475, 481, 522, 772, 832, 643, 595, 92]","[485, 125, 468, 12, 5, 32, 426, 413, 359, 594, 113, 346, 648, 561, 713, 428, 640, 752, 793, 760, 585]","[-2, -4, 5, -1, -3, -5, 4, -4, -4, -5, -3, -1, -5, -4, -5, 4, -5, -5, -5, -5, 3]","[5, -4, -3, -5, -4, -2, -3, -3, -3, -2, -4, -5, -2, -3, -1, -3, -2, 0, 0, 0, -4]"
348,134.08,1,False,107,600,-9,2,[494],[638],[5],[1],"[1120, 762, 699, 582, 79]","[668, 704, 759, 721, 664]","[337, -172, -3, -48, 241]","[34, -13, -11, -4, 85]","[1384, 1255, 876, 507, 270, 281, 346, 399, 599, 393, 381, 602, 672, 732, 543, 495, 152]","[571, 408, 364, 353, 299, 554, 33, 246, 608, 501, 693, 368, 600, 752, 793, 760, 505]","[-4, 4, 4, -4, -4, -5, -4, -1, -5, -5, -5, 4, -5, -5, -5, -5, 3]","[4, -3, -4, -3, -3, -2, -4, -5, -2, -3, -1, -3, -2, 0, 0, 0, -4]"
349,134.42,1,False,14,600,0,9,[594],[658],[5],[1],"[1224, 682, 679, 562, 188]","[668, 684, 739, 701, 684]","[232, -188, -3, -28, 346]","[14, -33, -40, -24, 65]","[1299, 1335, 956, 427, 187, 181, 375, 499, 293, 281, 682, 572, 632, 443, 395, 212, 1177, 711, 691, 574, 171]","[633, 348, 284, 293, 239, 514, 146, 568, 441, 673, 300, 560, 752, 793, 760, 425, 703, 743, 796, 758, 671]","[-5, 4, 4, -4, -5, -5, -2, -5, -5, -5, 4, -5, -5, -5, -5, 3, -5, -5, -5, -5, -1]","[3, -3, -4, -3, -3, -2, -5, -2, -3, -1, -4, -2, 0, 0, 0, -4, 0, 1, 0, 0, -5]"
350,134.76,1,False,51,595,8,-5,[],[],[],[],"[1282, 659, 542, 336]","[662, 709, 681, 699]","[112, -3, -8, 424]","[-6, -60, -44, 45]","[1199, 1415, 1021, 343, 87, 81, 335, 399, 193, 181, 751, 472, 532, 343, 295, 272, 1077, 611, 591, 474, 151]","[674, 284, 204, 233, 186, 474, 46, 528, 400, 653, 220, 520, 752, 793, 760, 345, 703, 763, 796, 758, 571]","[-5, 4, 3, -5, -5, -5, -2, -5, -5, -5, 3, -5, -5, -5, -5, 3, -5, -5, -5, -5, -1]","[2, -4, -4, -3, -2, -2, -5, -2, -2, -1, -4, -2, 0, 0, 0, -4, 0, 1, 0, 0, -5]"
351,144.85,0,False,102,529,6,-7,[],[],[],[],"[1293, 650, 535, 409]","[653, 691, 669, 699]","[58, -3, 1, 451]","[-15, -69, -53, 36]","[1154, 1451, 1048, 298, 42, 36, 317, 354, 148, 136, 777, 427, 487, 298, 250, 299, 1032, 566, 546, 429]","[692, 248, 167, 206, 168, 456, 1, 510, 382, 644, 181, 502, 752, 793, 760, 309, 703, 772, 796, 758]","[-5, 4, 3, -5, -5, -5, -2, -5, -5, -5, 2, -5, -5, -5, -5, 3, -5, -5, -5, -5]","[2, -4, -5, -3, -2, -2, -5, -2, -2, -1, -5, -2, 0, 0, 0, -4, 0, 1, 0, 0]"
352,145.05,10,False,701,322,-9,2,[],[],[],[],[1165],[793],[-55],[-23],[],[],[],[]
353,145.31,10,False,521,362,-9,2,[],[],[],[],[1113],[766],[-155],[-63],[],[],[],[]
354,145.6,10,False,341,401,-9,2,[],[],[],[],"[1023, 1287]","[726, 709]","[-237, -65]","[-89, -9]",[],[],[],[]
355,145.88,10,False,310,432,8,4,[],[],[],[],"[911, 1235]","[686, 701]","[-262, -145]","[-69, 11]",[],[],[],[]
356,146.16,10,False,479,498,0,0,[],[],[],[],"[791, 1151, 644]","[648, 701, 671]","[-263, -214, 22]","[-47, 31, 11]",[],[],[],[]
357,146.44,10,False,396,503,-9,-2,[],[],[],[],"[679, 1043, 651]","[628, 703, 671]","[-239, -265, 62]","[-7, 51, 31]",[],[],[],[]
358,146.74,10,False,277,408,4,-8,[],[],[],[],"[581, 923, 673, 447]","[625, 723, 673, 692]","[-195, -293, 102, 44]","[33, 71, 51, 11]",[],[],[],[]
359,147.04,10,False,450,370,9,0,[],[],[],[],"[507, 803, 713, 473]","[637, 743, 693, 692]","[-137, -299, 134, 122]","[71, 89, 69, 29]",[],[],[],[]
360,147.34,10,False,462,526,-2,9,[507],[555],[-2],[6],"[448, 663, 753, 520, 447]","[657, 763, 712, 692, 689]","[-100, -315, 114, 156, 22]","[65, 57, 49, 9, -11]",[],[],[],[]
361,147.64,10,False,567,505,7,-7,[],[],[],[],"[408, 523, 787, 580]","[672, 766, 712, 681]","[-60, -304, 94, 176]","[45, 17, 29, -11]",[],[],[],[]
362,147.94,10,False,732,426,9,-1,[],[],[],[],"[384, 400, 807, 640, 894]","[672, 754, 712, 661, 793]","[-4, -268, 68, 183, -27]","[25, -23, 9, -31, -23]",[],[],[],[]
363,148.24,10,False,912,392,9,-1,[],[],[],[],"[386, 295, 816, 700, 865]","[672, 734, 701, 641, 766]","[56, -207, 28, 183, -67]","[5, -47, -11, -42, -63]",[],[],[],[]
364,148.57,10,False,1061,463,-1,9,[],[],[],[],"[412, 220, 810, 760, 821]","[657, 697, 681, 621, 726]","[113, -125, -10, 166, -105]","[-13, -65, -29, -40, -89]",[],[],[],[]
365,148.88,10,False,914,550,9,-1,[953],[591],[-6],[2],"[463, 187, 791, 820, 770]","[648, 663, 661, 602, 686]","[193, 7, 0, 180, -92]","[20, -45, -9, 0, -69]",[],[],[],[]
366,149.17,10,False,1094,494,9,-4,[],[],[],[],"[547, 208, 791, 730]","[654, 643, 653, 648]","[263, 144, 20, -72]","[57, -18, 11, -47]",[],[],[],[]
367,149.47,10,False,1254,406,8,-5,[],[],[],[],"[655, 282, 791, 692]","[674, 635, 653, 628]","[314, 264, 40, -47]","[77, 22, 31, -7]",[],[],[],[]
368,149.77,10,False,1154,500,-8,5,[],[],[],[],"[775, 400, 802, 672, 1213]","[694, 642, 655, 625, 693]","[342, 368, 59, -7, -44]","[97, 62, 51, 33, 11]",[],[],[],[]
369,150.07,10,False,1031,555,3,-9,[],[],[],[],"[895, 553, 822, 669, 1170]","[732, 662, 675, 637, 693]","[345, 441, 57, 31, -113]","[115, 89, 69, 71, 29]",[],[],[],[]
370,150.37,10,False,1066,380,-5,-8,[],[],[],[],"[1010, 713, 825, 669, 1094]","[764, 682, 694, 657, 693]","[285, 446, 17, 31, -212]","[85, 69, 49, 65, 9]",[],[],[],[]
371,150.67,10,False,951,473,-3,9,[996],[514],[-2],[6],"[1098, 873, 813, 669, 983]","[781, 701, 694, 672, 682]","[205, 417, -23, 31, -290]","[45, 49, 29, 45, -11]",[],[],[],[]
372,150.98,10,False,811,573,-9,1,[956],[634],[-2],[6],"[1150, 1020, 787, 669, 846]","[781, 701, 694, 672, 662]","[106, 359, -56, 31, -343]","[5, 29, 9, 25, -31]",[],[],[],[]
373,151.28,10,False,645,498,-8,-5,[916],[754],[-2],[6],"[1162, 1136, 747, 669, 689]","[763, 701, 683, 672, 642]","[6, 273, -76, 31, -369]","[-35, 9, -11, 5, -43]",[],[],[],[]
374,151.58,10,False,542,434,0,0,[859],[874],[-3],[6],"[1134, 1214, 707, 669, 529]","[730, 690, 663, 657, 622]","[-92, 171, -94, 33, -359]","[-63, -9, -29, -13, -41]",[],[],[],[]
375,151.89,10,False,479,442,0,0,[],[],[],[],"[1076, 1256, 667, 681, 392]","[698, 682, 643, 648, 602]","[-144, 91, -58, 73, -282]","[-43, 11, -2, 20, -1]",[],[],[],[]
376,152.18,10,False,532,408,9,-3,[],[],[],[],"[999, 1266, 644, 708, 290]","[678, 682, 643, 654, 602]","[-184, 11, -18, 110, -180]","[-23, 31, 38, 57, 39]",[],[],[],[]
377,152.47,10,False,712,387,9,0,[],[],[],[],"[915, 1243, 636, 748, 233]","[658, 684, 658, 674, 617]","[-204, -69, 22, 130, -60]","[-3, 51, 71, 77, 79]",[],[],[],[]
378,152.77,10,False,892,390,9,1,[],[],[],[],"[815, 1190, 643, 789, 225]","[656, 704, 678, 694, 647]","[-207, -146, 62, 150, 60]","[17, 71, 91, 97, 119]",[],[],[],[]
379,153.09,10,False,875,493,-8,4,[926],[536],[-5],[2],"[726, 1109, 665, 849, 265]","[656, 724, 710, 732, 687]","[-192, -208, 100, 152, 178]","[35, 89, 109, 115, 139]","[762, 1145, 717, 899, 318]","[686, 765, 755, 775, 733]","[1, -5, 3, 2, 5]","[-5, 0, -4, -5, -2]"
380,153.43,9,False,775,560,8,-5,[826],[576],[-5],[2],"[646, 999, 703, 890, 340]","[656, 744, 739, 764, 727]","[-199, -290, 98, 112, 249]","[15, 69, 89, 85, 119]","[1045, 777, 939, 418]","[765, 675, 675, 693]","[-5, 3, 2, 5]","[0, -4, -5, -2]"
381,153.76,9,False,923,452,8,-4,[726],[616],[-5],[2],"[566, 862, 723, 916, 442]","[651, 757, 759, 781, 762]","[-191, -345, 78, 58, 302]","[-5, 36, 61, 45, 91]","[945, 837, 960, 518]","[765, 595, 575, 653]","[-5, 3, 1, 5]","[0, -4, -5, -2]"
382,154.09,9,False,1043,322,1,-9,[626],[656],[-5],[2],"[486, 704, 743, 917, 562]","[631, 755, 764, 781, 782]","[-168, -373, 58, -2, 332]","[-6, -4, 21, 5, 51]","[845, 897, 980, 618, 612, 819, 768, 975, 586]","[765, 515, 475, 613, 650, 737, 744, 761, 779]","[-5, 3, 1, 5, 4, 0, 0, 2, 4]","[0, -4, -5, -2, -3, -5, -5, -5, -3]"
383,154.43,9,False,960,183,-9,-3,[526],[696],[-5],[2],"[418, 544, 751, 893, 682]","[611, 735, 754, 763, 782]","[-128, -367, 38, -59, 339]","[-6, -29, -19, -35, 11]","[745, 957, 1000, 718, 692, 821, 768, 1015, 666]","[765, 435, 375, 573, 590, 637, 644, 661, 719]","[-5, 3, 1, 5, 4, 1, 0, 2, 4]","[0, -4, -5, -2, -3, -5, -5, -5, -3]"
384,154.76,9,False,780,169,-9,0,[],[],[],[],"[367, 751, 853, 802, 1303]","[600, 734, 730, 767, 830]","[-72, 20, -97, 325, -5]","[-4, -41, -63, -27, -1]","[645, 1017, 1020, 818, 772, 840, 768, 1042, 746, 417, 788, 900, 840, 1350]","[749, 355, 275, 533, 530, 537, 544, 561, 659, 643, 764, 774, 802, 874]","[-5, 3, 1, 5, 4, 0, 0, 1, 4, 3, 2, -2, -2, -2]","[-1, -4, -5, -2, -3, -5, -5, -5, -3, -4, -5, -5, -5, -5]"
385,155.09,9,False,607,222,-8,5,[],[],[],[],"[349, 751, 813, 922, 1273]","[600, 714, 698, 747, 783]","[28, 40, -97, 322, -88]","[36, -21, -43, -24, -1]","[545, 1077, 1040, 918, 852, 840, 768, 1062, 826, 477, 828, 860, 800, 1310]","[729, 264, 175, 493, 470, 437, 444, 461, 599, 563, 664, 674, 702, 774]","[-5, 3, 1, 5, 4, 0, 0, 1, 4, 3, 2, -2, -2, -2]","[-1, -5, -5, -2, -3, -5, -5, -5, -3, -4, -5, -5, -5, -5]"
386,155.42,9,False,458,330,-8,4,[],[],[],[],"[371, 762, 773, 1040, 1211]","[614, 694, 678, 727, 763]","[128, 60, -84, 296, -168]","[76, -1, -23, -4, -1]","[445, 1118, 1060, 1018, 932, 840, 768, 1082, 906, 537, 868, 820, 760, 1258]","[692, 164, 75, 453, 410, 337, 344, 361, 536, 483, 564, 574, 602, 674]","[-5, 2, 1, 5, 4, 0, 0, 1, 4, 3, 2, -2, -2, -3]","[-2, -5, -5, -2, -3, -5, -5, -5, -4, -4, -5, -5, -5, -5]"
387,155.76,9,False,288,414,-8,5,[],[],[],[],"[433, 782, 733, 1139, 1120]","[643, 694, 658, 724, 750]","[220, 80, -64, 249, -231]","[116, 19, -3, 16, 6]","[345, 1148, 1118, 1012, 840, 768, 1102, 986, 597, 908, 780, 720, 1198, 386, 774, 767, 1070, 1156]","[652, 64, 413, 350, 237, 244, 261, 456, 403, 464, 474, 502, 574, 668, 685, 671, 737, 772]","[-5, 1, 5, 4, 0, 0, 1, 4, 3, 2, -2, -2, -3, -5, -3, -3, -5, -5]","[-2, -5, -2, -3, -5, -5, -5, -4, -4, -5, -5, -5, -5, 0, -4, -4, -2, -2]"
388,156.09,9,False,363,492,9,2,[383],[528],[5],[1],"[526, 802, 700, 1215, 1007]","[683, 694, 656, 724, 750]","[295, 99, -44, 185, -275]","[140, 39, 17, 36, 26]","[245, 1218, 1092, 840, 768, 1106, 1066, 657, 937, 730, 680, 1138, 286, 714, 707, 970, 1056]","[612, 373, 287, 137, 144, 161, 376, 323, 364, 374, 402, 492, 668, 605, 591, 697, 732]","[-5, 5, 4, 0, 0, 0, 4, 3, 1, -3, -2, -3, -5, -3, -3, -5, -5]","[-2, -2, -4, -5, -5, -5, -4, -4, -5, -5, -5, -4, 0, -4, -4, -2, -2]"
389,156.43,9,False,268,427,-7,-6,[483],[548],[5],[1],"[645, 822, 680, 1263, 887]","[734, 704, 656, 731, 750]","[346, 97, -6, 103, -297]","[158, 57, 35, 54, 44]","[145, 1318, 1172, 832, 768, 1106, 1136, 717, 957, 670, 630, 1078, 186, 654, 647, 870, 956, 689, 867, 710, 1305, 917]","[572, 314, 207, 37, 44, 61, 296, 239, 264, 274, 302, 412, 668, 525, 511, 657, 692, 777, 750, 689, 777, 782]","[-5, 5, 4, -1, 0, 0, 3, 3, 1, -3, -3, -3, -5, -3, -3, -5, -5, -3, -4, -5, -5, -5]","[-2, -3, -4, -5, -5, -5, -4, -5, -5, -5, -5, -4, 0, -4, -4, -2, -2, -4, -3, -2, -1, -3]"
390,156.76,9,False,224,366,0,0,[583],[568],[5],[1],"[765, 842, 660, 1268, 748]","[781, 711, 656, 735, 750]","[336, 57, -6, -17, -330]","[124, 37, 15, 34, 24]","[45, 1401, 1252, 1196, 777, 977, 610, 570, 1018, 86, 579, 587, 770, 856, 629, 787, 610, 1205, 817]","[529, 254, 127, 216, 139, 164, 188, 204, 332, 659, 445, 431, 617, 652, 697, 690, 649, 757, 722]","[-5, 4, 4, 3, 3, 1, -3, -3, -3, -5, -4, -3, -5, -5, -3, -4, -5, -5, -5]","[-3, -3, -4, -4, -5, -5, -4, -4, -4, -1, -4, -4, -2, -2, -4, -3, -2, -1, -3]"
391,157.09,9,False,202,492,-1,9,[683],[588],[5],[1],"[885, 845, 640, 1226, 608]","[813, 711, 651, 735, 750]","[302, 17, -6, -137, -337]","[84, 17, -5, 14, 4]","[1481, 1314, 1256, 829, 990, 550, 510, 948, 499, 527, 670, 756, 569, 707, 510, 1105, 717]","[186, 47, 127, 39, 64, 108, 124, 252, 365, 351, 577, 612, 617, 630, 595, 737, 662]","[4, 3, 3, 2, 0, -3, -3, -4, -4, -3, -5, -5, -3, -4, -5, -5, -5]","[-4, -4, -5, -5, -5, -4, -4, -4, -4, -4, -2, -2, -4, -3, -2, -1, -3]"
392,157.43,9,False,170,600,-1,9,[783],[608],[5],[1],"[984, 833, 620, 1139, 468]","[817, 708, 631, 729, 734]","[245, -23, -6, -244, -315]","[44, -3, -6, -6, -16]","[1546, 1298, 490, 450, 868, 419, 453, 570, 656, 508, 627, 410, 1005, 617, 922, 823, 624, 1168, 556]","[105, 27, 28, 44, 172, 285, 271, 537, 572, 537, 570, 555, 717, 602, 836, 735, 657, 759, 729]","[3, 2, -3, -3, -4, -4, -4, -5, -5, -4, -4, -5, -5, -5, -5, -5, -5, -5, -2]","[-5, -5, -4, -4, -4, -4, -4, -2, -2, -4, -3, -2, -1, -3, -2, -1, -3, -1, -5]"
393,157.76,9,False,219,600,8,4,"[883, 268]","[628, 651]","[5, 5]","[1, 2]","[1056, 806, 600, 1012, 341]","[817, 688, 611, 709, 714]","[170, -63, -6, -331, -266]","[4, -23, -6, -26, -36]","[1576, 788, 339, 373, 470, 556, 428, 547, 310, 905, 517, 822, 723, 524, 1068, 516]","[5, 102, 219, 191, 497, 532, 457, 510, 515, 697, 549, 796, 715, 599, 739, 629]","[0, -4, -4, -4, -5, -5, -4, -4, -5, -5, -5, -5, -5, -5, -5, -2]","[-5, -3, -3, -4, -2, -2, -4, -3, -2, -1, -2, -2, -1, -2, -1, -5]"
394,158.09,9,False,161,600,-9,4,"[983, 368]","[648, 691]","[5, 5]","[1, 2]","[1098, 766, 595, 857, 238]","[793, 668, 600, 689, 688]","[92, -84, 16, -386, -192]","[-34, -41, -4, -44, -54]","[708, 259, 293, 370, 456, 348, 465, 210, 805, 417, 722, 623, 424, 968, 476, 1142, 808, 626, 891, 289]","[42, 159, 112, 457, 492, 377, 450, 475, 677, 509, 756, 695, 559, 719, 529, 840, 713, 638, 727, 731]","[-4, -4, -4, -5, -5, -4, -5, -5, -5, -5, -5, -5, -5, -5, -2, -5, -5, -4, -5, 4]","[-3, -3, -3, -2, -2, -4, -3, -2, -1, -2, -2, -1, -2, -1, -5, -2, -2, 3, -1, -4]"
395,158.43,9,False,98,600,2,9,"[1083, 468]","[676, 738]","[5, 5]","[2, 2]","[1113, 726, 604, 697, 178]","[773, 648, 600, 669, 665]","[35, -64, 73, -374, -63]","[-34, -19, 36, -24, -34]","[178, 213, 270, 356, 268, 365, 110, 705, 317, 622, 523, 324, 868, 436, 1042, 708, 540, 791, 352]","[99, 52, 432, 452, 297, 390, 435, 657, 469, 716, 675, 519, 699, 429, 802, 673, 698, 707, 651]","[-5, -4, -5, -5, -4, -5, -5, -5, -5, -5, -5, -5, -5, -2, -5, -5, -5, -5, 3]","[-3, -3, -1, -2, -4, -3, -2, -1, -2, -2, -1, -2, -1, -5, -1, -2, 3, -1, -4]"
396,158.76,9,False,188,567,6,-7,"[1183, 568]","[716, 778]","[5, 5]","[2, 2]","[1104, 693, 631, 546, 173]","[753, 639, 614, 649, 645]","[-25, -37, 113, -327, 77]","[-34, 21, 76, -3, -9]","[78, 170, 256, 188, 265, 10, 605, 217, 522, 423, 224, 768, 393, 942, 608, 440, 691, 412]","[46, 412, 412, 217, 347, 395, 637, 429, 676, 655, 479, 679, 329, 782, 643, 750, 687, 571]","[-5, -5, -5, -4, -5, -5, -5, -5, -5, -5, -5, -5, -3, -5, -5, -5, -5, 3]","[-2, -1, -2, -4, -2, -2, -1, -2, -2, -1, -2, -1, -5, -1, -1, 2, -1, -4]"
397,159.09,9,False,344,462,8,-5,"[1283, 668]","[756, 818]","[5, 5]","[2, 2]","[1074, 675, 673, 418, 222]","[733, 645, 643, 648, 641]","[-69, 3, 153, -254, 211]","[-17, 61, 116, 37, 31]","[70, 156, 108, 165, 505, 117, 422, 323, 124, 668, 333, 842, 508, 340, 591, 472, 1088, 663, 654, 458, 247]","[392, 372, 150, 307, 617, 389, 636, 635, 439, 659, 229, 762, 623, 790, 667, 483, 770, 685, 638, 661, 621]","[-5, -5, -4, -5, -5, -5, -5, -5, -5, -5, -3, -5, -5, -5, -5, 3, -5, -5, -4, -5, 2]","[-1, -2, -3, -2, -1, -2, -2, -1, -2, -1, -5, -1, -1, 2, -1, -5, -2, 1, -3, -2, -5]"
398,159.43,8,False,489,347,7,-6,"[1383, 768]","[796, 845]","[5, 5]","[2, 1]","[1029, 675, 733, 327, 322]","[717, 665, 683, 662, 652]","[-109, 43, 183, -158, 328]","[3, 87, 140, 66, 70]","[56, 28, 65, 405, 17, 322, 223, 24, 568, 273, 742, 408, 240, 491, 988, 563, 574, 358, 291]","[332, 90, 267, 597, 349, 596, 615, 399, 639, 129, 736, 593, 830, 647, 730, 705, 578, 621, 521]","[-5, -4, -5, -5, -5, -5, -5, -5, -5, -3, -5, -5, -5, -5, -5, -5, -4, -5, 3]","[-2, -3, -2, -1, -2, -2, -1, -2, -1, -5, -2, -2, 2, -1, -2, 1, -3, -2, -5]"
399,159.76,8,False,655,266,9,-2,"[1483, 868]","[836, 865]","[5, 5]","[2, 1]","[969, 692, 797, 276, 464]","[717, 693, 734, 682, 672]","[-141, 81, 201, -49, 418]","[21, 105, 158, 84, 88]","[305, 222, 123, 468, 213, 642, 308, 140, 391, 888, 463, 494, 258, 351, 1002, 733, 843, 327, 503]","[577, 556, 595, 619, 29, 696, 553, 859, 627, 690, 711, 509, 581, 421, 747, 737, 779, 726, 706]","[-5, -5, -5, -5, -3, -5, -5, -5, -5, -5, -5, -4, -5, 3, -2, -5, -3, 2, 0]","[-1, -2, -1, -1, -5, -2, -2, 1, -1, -2, 0, -4, -2, -5, -5, -2, -4, -5, -5]"
400,160.09,8,False,802,318,0,9,"[1583, 968]","[876, 885]","[5, 5]","[2, 1]","[892, 712, 858, 264, 624]","[717, 718, 781, 702, 692]","[-199, 70, 162, 31, 441]","[1, 85, 124, 64, 68]","[205, 122, 23, 368, 542, 208, 40, 291, 788, 363, 414, 158, 411, 962, 633, 783, 367, 503]","[557, 516, 575, 599, 656, 513, 873, 607, 650, 711, 429, 523, 327, 647, 697, 694, 626, 606]","[-5, -5, -5, -5, -5, -5, -5, -5, -5, -5, -4, -5, 3, -2, -5, -3, 2, 0]","[-1, -2, -1, -1, -2, -2, 0, -1, -2, 0, -4, -3, -4, -5, -2, -5, -5, -5]"
401,160.42,8,False,796,480,9,1,[819],[491],[-1],[5],"[792, 732, 904, 283, 784]","[698, 738, 806, 716, 710]","[-238, 50, 121, 111, 431]","[-19, 65, 84, 44, 48]","[105, 22, 268, 442, 108, 191, 688, 263, 334, 77, 471, 922, 533, 723, 407, 513]","[537, 476, 579, 616, 473, 570, 593, 711, 349, 463, 247, 547, 637, 594, 526, 506]","[-5, -5, -5, -5, -5, -5, -5, -5, -4, -4, 3, -2, -5, -3, 2, 1]","[-1, -2, -1, -2, -2, -2, -3, 0, -4, -3, -4, -5, -3, -5, -5, -5]"
402,160.76,7,False,970,436,8,-5,[799],[591],[-1],[5],"[684, 732, 931, 334, 940]","[678, 752, 802, 716, 710]","[-256, 30, 61, 180, 389]","[-39, 38, 44, 24, 28]","[5, 168, 342, 8, 91, 588, 163, 258, 531, 450, 663, 447, 533, 783, 800, 948, 383, 899]","[517, 559, 576, 433, 530, 533, 711, 269, 167, 577, 494, 426, 406, 674, 728, 796, 707, 690]","[-5, -5, -5, -5, -5, -5, -5, -3, 3, -4, -3, 2, 1, 0, 3, -2, 4, 0]","[-1, -1, -2, -2, -2, -3, 0, -4, -4, -3, -5, -5, -5, -5, -5, -5, -4, -5]"
403,161.09,7,False,1105,388,9,0,[779],[691],[-1],[5],"[565, 732, 934, 408, 1072]","[649, 751, 802, 716, 710]","[-250, 10, 1, 239, 318]","[-59, -2, 4, 4, 8]","[68, 242, 488, 63, 198, 611, 370, 603, 493, 553, 783, 860, 908, 463, 899]","[539, 536, 473, 711, 189, 87, 517, 394, 326, 306, 574, 628, 696, 627, 590]","[-5, -5, -5, -5, -3, 4, -4, -3, 3, 1, 0, 3, -2, 4, 0]","[-1, -2, -3, 0, -4, -4, -3, -5, -5, -5, -5, -5, -5, -4, -5]"
404,161.43,7,False,1204,382,0,0,[],[],[],[],"[465, 911, 503, 1170, 280]","[609, 784, 700, 698, 749]","[-221, -57, 281, 225, 6]","[-57, -34, -14, -10, 1]","[142, 396, 138, 691, 295, 563, 553, 573, 783, 920, 877, 543, 899, 515, 958, 549, 1215, 320]","[496, 413, 101, 24, 438, 294, 231, 206, 474, 528, 596, 551, 490, 653, 826, 738, 735, 783]","[-5, -4, -3, 4, -3, -2, 3, 1, 0, 3, -1, 4, 0, 5, 0, 5, 3, 5]","[-2, -3, -5, -3, -4, -5, -4, -5, -5, -5, -5, -3, -5, -1, -5, -3, -5, -1]"
405,161.76,7,False,1224,434,-6,7,[],[],[],[],"[383, 871, 617, 1238, 298]","[600, 764, 687, 689, 749]","[-136, -63, 339, 153, 126]","[-17, -34, 6, 10, 21]","[42, 316, 98, 239, 523, 613, 601, 783, 980, 857, 623, 899, 615, 973, 649, 1261, 420]","[456, 353, 1, 350, 194, 151, 106, 374, 446, 496, 491, 390, 633, 726, 678, 635, 763]","[-5, -4, -2, -2, -2, 3, 2, 0, 3, -1, 4, 0, 5, 1, 5, 2, 5]","[-2, -3, -5, -5, -5, -4, -5, -5, -4, -5, -3, -5, -1, -5, -3, -5, -1]"
406,162.09,7,False,1127,434,3,-9,[1146],[544],[-5],[3],"[339, 831, 752, 1271, 360]","[600, 744, 687, 689, 749]","[-36, -63, 372, 73, 228]","[23, -28, 26, 30, 41]","[236, 208, 483, 673, 641, 783, 1040, 837, 703, 899, 715, 993, 749, 1301, 520]","[293, 250, 94, 71, 6, 274, 366, 396, 431, 290, 613, 626, 618, 535, 743]","[-4, -1, -2, 3, 2, 0, 3, -1, 4, 0, 5, 1, 5, 2, 5]","[-3, -5, -5, -4, -5, -5, -4, -5, -3, -5, -1, -5, -3, -5, -1]"
407,162.42,7,False,1200,264,4,-8,[1046],[604],[-5],[3],"[335, 791, 892, 1274, 461]","[607, 724, 687, 690, 761]","[64, -59, 379, -7, 317]","[63, -8, 46, 50, 51]","[156, 207, 783, 1100, 835, 783, 899, 815, 1013, 849, 1341, 620, 411, 891, 890, 1289, 502]","[233, 150, 174, 286, 296, 371, 190, 593, 526, 558, 435, 723, 602, 737, 667, 669, 781]","[-4, 1, 0, 3, 0, 4, 0, 5, 1, 5, 2, 5, 4, 3, 3, -2, 5]","[-3, -5, -5, -4, -5, -3, -5, -1, -5, -3, -5, -1, -3, -4, -5, -5, -1]"
408,162.76,7,False,1283,104,5,-8,[957],[664],[-4],[3],"[371, 763, 1032, 1244, 593]","[629, 717, 704, 710, 781]","[164, -39, 357, -87, 384]","[103, 12, 66, 70, 51]","[76, 243, 789, 1160, 835, 863, 899, 915, 1033, 949, 1381, 720, 491, 951, 950, 1249, 602]","[156, 51, 74, 206, 196, 311, 90, 573, 426, 498, 335, 703, 542, 657, 567, 569, 761]","[-4, 3, 1, 3, 0, 4, 0, 5, 1, 5, 2, 5, 4, 3, 3, -2, 5]","[-4, -4, -5, -4, -5, -3, -5, -1, -5, -3, -5, -1, -3, -4, -5, -5, -1]"
409,163.09,7,False,1305,54,0,0,[877],[724],[-4],[3],"[446, 743, 1155, 1182, 747]","[669, 717, 724, 730, 800]","[252, -21, 306, -165, 419]","[132, 30, 84, 88, 49]","[10, 1220, 835, 943, 1015, 1053, 1049, 1414, 820, 571, 1011, 1010, 1209, 702, 496, 782, 1197, 1224, 784]","[76, 126, 96, 251, 553, 326, 438, 235, 683, 482, 577, 467, 469, 741, 711, 749, 759, 767, 830]","[-3, 3, 0, 4, 5, 1, 5, 1, 5, 4, 3, 3, -2, 5, 5, 4, 2, 0, 2]","[-4, -4, -5, -3, -1, -5, -3, -5, -1, -3, -4, -5, -5, -1, -3, -3, -5, -5, -5]"
410,163.42,7,False,1305,63,0,9,[797],[784],[-4],[3],"[546, 723, 1245, 1086, 900]","[709, 717, 744, 750, 800]","[283, -41, 195, -263, 386]","[112, 10, 64, 68, 9]","[1280, 1023, 1115, 1075, 1149, 1434, 920, 651, 1071, 1070, 1169, 802, 596, 862, 1237, 1224, 824]","[46, 191, 533, 226, 378, 135, 663, 422, 497, 367, 369, 707, 651, 689, 659, 667, 730]","[3, 4, 5, 2, 5, 1, 5, 4, 3, 3, -2, 5, 5, 4, 2, 0, 2]","[-4, -3, -1, -5, -3, -5, -1, -3, -4, -5, -5, -2, -3, -3, -5, -5, -5]"
411,163.76,7,False,1328,237,5,8,[710],[844],[-5],[3],"[646, 692, 1287, 955, 1032]","[741, 707, 754, 759, 784]","[294, -57, 75, -337, 322]","[92, -10, 31, 29, -31]","[1103, 1215, 1115, 1249, 1454, 1020, 731, 1131, 1130, 1144, 902, 696, 942, 1277, 1224, 864]","[131, 513, 126, 318, 35, 643, 362, 417, 267, 269, 667, 591, 619, 559, 567, 630]","[4, 5, 2, 5, 1, 5, 4, 3, 3, -1, 5, 5, 4, 2, 0, 2]","[-3, -1, -5, -3, -5, -1, -3, -4, -5, -5, -2, -3, -4, -5, -5, -5]"
412,164.09,7,False,1417,397,1,9,[],[],[],[],"[746, 652, 1283, 799, 1134]","[761, 687, 749, 753, 753]","[285, -57, -45, -385, 235]","[62, -30, -8, -11, -71]","[1192, 1315, 1155, 1349, 1120, 811, 1191, 1190, 1124, 1002, 796, 1022, 1317, 1224, 904, 792, 774, 1348, 958, 1165]","[71, 493, 26, 258, 623, 302, 337, 187, 169, 627, 531, 554, 459, 467, 530, 770, 722, 734, 750, 763]","[5, 5, 2, 5, 5, 4, 3, 3, -1, 5, 5, 4, 2, 0, 2, 5, 5, 2, 4, 3]","[-3, -1, -5, -3, -1, -3, -4, -4, -5, -2, -3, -3, -5, -5, -5, -2, -2, -5, -4, -5]"
413,164.43,7,False,1369,567,0,0,[],[],[],[],"[846, 612, 1229, 639, 1198]","[767, 667, 729, 733, 713]","[256, -57, -165, -398, 135]","[22, -50, -28, -34, -93]","[1292, 1415, 1449, 1220, 891, 1252, 1250, 1104, 1102, 896, 1102, 1357, 1224, 944, 892, 874, 1388, 1038, 1225]","[15, 473, 198, 603, 242, 257, 107, 69, 587, 471, 494, 359, 367, 430, 730, 682, 634, 670, 663]","[5, 5, 5, 5, 4, 4, 3, -1, 5, 5, 4, 2, 0, 2, 5, 5, 2, 4, 3]","[-2, -1, -3, -1, -3, -4, -4, -5, -2, -3, -3, -5, -5, -5, -2, -2, -5, -4, -5]"
414,164.76,4,False,1208,600,-9,1,[1300],[645],[-5],[1],"[929, 580, 1129, 479, 1218]","[758, 627, 709, 709, 660]","[211, -41, -270, -379, 19]","[-16, -57, -46, -52, -111]","[1515, 1549, 987, 1332, 1310, 1202, 996, 1182, 1397, 1224, 984, 992, 974, 1118, 974, 631, 1172, 526, 1255]","[453, 153, 182, 177, 27, 547, 431, 434, 259, 267, 330, 690, 642, 590, 795, 673, 744, 751, 700]","[5, 5, 5, 4, 3, 5, 5, 4, 2, 0, 2, 5, 5, 4, 3, 5, 3, 5, 2]","[-1, -2, -3, -4, -4, -2, -2, -3, -5, -5, -5, -2, -2, -4, -5, 0, -5, 0, 5]"
415,165.09,2,False,1034,600,-5,8,[],[],[],[],"[1000, 567, 1001, 335]","[738, 604, 689, 688]","[191, 19, -315, -290]","[-4, -17, -26, -32]","[1087, 1412, 1302, 1096, 1262, 1437, 1224, 1036, 1198, 1034, 731, 1232, 626, 1295]","[122, 97, 507, 391, 374, 159, 167, 230, 510, 695, 673, 644, 751, 800]","[5, 4, 5, 5, 4, 2, 0, 3, 4, 3, 5, 3, 5, 2]","[-3, -4, -2, -2, -3, -5, -5, -5, -4, -5, 0, -5, 0, 5]"
416,165.42,2,False,1171,600,9,0,[],[],[],[],"[1060, 577, 861, 233]","[735, 600, 669, 668]","[152, 79, -331, -176]","[16, 23, -6, -12]","[1187, 1492, 1402, 1196, 1342, 1477, 1224, 1096, 1278, 1094, 831, 1292, 726, 1335]","[82, 17, 467, 351, 314, 59, 67, 130, 430, 595, 673, 544, 751, 900]","[5, 4, 5, 5, 4, 2, 0, 3, 4, 3, 5, 3, 5, 2]","[-2, -4, -2, -2, -3, -5, -5, -5, -4, -5, 0, -5, 0, 5]"
417,165.76,2,False,1306,600,0,0,[],[],[],[],"[1101, 611, 721, 178, 507]","[735, 607, 664, 657, 724]","[112, 134, -320, -46, 33]","[36, 63, 14, 8, 11]","[1287, 1502, 1296, 1422, 1156, 1358, 1154, 931, 1352, 826, 1160, 681, 859, 298, 597]","[42, 427, 311, 254, 37, 352, 495, 673, 444, 751, 737, 635, 655, 702, 748]","[5, 5, 5, 4, 3, 4, 3, 5, 3, 5, 4, 5, 3, 5, 5]","[-2, -2, -2, -3, -4, -3, -5, 0, -5, 0, -3, 0, -4, 0, -1]"
418,166.09,2,False,1169,535,-7,-6,[],[],[],[],"[1125, 664, 590, 179, 522]","[742, 629, 664, 657, 724]","[52, 174, -282, 94, 93]","[56, 103, 34, 28, 31]","[1387, 1396, 1502, 1438, 1214, 1031, 1412, 926, 1240, 781, 919, 398, 697]","[2, 271, 194, 292, 415, 673, 344, 751, 677, 635, 575, 702, 728]","[5, 5, 4, 4, 3, 5, 3, 5, 4, 5, 3, 5, 5]","[-2, -2, -3, -3, -4, 0, -5, 0, -3, 0, -4, 0, -1]"
419,166.42,2,False,1020,425,-8,-5,[],[],[],[],"[1122, 732, 480, 237, 562]","[762, 669, 669, 657, 725]","[-10, 205, -220, 222, 151]","[63, 132, 52, 46, 49]","[1496, 1582, 1518, 1274, 1131, 1472, 1026, 1320, 881, 979, 498, 797, 1168, 779, 526, 277, 601]","[231, 134, 232, 335, 673, 244, 750, 615, 635, 495, 702, 708, 807, 711, 708, 692, 756]","[5, 4, 4, 3, 5, 3, 5, 4, 5, 3, 5, 5, -3, 0, 5, 5, 4]","[-2, -3, -3, -4, 0, -5, -1, -4, 0, -4, 0, -1, -4, -5, -2, 0, -4]"
420,166.76,1,False,985,421,-9,1,[],[],[],[],"[1088, 797, 391, 331, 622]","[768, 709, 671, 657, 725]","[-105, 185, -178, 296, 164]","[23, 112, 32, 26, 29]","[1596, 1598, 1334, 1231, 1512, 1126, 1400, 981, 598, 897, 1108, 779, 626, 377, 681]","[191, 160, 249, 673, 144, 730, 535, 635, 702, 688, 727, 611, 668, 692, 676]","[5, 4, 3, 5, 2, 5, 4, 5, 5, 5, -3, 0, 5, 5, 4]","[-2, -4, -5, 0, -5, -1, -4, 0, 0, -1, -4, -5, -2, 0, -4]"
421,167.09,1,False,805,451,-9,2,[],[],[],[],"[1019, 855, 322, 450, 682]","[759, 741, 671, 657, 725]","[-185, 147, -118, 348, 164]","[-17, 92, 12, 6, 9]","[1394, 1331, 1552, 1226, 1460, 1081, 698, 997, 1048, 779, 726, 477, 761]","[149, 673, 44, 710, 455, 635, 702, 668, 647, 511, 628, 682, 596]","[3, 5, 2, 5, 3, 5, 5, 5, -3, 0, 5, 5, 4]","[-5, 0, -5, -1, -4, 0, 0, -1, -4, -5, -2, -1, -4]"
422,177.08,0,False,778,454,-9,1,[],[],[],[],"[1007, 861, 313, 471, 691]","[756, 744, 671, 657, 725]","[-197, 141, -109, 354, 164]","[-23, 89, 9, 3, 6]","[1400, 1346, 1558, 1241, 1469, 1096, 713, 1012, 1039, 741, 492, 773]","[134, 673, 29, 707, 443, 635, 702, 662, 635, 622, 679, 584]","[2, 5, 2, 5, 3, 5, 5, 5, -3, 5, 5, 4]","[-5, 0, -5, -1, -4, 0, 0, -2, -4, -2, -1, -4]"
423,177.36,10,False,699,420,-6,7,[],[],[],[],[538],[641],[17],[-8],[],[],[],[]
424,177.64,10,False,642,458,0,0,[],[],[],[],[538],[621],[37],[-8],[],[],[],[]
425,177.92,10,False,571,534,0,0,[],[],[],[],"[546, 781]","[605, 647]","[71, -3]","[6, 2]",[],[],[],[]
426,178.2,10,False,695,459,7,-6,[],[],[],[],"[577, 779]","[605, 647]","[131, 17]","[46, 42]",[],[],[],[]
427,178.49,10,False,831,345,0,0,[],[],[],[],"[631, 779, 1465]","[624, 664, 629]","[181, 37, -102]","[86, 69, 34]",[],[],[],[]
428,178.79,10,False,823,466,-5,8,[868],[516],[-4],[5],"[702, 787, 1389]","[658, 684, 642]","[221, 57, -220]","[123, 89, 74]",[],[],[],[]
429,179.1,10,False,762,553,-9,-1,[806],[616],[-3],[5],"[782, 807, 1271, 657]","[698, 714, 666, 776]","[241, 71, -316, 34]","[143, 109, 103, 0]",[],[],[],[]
430,179.4,10,False,582,548,-9,0,[746],[716],[-3],[5],"[862, 827, 1119, 670]","[751, 754, 706, 769]","[232, 57, -400, 60]","[149, 114, 109, -14]",[],[],[],[]
431,179.71,10,False,429,570,-9,1,[],[],[],[],"[936, 830, 930, 1317]","[791, 781, 735, 764]","[182, 17, -476, -119]","[109, 74, 89, -34]",[],[],[],[]
432,180.0,10,False,330,563,0,0,[],[],[],[],"[986, 818, 720, 1233]","[806, 793, 755, 732]","[122, -23, -512, -245]","[69, 34, 65, -65]",[],[],[],[]
433,180.3,10,False,324,499,5,-8,[],[],[],[],"[1013, 791, 500, 1101, 147]","[802, 790, 762, 692, 603]","[50, -59, -505, -351, 85]","[29, -6, 25, -85, 0]",[],[],[],[]
434,180.62,10,False,488,430,9,-1,[],[],[],[],"[1005, 751, 298, 933, 193]","[796, 770, 754, 647, 603]","[-30, -79, -455, -425, 185]","[-11, -46, -15, -104, 0]",[],[],[],[]
435,180.91,10,False,668,424,9,0,[],[],[],[],"[970, 711, 124, 744, 277]","[776, 732, 734, 600, 603]","[-81, -85, -352, -450, 282]","[-37, -63, -25, -90, 14]",[],[],[],[]
436,181.22,10,False,848,424,9,0,[],[],[],[],"[929, 671, 6, 564, 403]","[756, 700, 714, 600, 606]","[-101, -51, -196, -411, 387]","[-37, -43, -5, -50, 54]",[],[],[],[]
437,181.51,10,False,1028,439,9,4,[],[],[],[],"[869, 651, 0, 404, 564]","[736, 680, 710, 600, 626]","[-111, -11, -18, -339, 460]","[-23, -23, 15, -10, 94]",[],[],[],[]
438,181.82,10,False,906,509,-9,2,[953],[547],[-6],[1],"[809, 646, 21, 280, 746]","[716, 660, 710, 600, 664]","[-111, 29, 150, -237, 501]","[-3, -3, 35, 30, 128]",[],[],[],[]
439,182.12,10,False,887,567,9,0,[833],[580],[-6],[2],"[756, 656, 105, 200, 946]","[714, 658, 716, 611, 704]","[-94, 69, 310, -117, 503]","[17, 17, 55, 70, 148]",[],[],[],[]
440,182.43,10,False,1058,542,9,0,[713],[620],[-6],[2],"[716, 676, 248, 171, 1129]","[714, 658, 736, 631, 763]","[-88, 95, 431, 9, 452]","[23, 23, 61, 96, 150]",[],[],[],[]
441,182.73,10,False,1093,531,0,0,[593],[660],[-6],[2],"[676, 696, 424, 185, 1277]","[714, 658, 747, 651, 803]","[-96, 95, 496, 109, 341]","[3, 3, 41, 96, 110]",[],[],[],[]
442,183.04,10,False,1123,539,6,7,[473],[700],[-6],[2],"[636, 716, 623, 237, 1376]","[697, 641, 747, 671, 815]","[-96, 80, 522, 197, 205]","[-17, -8, 21, 76, 70]",[],[],[],[]
443,183.35,10,False,1074,600,-9,2,[],[],[],[],"[596, 736, 823, 1417]","[677, 621, 747, 806]","[-94, 60, 508, 54]","[-37, -8, 1, 30]",[],[],[],[]
444,183.65,10,False,958,600,0,0,[977],[675],[-6],[2],"[556, 746, 1007, 1395]","[650, 601, 728, 801]","[-74, 40, 457, -104]","[-57, -8, -19, -10]",[],[],[],[]
445,183.95,10,False,970,473,7,-6,[857],[715],[-6],[2],"[520, 746, 1162, 1315, 1079]","[614, 600, 708, 781, 646]","[-40, 34, 383, -230, -54]","[-43, 6, -25, -36, 4]",[],[],[],[]
446,184.25,10,False,1113,465,0,0,[737],[750],[-6],[1],"[507, 751, 1291, 1195, 1039]","[600, 600, 688, 761, 646]","[20, 54, 309, -313, -94]","[-3, 46, -5, -36, 44]",[],[],[],[]
447,184.55,10,False,1219,487,7,6,[617],[770],[-6],[1],"[518, 771, 1385, 1047, 982]","[600, 619, 684, 741, 664]","[80, 74, 211, -367, -128]","[37, 86, 15, -27, 71]",[],[],[],[]
448,184.85,10,False,1181,570,-8,4,[514],[770],[-5],[0],"[552, 791, 1437, 887, 922]","[614, 653, 684, 721, 684]","[140, 94, 96, -392, -148]","[77, 125, 35, -7, 91]",[],[],[],[]
449,185.15,10,False,1033,600,0,0,[414],[770],[-5],[0],"[609, 826, 1440, 727, 844]","[643, 693, 690, 715, 716]","[198, 102, -24, -383, -154]","[117, 145, 55, 13, 111]",[],[],[],[]
450,185.45,10,False,946,600,-9,3,[314],[770],[-5],[0],"[689, 860, 1395, 567, 764]","[683, 749, 710, 715, 756]","[224, 88, -157, -357, -159]","[127, 151, 61, 19, 115]","[747, 881, 1430, 685, 835]","[718, 744, 720, 757, 756]","[5, -3, -4, 5, 0]","[0, -5, -4, 1, -5]"
451,185.79,10,False,936,600,2,9,"[214, 970]","[770, 655]","[-5, 1]","[0, 5]","[769, 879, 1294, 421, 684]","[723, 790, 721, 714, 783]","[207, 48, -296, -326, -175]","[107, 112, 41, -1, 75]","[847, 823, 1350, 785, 835]","[718, 644, 640, 777, 656]","[5, -2, -4, 5, 0]","[0, -5, -4, 1, -5]"
452,186.12,10,False,1024,504,6,-7,"[114, 990]","[761, 755]","[-5, 1]","[-1, 5]","[836, 879, 1141, 292, 604]","[750, 816, 721, 694, 795]","[176, 8, -409, -268, -175]","[87, 72, 21, -21, 35]","[947, 783, 1270, 885, 835]","[718, 544, 560, 797, 556]","[5, -2, -4, 5, 0]","[0, -5, -4, 1, -5]"
453,186.45,10,False,1053,346,-9,-3,"[14, 998]","[733, 855]","[-5, 0]","[-2, 5]","[889, 863, 950, 192, 524]","[769, 802, 721, 674, 792]","[136, -32, -489, -186, -156]","[48, 32, 1, -41, -5]","[1047, 743, 1190, 985, 842, 892, 965, 1123, 393, 657]","[718, 444, 480, 812, 456, 713, 787, 671, 696, 745]","[5, -2, -4, 5, 1, 0, 3, -1, 5, 2]","[0, -5, -4, 0, -5, -5, -4, -5, -2, -5]"
454,186.79,10,False,972,303,5,-8,[],[],[],[],"[923, 832, 733, 128, 459]","[769, 798, 702, 643, 772]","[82, -72, -528, -86, -123]","[8, -8, -19, -58, -45]","[1147, 719, 1110, 1085, 862, 892, 1025, 1103, 493, 697]","[718, 344, 412, 812, 356, 613, 707, 571, 656, 645]","[5, -1, -4, 5, 1, 0, 3, -1, 5, 2]","[0, -5, -3, 0, -5, -5, -4, -5, -2, -5]"
455,187.12,10,False,1132,261,9,0,[],[],[],[],"[933, 792, 513, 106, 408]","[753, 778, 682, 607, 734]","[36, -94, -510, 28, -69]","[-18, -34, -25, -44, -63]","[1247, 704, 1030, 1185, 882, 892, 1085, 1083, 593, 737, 982, 872, 645, 188, 490]","[715, 244, 345, 812, 256, 513, 627, 471, 616, 545, 759, 803, 698, 647, 767]","[5, 0, -4, 5, 1, 0, 3, -1, 5, 2, 2, 3, 4, 5, 3]","[-1, -5, -4, 0, -5, -5, -4, -5, -2, -5, -5, -4, -4, -2, -4]"
456,187.45,10,False,1242,335,1,9,[],[],[],[],"[933, 752, 317, 136, 390]","[733, 758, 662, 600, 702]","[16, -74, -424, 168, 27]","[-1, -34, -5, -4, -43]","[1347, 704, 950, 1285, 902, 892, 1145, 1063, 693, 777, 1022, 932, 725, 288, 550]","[695, 144, 265, 812, 156, 413, 529, 371, 576, 445, 659, 723, 618, 607, 687]","[5, 0, -4, 5, 1, 0, 3, -1, 5, 2, 2, 3, 4, 5, 3]","[-1, -5, -4, 0, -5, -5, -5, -5, -2, -5, -5, -4, -4, -2, -4]"
457,187.79,9,False,1135,392,4,-9,[1185],[466],[-5],[2],"[929, 712, 161, 222, 412]","[733, 738, 658, 600, 682]","[-4, -54, -301, 304, 122]","[19, -22, 15, 36, -23]","[1447, 719, 870, 1385, 923, 892, 1063, 793, 817, 1062, 992, 805, 388, 610]","[675, 44, 185, 812, 56, 313, 271, 536, 345, 559, 643, 538, 567, 607]","[5, 2, -4, 5, 2, 0, 0, 5, 2, 2, 3, 4, 5, 3]","[-1, -5, -4, 0, -5, -5, -5, -2, -5, -5, -4, -4, -2, -4]"
458,188.12,9,False,1242,243,6,-7,[1085],[514],[-5],[3],"[909, 689, 61, 359, 467]","[733, 718, 658, 614, 662]","[-24, -23, -152, 417, 202]","[39, -2, 35, 76, -3]","[1547, 790, 1485, 906, 1063, 893, 857, 1102, 1052, 885, 488, 670, 1028, 805, 257, 366, 552]","[655, 105, 812, 213, 171, 496, 245, 459, 563, 458, 527, 527, 700, 698, 659, 629, 725]","[5, -4, 5, 1, 0, 5, 2, 2, 3, 4, 5, 3, 4, 3, 5, 5, 5]","[-1, -4, 0, -5, -5, -2, -5, -5, -4, -4, -2, -4, -4, -5, -2, -1, 0]"
459,188.46,9,False,1362,316,3,9,[985],[574],[-5],[3],"[889, 678, 25, 534, 555]","[743, 717, 664, 643, 660]","[-33, 17, 8, 500, 271]","[59, 18, 55, 116, 17]","[710, 1585, 926, 1067, 993, 916, 1142, 1112, 965, 588, 730, 1108, 865, 357, 466, 652]","[25, 793, 113, 71, 456, 145, 359, 483, 378, 487, 447, 620, 604, 619, 609, 720]","[-4, 5, 1, 1, 5, 3, 2, 3, 4, 5, 3, 4, 3, 5, 5, 5]","[-4, -1, -5, -5, -2, -5, -5, -4, -4, -2, -4, -4, -4, -2, -1, -1]"
460,188.79,9,False,1363,496,-2,9,[895],[634],[-4],[3],"[869, 678, 50, 734, 666]","[763, 717, 684, 683, 660]","[-47, 43, 154, 530, 307]","[53, 24, 61, 126, 23]","[961, 1093, 976, 1182, 1172, 1045, 688, 802, 1188, 925, 457, 566, 752, 952, 748, 119, 750, 700]","[13, 416, 61, 259, 403, 304, 447, 367, 540, 524, 579, 589, 700, 778, 738, 725, 705, 681]","[2, 5, 3, 2, 3, 4, 5, 4, 4, 3, 5, 5, 5, 4, 5, 5, 5, 5]","[-5, -2, -4, -5, -4, -3, -2, -4, -4, -4, -2, -1, -1, -4, -2, 0, -1, -2]"
461,189.12,9,False,1340,600,0,9,[],[],[],[],"[830, 678, 127, 932]","[764, 717, 695, 723]","[-87, 43, 269, 494]","[13, 4, 41, 106]","[1193, 1235, 1242, 1125, 788, 882, 1268, 985, 557, 666, 852, 1032, 848, 219, 850, 800]","[376, 159, 323, 244, 409, 287, 460, 444, 539, 569, 680, 698, 698, 725, 685, 641]","[5, 3, 4, 4, 5, 4, 4, 3, 5, 5, 5, 4, 5, 5, 5, 5]","[-2, -5, -4, -3, -1, -4, -4, -4, -2, -1, -1, -4, -2, 0, -1, -2]"
462,189.45,9,False,1366,600,2,9,[],[],[],[],"[776, 678, 245, 1105]","[750, 701, 695, 749]","[-119, 43, 363, 422]","[-27, -16, 21, 86]","[1293, 1295, 1322, 1205, 888, 962, 1348, 1045, 657, 766, 952, 1112, 948, 319, 950, 900]","[336, 73, 243, 184, 389, 213, 380, 364, 514, 562, 660, 618, 658, 725, 665, 601]","[5, 3, 4, 4, 5, 4, 4, 3, 5, 5, 5, 4, 5, 5, 5, 5]","[-2, -4, -4, -3, -1, -3, -4, -4, -1, 0, -1, -4, -2, 0, -1, -2]"
463,189.79,9,False,1307,600,-7,6,[1354],[654],[-4],[3],"[716, 678, 396, 1243, 199]","[730, 681, 695, 768, 627]","[-139, 43, 431, 316, 85]","[-47, -36, 1, 48, 0]","[1393, 1402, 1285, 988, 1042, 1428, 1119, 757, 866, 1052, 1192, 1048, 419, 1050, 1000, 893, 798, 393, 1261, 311]","[315, 163, 124, 369, 153, 300, 284, 494, 562, 640, 546, 618, 725, 645, 561, 790, 732, 730, 741, 662]","[5, 4, 4, 5, 4, 4, 4, 5, 5, 5, 4, 5, 5, 5, 5, 5, 5, 5, 5, 5]","[-1, -4, -3, -1, -3, -4, -4, -1, 0, -1, -3, -2, 0, -1, -2, 0, 0, 0, -3, 0]"
464,190.12,9,False,1284,600,8,4,[1274],[714],[-4],[3],"[656, 678, 568, 1334, 241]","[693, 655, 676, 768, 627]","[-145, 43, 465, 188, 167]","[-67, -56, -19, 8, 0]","[1493, 1482, 1365, 1088, 1122, 1508, 1199, 857, 966, 1152, 1272, 1148, 519, 1150, 1100, 993, 898, 493, 1358, 411]","[295, 101, 64, 349, 93, 220, 204, 474, 562, 620, 486, 578, 725, 625, 521, 790, 732, 730, 681, 662]","[5, 4, 4, 5, 4, 4, 4, 5, 5, 5, 4, 5, 5, 5, 5, 5, 5, 5, 4, 5]","[-1, -3, -3, -1, -3, -4, -4, -1, 0, -1, -3, -2, 0, -1, -2, 0, 0, 0, -3, 0]"
465,190.46,8,False,1374,600,0,0,[1194],[774],[-4],[3],"[596, 682, 748, 1371, 315]","[653, 618, 656, 752, 627]","[-130, 57, 478, 62, 258]","[-73, -45, -25, -18, 14]","[1593, 1562, 1458, 1188, 1213, 1588, 1279, 957, 1066, 1252, 1352, 1248, 619, 1250, 1200, 1093, 998, 593, 511, 697, 748, 768, 1400, 359]","[275, 41, 4, 329, 33, 157, 135, 454, 562, 600, 426, 538, 725, 605, 481, 790, 732, 730, 662, 713, 676, 701, 772, 655]","[5, 4, 5, 5, 5, 4, 4, 5, 5, 5, 4, 5, 5, 5, 5, 5, 5, 5, 5, 5, 5, 5, -2, 5]","[-1, -3, -3, -1, -3, -3, -3, -1, 0, -1, -3, -2, 0, -1, -2, 0, 0, 0, 0, 0, 2, 0, -5, -1]"
466,190.79,8,False,1378,492,0,-9,[1114],[846],[-4],[3],"[547, 702, 928, 1365, 429]","[621, 600, 641, 733, 630]","[-70, 96, 481, -38, 354]","[-35, -5, 9, 0, 54]","[1288, 1359, 1057, 1166, 1352, 1432, 1348, 719, 1350, 1300, 1193, 1098, 693, 611, 797, 848, 868, 1360, 459]","[309, 75, 434, 562, 599, 366, 498, 725, 585, 441, 790, 732, 730, 662, 713, 716, 701, 672, 635]","[5, 4, 5, 5, 5, 4, 5, 5, 5, 5, 5, 5, 5, 5, 5, 5, 5, -2, 5]","[-1, -3, -1, 0, 0, -3, -2, 0, -1, -2, 0, 0, 0, 0, 0, 2, 0, -5, -1]"
467,191.12,7,False,1365,318,-7,-6,[],[],[],[],"[521, 739, 1108, 1319, 578]","[604, 600, 641, 733, 650]","[-10, 116, 450, -138, 425]","[5, 35, 49, 20, 94]","[1388, 1439, 1157, 1266, 1452, 1512, 819, 1450, 1400, 1293, 1198, 793, 711, 897, 948, 968, 1320, 559]","[289, 15, 414, 562, 580, 306, 725, 565, 401, 790, 732, 730, 662, 713, 753, 701, 572, 615]","[5, 4, 5, 5, 5, 4, 5, 5, 5, 5, 5, 5, 5, 5, 5, 5, -2, 5]","[-1, -3, -1, 0, -1, -3, 0, -1, -2, 0, 0, 0, 0, 0, 1, 0, -5, -1]"
468,191.46,7,False,1192,268,-9,-1,[],[],[],[],"[519, 779, 1263, 1235, 748]","[604, 613, 661, 733, 686]","[50, 136, 382, -224, 463]","[45, 75, 79, 40, 115]","[1488, 1257, 1366, 1552, 1592, 919, 1550, 1500, 1393, 1298, 893, 811, 997, 1048, 1068, 1280, 659, 638, 867, 1230, 1357, 717]","[269, 394, 562, 560, 246, 725, 545, 361, 790, 732, 730, 662, 713, 773, 697, 472, 595, 639, 635, 599, 683, 625]","[5, 5, 5, 5, 4, 5, 5, 5, 5, 5, 5, 5, 5, 5, 5, -2, 5, 5, 5, 3, 1, 4]","[-1, -1, 0, -1, -3, 0, -1, -2, 0, 0, 0, 0, 0, 1, -1, -5, -1, 0, 0, -5, -5, -4]"
469,191.79,7,False,1012,267,-9,0,[],[],[],[],"[543, 819, 1387, 1121, 928]","[622, 641, 681, 744, 726]","[110, 147, 288, -291, 466]","[85, 115, 99, 60, 135]","[1588, 1357, 1466, 1019, 1600, 1493, 1398, 993, 911, 1097, 1148, 1168, 1240, 759, 738, 967, 1284, 1377, 797]","[249, 374, 552, 725, 321, 790, 732, 730, 662, 694, 793, 677, 372, 575, 639, 619, 499, 583, 545]","[5, 5, 5, 5, 5, 5, 5, 5, 5, 5, 5, 5, -2, 5, 5, 5, 2, 1, 4]","[-1, -1, -1, 0, -2, 0, 0, 0, 0, -1, 1, -1, -5, -1, 0, -1, -5, -5, -4]"
470,192.12,7,False,832,280,-9,1,[],[],[],[],"[590, 859, 1467, 984, 1100]","[655, 681, 721, 764, 766]","[156, 133, 157, -347, 421]","[109, 126, 105, 53, 134]","[1457, 1566, 1119, 1593, 1498, 1093, 1011, 1197, 1248, 1268, 1200, 859, 838, 1067, 1324, 1397, 877, 655, 903, 1468, 1052, 1073]","[354, 532, 725, 790, 732, 730, 662, 674, 813, 657, 272, 555, 639, 599, 399, 483, 465, 670, 683, 735, 763, 761]","[5, 5, 5, 5, 5, 5, 5, 5, 5, 5, -2, 5, 5, 5, 2, 1, 4, 5, 1, -4, -2, -3]","[-1, -1, 0, 0, 0, 0, 0, -1, 1, -1, -5, -1, 0, -1, -5, -5, -4, -3, -5, -3, -5, -5]"
471,192.45,7,False,657,335,-8,4,[],[],[],[],"[650, 895, 1486, 825, 1238]","[684, 721, 746, 765, 803]","[160, 93, -3, -398, 316]","[89, 106, 85, 13, 94]","[1557, 1219, 1598, 1193, 1111, 1297, 1348, 1368, 1160, 959, 938, 1167, 1364, 1398, 957, 755, 923, 1388, 1012, 1013]","[334, 725, 732, 730, 662, 654, 813, 637, 172, 535, 639, 579, 299, 383, 385, 610, 583, 675, 663, 661]","[5, 5, 5, 5, 5, 5, 5, 5, -2, 5, 5, 5, 2, 0, 4, 5, 1, -4, -2, -3]","[-1, 0, 0, 0, 0, -1, 0, -1, -5, -1, 0, -1, -5, -5, -4, -3, -5, -3, -5, -5]"
472,192.79,7,False,488,394,0,0,[],[],[],[],"[710, 911, 1441, 646, 1329]","[704, 747, 766, 751, 812]","[157, 39, -163, -415, 189]","[69, 86, 50, -27, 54]","[1319, 1293, 1211, 1397, 1448, 1468, 1120, 1059, 1038, 1267, 1386, 1398, 1037, 839, 937, 1308, 972, 953]","[725, 730, 662, 634, 813, 614, 72, 515, 627, 559, 199, 283, 305, 550, 483, 615, 563, 574]","[5, 5, 5, 5, 5, 5, -2, 5, 5, 5, 1, 0, 4, 4, 0, -4, -2, -3]","[0, 0, 0, -1, 0, -2, -5, -1, -1, -1, -5, -5, -4, -3, -5, -3, -5, -4]"
473,193.12,7,False,419,375,-2,9,[],[],[],[],"[757, 904, 1334, 468, 1365]","[723, 767, 766, 731, 812]","[137, -21, -312, -398, 49]","[49, 50, 10, -48, 14]","[1419, 1393, 1311, 1497, 1548, 1568, 1159, 1138, 1367, 1392, 1398, 1117, 919, 937, 1228, 929, 893, 732, 861, 1375, 661, 1291]","[711, 730, 662, 596, 813, 574, 495, 607, 539, 99, 183, 225, 490, 383, 555, 463, 494, 667, 752, 767, 701, 830]","[5, 5, 5, 5, 5, 5, 5, 5, 5, 0, 0, 4, 4, 0, -4, -3, -3, -2, -5, -5, 0, -5]","[-1, 0, 0, -2, 0, -2, -1, -1, -1, -5, -5, -4, -3, -5, -3, -5, -4, -5, -2, -2, -5, -1]"
474,193.46,7,False,504,475,-8,-4,[572],[534],[4],[4],"[797, 876, 1172, 310, 1346]","[723, 767, 751, 693, 791]","[117, -65, -434, -347, -91]","[29, 10, -30, -68, -26]","[1519, 1493, 1411, 1597, 1259, 1238, 1467, 1396, 1197, 999, 937, 1148, 869, 833, 692, 761, 1275, 661, 1191]","[691, 730, 662, 556, 475, 587, 499, 83, 145, 430, 283, 495, 363, 414, 567, 712, 727, 601, 810]","[5, 5, 5, 5, 5, 5, 5, -1, 4, 4, 0, -4, -3, -3, -2, -5, -5, 0, -5]","[-1, 0, 0, -2, -1, -1, -2, -5, -4, -3, -5, -3, -5, -4, -5, -2, -2, -5, -1]"
475,193.79,7,False,378,347,-3,-9,[652],[614],[4],[4],"[826, 836, 971, 178, 1272]","[723, 752, 731, 653, 763]","[93, -91, -506, -252, -211]","[23, -16, -37, -74, -52]","[1593, 1511, 1359, 1338, 1567, 1267, 1079, 937, 1068, 809, 773, 652, 661, 1175, 661, 1091, 827, 860, 1045, 293, 1318]","[716, 662, 455, 567, 459, 65, 359, 183, 435, 276, 334, 467, 672, 687, 501, 790, 737, 801, 747, 709, 801]","[5, 5, 5, 5, 5, 3, 4, 0, -4, -3, -3, -2, -5, -5, 0, -5, -4, -5, -4, 5, -4]","[-1, 0, -1, -1, -2, -4, -4, -5, -3, -4, -4, -5, -2, -2, -5, -1, -3, -1, -4, 0, -3]"
476,194.12,7,False,335,176,0,0,[732],[694],[4],[4],"[846, 796, 751, 97, 1161]","[723, 735, 711, 621, 735]","[93, -89, -509, -111, -285]","[43, 2, -17, -36, -39]","[1459, 1438, 1150, 937, 988, 749, 713, 612, 561, 1075, 661, 991, 747, 760, 965, 393, 1238]","[422, 532, 279, 83, 375, 196, 254, 367, 632, 647, 401, 770, 677, 781, 667, 709, 741]","[5, 5, 3, 0, -4, -3, -3, -2, -5, -5, 0, -5, -4, -5, -4, 5, -4]","[-2, -2, -4, -5, -3, -4, -4, -5, -2, -2, -5, -1, -3, -1, -4, 0, -3]"
477,194.46,7,False,330,131,0,0,[],[],[],[],"[866, 756, 76, 1026]","[737, 735, 604, 715]","[93, -69, 49, -335]","[63, 22, 4, -19]","[1559, 1533, 1206, 908, 689, 653, 572, 461, 975, 661, 891, 667, 660, 885, 493, 1158]","[382, 483, 190, 315, 116, 174, 267, 592, 607, 301, 750, 607, 761, 587, 709, 681]","[5, 4, 2, -4, -3, -3, -2, -5, -5, 0, -5, -4, -5, -4, 5, -4]","[-2, -3, -5, -3, -4, -4, -5, -2, -2, -5, -1, -4, -1, -4, 0, -3]"
478,194.79,7,False,225,176,-7,6,[],[],[],[],"[886, 718, 119, 877, 1431]","[757, 735, 604, 697, 631]","[93, -49, 204, -357, -102]","[77, 42, 44, 1, 34]","[1238, 813, 629, 593, 532, 361, 875, 661, 791, 587, 560, 805, 593, 1078, 868, 749, 115, 970, 1407]","[90, 255, 36, 94, 167, 533, 567, 201, 730, 527, 741, 507, 698, 621, 705, 685, 554, 700, 649]","[1, -5, -3, -3, -2, -5, -5, 0, -5, -4, -5, -4, 5, -4, -3, -2, 0, -4, -5]","[-5, -3, -4, -4, -5, -3, -2, -5, -1, -4, -1, -4, -1, -3, -5, -5, -5, -3, -1]"
479,195.12,7,False,355,254,9,1,[],[],[],[],"[906, 698, 220, 721, 1356]","[777, 748, 622, 697, 644]","[88, -27, 341, -347, -212]","[77, 62, 84, 21, 74]","[713, 527, 475, 261, 775, 661, 691, 507, 460, 725, 693, 998, 808, 709, 115, 890, 1307]","[195, 14, 67, 473, 527, 101, 710, 447, 713, 427, 678, 561, 617, 585, 454, 640, 629]","[-5, -4, -3, -5, -5, 0, -5, -4, -5, -4, 5, -4, -3, -2, 0, -4, -5]","[-3, -4, -5, -3, -2, -5, -1, -4, -2, -4, -1, -3, -4, -5, -5, -3, -1]"
480,195.45,7,False,535,258,9,0,[],[],[],[],"[926, 678, 370, 581, 1240]","[797, 768, 655, 697, 664]","[54, -1, 439, -322, -317]","[63, 51, 108, 27, 87]","[613, 180, 675, 649, 591, 427, 360, 645, 793, 918, 748, 669, 115, 810, 1207, 941, 705, 364, 665, 1284]","[135, 413, 487, 1, 690, 367, 673, 347, 655, 501, 537, 485, 354, 580, 609, 819, 783, 650, 697, 677]","[-5, -4, -5, -1, -5, -4, -5, -4, 5, -4, -3, -2, 0, -4, -5, -4, -4, 0, 1, -5]","[-3, -3, -2, -5, -1, -4, -2, -4, -2, -3, -4, -5, -5, -3, -1, -3, -4, -5, -5, -3]"
481,195.79,7,False,715,258,9,0,[],[],[],[],"[925, 658, 547, 445, 1080]","[803, 768, 683, 697, 684]","[-6, -1, 478, -294, -421]","[23, 11, 88, 7, 67]","[513, 100, 575, 491, 347, 260, 565, 893, 838, 688, 629, 125, 730, 1107, 861, 625, 364, 685, 1184]","[75, 353, 447, 666, 287, 633, 267, 615, 441, 457, 385, 254, 520, 589, 759, 703, 550, 597, 617]","[-5, -4, -5, -5, -4, -5, -4, 5, -4, -3, -2, 1, -4, -5, -4, -4, 0, 1, -5]","[-3, -3, -2, -2, -4, -2, -4, -2, -3, -4, -5, -5, -3, -1, -3, -4, -5, -5, -3]"
482,196.12,7,False,895,258,9,0,[],[],[],[],"[899, 638, 727, 328, 887]","[794, 753, 703, 684, 701]","[-66, -1, 482, -242, -489]","[-17, -29, 68, -13, 47]","[413, 20, 475, 391, 267, 160, 485, 993, 758, 628, 589, 145, 650, 1007, 781, 561, 364, 705, 1084]","[15, 289, 407, 626, 207, 593, 187, 575, 381, 369, 285, 154, 454, 569, 699, 623, 450, 497, 557]","[-5, -4, -5, -5, -4, -5, -4, 5, -4, -3, -2, 1, -4, -5, -4, -3, 0, 1, -5]","[-3, -4, -2, -2, -4, -2, -4, -2, -3, -5, -5, -5, -4, -1, -3, -4, -5, -5, -3]"
483,196.45,7,False,1030,310,-4,8,[],[],[],[],"[856, 618, 907, 237, 672]","[770, 731, 721, 664, 701]","[-106, -1, 451, -168, -516]","[-57, -52, 48, -33, 27]","[375, 291, 191, 68, 405, 1093, 678, 568, 549, 183, 570, 907, 701, 501, 371, 725, 984, 921, 700, 802, 417, 899]","[367, 586, 127, 533, 107, 535, 321, 269, 185, 54, 374, 549, 639, 543, 350, 397, 497, 752, 713, 661, 670, 651]","[-5, -5, -3, -4, -4, 5, -4, -3, -2, 2, -4, -5, -4, -3, 1, 1, -5, -1, 1, 0, 4, 1]","[-2, -2, -4, -3, -4, -2, -3, -5, -5, -5, -4, -1, -3, -4, -5, -5, -3, -5, -5, -5, -3, -5]"
484,196.79,7,False,1017,282,6,-7,[998],[452],[-3],[4],"[796, 600, 1062, 178, 453]","[730, 691, 721, 644, 701]","[-145, 1, 383, -79, -499]","[-87, -72, 28, -47, 7]","[275, 191, 131, 325, 1193, 598, 522, 509, 490, 807, 621, 441, 391, 745, 886, 901, 737, 802, 497, 919]","[327, 546, 47, 27, 478, 261, 169, 85, 294, 529, 579, 463, 250, 297, 437, 652, 613, 561, 610, 551]","[-5, -5, -3, -4, 5, -4, -2, -2, -4, -5, -4, -3, 1, 1, -4, -1, 2, 0, 4, 1]","[-2, -2, -4, -4, -3, -3, -5, -5, -4, -1, -3, -4, -5, -5, -3, -5, -5, -5, -3, -5]"
485,197.12,7,False,1154,158,7,-6,[938],[532],[-3],[4],"[721, 600, 1189, 159, 257]","[690, 651, 721, 624, 690]","[-151, 35, 303, 35, -427]","[-93, -78, 22, -33, 1]","[175, 91, 1283, 518, 482, 410, 707, 541, 384, 411, 781, 806, 881, 777, 802, 577, 939, 813, 663, 1195, 236, 386]","[287, 506, 418, 201, 69, 214, 509, 514, 365, 150, 197, 377, 552, 513, 461, 550, 451, 721, 677, 721, 658, 725]","[-5, -5, 4, -4, -2, -4, -5, -4, -2, 1, 2, -4, -1, 2, 0, 4, 1, 3, 4, 1, 4, 5]","[-2, -2, -3, -3, -5, -4, -1, -4, -5, -5, -5, -3, -5, -5, -5, -3, -5, -4, -3, -5, -3, -1]"
486,197.45,7,False,1235,97,0,0,[878],[612],[-3],[4],"[661, 616, 1284, 192, 103]","[650, 617, 721, 608, 690]","[-118, 80, 226, 175, -294]","[-73, -39, 42, 7, 21]","[75, 1363, 438, 350, 607, 461, 344, 444, 821, 726, 861, 817, 802, 657, 959, 873, 743, 1215, 316, 486]","[235, 358, 141, 134, 489, 434, 265, 50, 97, 317, 452, 413, 361, 490, 351, 641, 617, 621, 598, 705]","[-5, 4, -4, -3, -5, -4, -2, 2, 2, -4, -1, 2, 0, 4, 1, 3, 4, 1, 4, 5]","[-3, -3, -3, -4, -1, -4, -5, -5, -5, -3, -5, -5, -5, -3, -5, -4, -3, -5, -3, -1]"
487,197.79,7,False,1274,188,0,0,[818],[692],[-3],[4],"[613, 647, 1346, 278, 9]","[619, 600, 734, 608, 690]","[-78, 120, 131, 298, -135]","[-33, 1, 62, 47, 41]","[1443, 358, 290, 507, 392, 312, 646, 856, 857, 802, 737, 979, 933, 823, 1235, 396, 586]","[298, 69, 53, 450, 354, 165, 257, 352, 313, 261, 430, 251, 561, 557, 521, 538, 667]","[4, -4, -3, -5, -3, -1, -4, 0, 2, 0, 4, 1, 3, 4, 1, 4, 5]","[-3, -4, -5, -2, -4, -5, -3, -5, -5, -5, -3, -5, -4, -3, -5, -3, -2]"
488,198.12,7,False,1228,254,-8,5,[742],[772],[-4],[4],"[582, 693, 1368, 410, 0]","[603, 600, 754, 627, 702]","[-25, 160, 31, 401, 42]","[7, 41, 79, 87, 61]","[1523, 407, 332, 294, 566, 856, 897, 802, 835, 999, 993, 903, 1255, 476, 686, 720, 775, 1384, 427, 120]","[236, 410, 274, 65, 197, 252, 213, 161, 370, 151, 481, 497, 421, 478, 627, 611, 601, 700, 617, 708]","[4, -5, -3, 0, -4, 0, 2, 0, 5, 1, 3, 4, 1, 4, 5, 4, 5, -1, 5, 5]","[-4, -2, -4, -5, -3, -5, -5, -5, -3, -5, -4, -3, -5, -3, -2, -3, -2, -5, -2, -1]"
489,198.45,6,False,1248,279,9,-1,"[662, 1179]","[852, 382]","[-4, -4]","[4, 4]","[574, 753, 1350, 578, 41]","[603, 616, 774, 661, 722]","[35, 183, -69, 473, 203]","[47, 81, 79, 122, 81]","[307, 272, 486, 856, 937, 808, 935, 1028, 1053, 983, 556, 786, 800, 875, 1364, 527, 220]","[370, 182, 132, 152, 113, 61, 310, 51, 401, 437, 418, 587, 551, 561, 600, 577, 688]","[-5, -3, -4, 0, 2, 1, 5, 2, 3, 4, 4, 5, 4, 5, -1, 5, 5]","[-2, -5, -4, -5, -5, -5, -3, -5, -4, -3, -3, -2, -3, -2, -5, -2, -1]"
490,198.79,6,False,1408,346,5,8,[1099],[462],[-4],[4],"[590, 813, 1291, 763, 144]","[622, 647, 794, 701, 742]","[81, 185, -181, 496, 342]","[73, 107, 65, 128, 87]","[207, 231, 406, 856, 990, 1035, 1113, 1063, 649, 886, 880, 975, 1344, 627, 320, 668, 878, 1372, 783, 183]","[330, 82, 52, 52, 13, 250, 321, 377, 358, 547, 491, 521, 500, 537, 668, 665, 669, 797, 723, 769]","[-5, -2, -4, 0, 3, 5, 3, 4, 5, 5, 4, 5, -1, 5, 5, 5, 5, 2, 5, 5]","[-2, -5, -4, -5, -5, -3, -4, -3, -3, -2, -3, -2, -5, -2, -1, 0, -2, -5, -1, -1]"
491,199.12,6,False,1327,494,-7,6,[1019],[542],[-4],[4],"[610, 870, 1185, 943, 291]","[642, 676, 801, 741, 762]","[92, 145, -299, 457, 431]","[73, 89, 25, 108, 56]","[107, 1135, 1191, 1143, 749, 986, 960, 1075, 1324, 727, 420, 768, 978, 1412, 883, 283]","[284, 192, 241, 317, 298, 507, 431, 481, 400, 497, 648, 665, 629, 697, 703, 749]","[-5, 5, 4, 4, 5, 5, 4, 5, -1, 5, 5, 5, 5, 2, 5, 5]","[-3, -2, -4, -3, -3, -2, -3, -2, -5, -2, -1, 0, -2, -5, -1, -1]"
492,199.45,6,False,1296,526,0,0,[939],[622],[-4],[4],"[630, 910, 1035, 1101, 466]","[662, 696, 793, 767, 765]","[92, 101, -391, 384, 486]","[62, 69, -15, 73, 16]","[11, 1235, 1271, 1223, 849, 1086, 1040, 1175, 1304, 827, 520, 868, 1078, 1452, 983, 383]","[224, 152, 161, 257, 247, 467, 371, 441, 300, 457, 628, 665, 589, 597, 683, 729]","[-4, 5, 4, 4, 5, 5, 4, 5, -1, 5, 5, 5, 5, 2, 5, 5]","[-3, -2, -4, -3, -2, -2, -3, -2, -5, -2, -1, 0, -2, -5, -1, -1]"
493,199.79,6,False,1379,471,0,0,[859],[702],[-4],[4],"[650, 927, 856, 1223, 657]","[674, 715, 770, 778, 753]","[92, 41, -452, 280, 505]","[42, 49, -55, 33, -24]","[1335, 1351, 1303, 949, 1186, 1120, 1275, 1284, 927, 620, 968, 1178, 1492, 1083, 483, 768, 1014, 1062, 1133, 622]","[112, 81, 197, 207, 427, 311, 401, 200, 417, 608, 665, 549, 497, 663, 709, 698, 664, 743, 726, 783]","[5, 4, 4, 5, 5, 4, 5, -1, 5, 5, 5, 5, 2, 5, 5, 5, 3, 2, -2, 5]","[-2, -4, -3, -2, -2, -3, -2, -5, -2, -1, 0, -2, -5, -1, -1, -1, -5, -5, -5, -1]"
494,200.12,5,False,1253,474,-9,-1,[],[],[],[],"[670, 920, 656, 1301]","[674, 715, 730, 774]","[92, -19, -474, 160]","[22, 29, -85, -7]","[1435, 1431, 1383, 1049, 1286, 1200, 1375, 1264, 1027, 720, 1068, 1532, 1183, 583, 868, 1074, 1102, 1099, 722]","[72, 18, 137, 167, 402, 251, 361, 100, 377, 588, 665, 397, 637, 689, 678, 564, 643, 626, 763]","[5, 4, 4, 5, 5, 4, 5, -1, 5, 5, 5, 2, 5, 5, 5, 3, 2, -1, 5]","[-2, -3, -3, -2, -1, -3, -2, -5, -2, -1, 0, -5, -2, -1, -1, -5, -5, -5, -1]"
495,200.45,3,False,1073,477,-9,1,[],[],[],[],"[694, 890, 459, 1326, 852]","[674, 715, 690, 754, 824]","[106, -60, -442, 34, 0]","[16, 23, -91, -33, -1]","[1535, 1467, 1149, 1386, 1280, 1475, 1127, 820, 1168, 1572, 1283, 683, 968, 1142, 822, 747, 951, 592, 1361, 922]","[32, 77, 127, 382, 191, 321, 337, 568, 665, 297, 597, 669, 658, 543, 743, 688, 715, 743, 774, 851]","[5, 5, 5, 5, 4, 5, 5, 5, 5, 2, 5, 5, 5, 2, 5, 4, 2, 5, -2, 5]","[-2, -3, -2, -1, -3, -2, -2, -1, 0, -5, -2, -1, -1, -5, -1, -3, -5, 0, -5, -2]"
496,200.79,3,False,958,367,-3,-9,[],[],[],[],"[734, 850, 291, 1308, 852]","[674, 715, 650, 734, 804]","[130, -60, -348, -66, 0]","[36, 43, -71, -17, -1]","[1567, 1249, 1486, 1380, 1575, 1227, 920, 1268, 1600, 1383, 783, 1068, 1182, 922, 827, 991, 692, 1321, 1022]","[17, 87, 362, 131, 281, 297, 548, 665, 197, 557, 649, 638, 443, 723, 628, 615, 743, 674, 811]","[5, 5, 5, 5, 5, 5, 5, 5, 1, 5, 5, 5, 2, 5, 4, 2, 5, -2, 5]","[-3, -2, -1, -3, -2, -2, -1, 0, -5, -2, -1, -1, -5, -1, -3, -5, 0, -5, -2]"
497,201.12,3,False,833,245,-9,-1,[],[],[],[],"[775, 810, 169, 1255, 852]","[681, 729, 620, 718, 784]","[150, -60, -222, -150, 0]","[56, 63, -31, 3, -1]","[1349, 1586, 1477, 1327, 1020, 1368, 1483, 883, 1168, 1210, 1022, 907, 1028, 792, 1281, 1122]","[47, 330, 71, 257, 528, 661, 517, 629, 618, 343, 703, 568, 515, 743, 574, 753]","[5, 5, 4, 5, 5, 5, 5, 5, 5, 1, 5, 4, 1, 5, -2, 5]","[-2, -2, -3, -2, -1, -1, -2, -1, -1, -5, -1, -3, -5, 0, -5, -3]"
498,201.45,3,False,699,329,-1,9,[],[],[],[],"[835, 776, 99, 1167, 852]","[701, 749, 605, 718, 764]","[159, -45, -82, -224, 0]","[76, 83, 9, 23, -1]","[1449, 1557, 1427, 1120, 1468, 1583, 983, 1268, 1213, 1122, 987, 1048, 892, 1241, 1203, 763, 849, 260, 1257, 870]","[7, 11, 217, 508, 641, 477, 609, 598, 243, 683, 504, 415, 743, 474, 693, 661, 695, 590, 668, 730]","[5, 4, 5, 5, 5, 5, 5, 5, 0, 5, 4, 1, 5, -2, 4, -4, 0, 4, -1, -1]","[-2, -3, -2, -1, -1, -2, -1, -1, -5, -1, -4, -5, 0, -5, -3, -4, -5, -4, -5, -5]"
499,201.79,3,False,600,431,-9,-1,[734],[477],[0],[5],"[895, 756, 90, 1055, 852]","[721, 769, 605, 718, 750]","[159, -25, 78, -277, 0]","[96, 85, 49, 43, 5]","[1527, 1220, 1568, 1083, 1368, 1182, 1222, 1067, 1065, 992, 1201, 1283, 683, 849, 340, 1237, 850]","[177, 488, 621, 589, 578, 145, 658, 424, 315, 743, 374, 633, 581, 595, 510, 568, 630]","[5, 5, 5, 5, 5, -3, 5, 4, 0, 5, -2, 4, -4, 0, 4, -1, -1]","[-2, -1, -1, -1, -1, -4, -2, -4, -5, 0, -5, -3, -4, -5, -4, -5, -5]"
500,202.12,3,False,493,400,0,0,[734],[577],[0],[5],"[946, 736, 142, 928, 845]","[757, 789, 625, 731, 750]","[127, -19, 211, -321, -14]","[99, 71, 75, 49, 11]","[1320, 1183, 1468, 1102, 1322, 1147, 1065, 1092, 1159, 1363, 603, 849, 420, 1217, 830, 955, 756, 200, 982, 858]","[462, 569, 545, 81, 618, 344, 215, 732, 274, 556, 501, 495, 430, 468, 530, 774, 818, 663, 745, 764]","[5, 5, 5, -5, 5, 4, 0, 5, -3, 4, -4, 0, 4, -1, -1, -4, -5, 5, -4, -4]","[-2, -1, -2, -2, -2, -4, -5, -1, -5, -4, -4, -5, -4, -5, -5, -3, -2, 0, -3, -3]"
501,202.45,3,False,637,305,4,-8,[734],[677],[0],[5],"[975, 716, 237, 780, 823]","[777, 799, 645, 731, 741]","[67, -39, 305, -363, -54]","[59, 31, 75, 29, -9]","[1420, 1283, 1568, 1002, 1422, 1208, 1064, 1192, 1099, 1426, 531, 849, 500, 1190, 810, 875, 656, 300, 902, 778]","[422, 530, 505, 59, 578, 264, 115, 712, 176, 476, 421, 395, 350, 368, 430, 714, 765, 663, 685, 704]","[5, 5, 5, -5, 5, 3, -1, 5, -3, 3, -3, 0, 4, -2, -1, -4, -5, 5, -4, -4]","[-2, -2, -2, 0, -2, -4, -5, -1, -4, -4, -4, -5, -4, -5, -5, -3, -3, 0, -3, -3]"
502,202.79,3,False,629,441,-1,9,[],[],[],[],"[980, 687, 366, 783]","[781, 794, 665, 721]","[7, -53, 376, -86]","[19, -9, 61, -29]","[1520, 1383, 902, 1522, 1268, 1042, 1292, 1039, 1482, 471, 849, 580, 1150, 776, 795, 565, 400, 822, 698]","[382, 490, 59, 538, 184, 15, 680, 96, 384, 341, 295, 270, 268, 330, 654, 705, 663, 625, 644]","[5, 5, -5, 5, 3, -2, 5, -3, 2, -3, 0, 4, -2, -2, -4, -4, 5, -4, -4]","[-2, -2, 0, -2, -4, -5, -2, -4, -5, -4, -5, -4, -5, -5, -3, -3, 0, -3, -3]"
503,203.12,1,False,682,548,9,-2,[],[],[],[],"[961, 647, 517, 737, 1031]","[770, 774, 676, 701, 604]","[-53, -53, 419, -106, -68]","[-21, -49, 41, -49, 0]","[1483, 802, 1323, 1392, 979, 1522, 411, 849, 660, 1110, 736, 485, 500, 742, 945, 726, 502, 788, 1002]","[450, 70, 87, 640, 16, 284, 261, 195, 190, 168, 230, 645, 663, 565, 765, 752, 641, 679, 605]","[5, -5, 2, 5, -3, 2, -3, 0, 4, -2, -2, -4, 5, -4, -4, 0, 4, -2, -5]","[-2, 1, -5, -2, -4, -5, -4, -5, -4, -5, -5, -3, 0, -3, -3, -5, -4, -5, -2]"
504,213.07,0,False,691,546,9,-2,[],[],[],[],"[959, 645, 525, 734, 1029]","[769, 772, 676, 700, 604]","[-56, -53, 420, -107, -72]","[-23, -51, 40, -50, 0]","[1488, 797, 1325, 1397, 976, 1524, 408, 849, 664, 1108, 734, 481, 505, 941, 726, 506, 786, 997]","[448, 71, 82, 638, 12, 279, 257, 190, 186, 163, 225, 642, 663, 762, 747, 637, 674, 603]","[5, -5, 2, 5, -3, 2, -3, 0, 4, -2, -2, -4, 5, -4, 0, 4, -2, -5]","[-2, 1, -5, -2, -4, -5, -4, -5, -4, -5, -5, -3, 0, -3, -5, -4, -5, -2]"
505,213.38,10,False,827,471,2,9,[],[],[],[],[962],[715],[-57],[-19],[],[],[],[]
506,213.65,10,False,850,489,9,0,[],[],[],[],[916],[695],[-117],[-39],[],[],[],[]
507,213.93,10,False,840,564,0,0,[],[],[],[],"[856, 1233]","[675, 785]","[-145, -96]","[-41, -21]",[],[],[],[]
508,214.22,10,False,851,529,2,-9,[],[],[],[],"[796, 1168]","[655, 765]","[-144, -168]","[-21, -21]",[],[],[],[]
509,214.51,10,False,894,416,0,0,[],[],[],[],"[736, 1078, 1002]","[643, 745, 830]","[-124, -224, -38]","[14, -16, 0]",[],[],[],[]
510,214.8,10,False,800,529,-6,7,[857],[571],[-4],[5],"[679, 971, 972]","[646, 730, 830]","[-96, -260, -60]","[54, 4, 0]",[],[],[],[]
511,215.1,10,False,796,526,7,-6,[777],[665],[-4],[4],"[639, 851, 932, 1184]","[666, 730, 830, 603]","[-56, -272, -80, -66]","[79, 24, 0, 38]",[],[],[],[]
512,215.4,10,False,932,401,5,-8,[697],[748],[-4],[5],"[617, 731, 886, 1135]","[686, 730, 799, 618]","[-34, -279, -114, -144]","[81, 26, -18, 60]",[],[],[],[]
513,215.71,10,False,919,338,0,0,[617],[844],[-4],[4],"[597, 611, 824, 1047, 1436]","[706, 730, 775, 638, 741]","[-31, -285, -154, -233, -152]","[61, 6, -58, 60, -29]",[],[],[],[]
514,216.02,10,False,892,335,0,0,[],[],[],[],"[577, 491, 744, 930, 1333]","[717, 716, 735, 658, 721]","[-11, -266, -180, -302, -301]","[41, -14, -91, 53, -49]",[],[],[],[]
515,216.31,10,False,914,319,7,-6,[],[],[],[],"[567, 384, 664, 790, 1175]","[717, 696, 684, 661, 682]","[9, -223, -191, -346, -424]","[21, -34, -111, 33, -69]",[],[],[],[]
516,216.62,10,False,1065,329,8,5,[],[],[],[],"[567, 297, 584, 634, 977]","[717, 672, 624, 661, 642]","[29, -163, -187, -358, -510]","[1, -54, -123, 13, -85]",[],[],[],[]
517,216.92,10,False,1121,377,0,0,[],[],[],[],"[573, 240, 505, 483, 757]","[698, 634, 600, 661, 602]","[67, -65, -149, -323, -536]","[-1, -47, -105, 11, -67]",[],[],[],[]
518,217.22,10,False,979,456,-9,3,[1029],[498],[-6],[2],"[603, 229, 453, 361, 539]","[698, 614, 600, 661, 600]","[126, 55, -71, -236, -497]","[19, -7, -65, 31, -27]",[],[],[],[]
519,217.52,10,False,871,519,9,0,[909],[538],[-6],[2],"[652, 267, 431, 278, 347]","[698, 611, 600, 663, 600]","[166, 175, 9, -130, -416]","[39, 33, -25, 51, 13]",[],[],[],[]
520,217.83,10,False,1024,501,9,-2,[789],[578],[-6],[2],"[716, 351, 441, 241, 193]","[708, 623, 600, 683, 602]","[203, 285, 89, -10, -301]","[59, 73, 15, 71, 53]",[],[],[],[]
521,218.12,10,False,1077,481,0,0,[669],[618],[-6],[2],"[796, 476, 484, 253, 92]","[728, 650, 603, 703, 622]","[223, 374, 169, 110, -159]","[79, 113, 55, 91, 93]",[],[],[],[]
522,218.42,10,False,1077,481,0,0,[],[],[],[],"[876, 629, 311, 50]","[748, 690, 728, 659]","[207, 417, 210, -17]","[81, 116, 93, 111]",[],[],[],[]
523,218.71,10,False,1062,469,-7,-7,[],[],[],[],"[939, 789, 398, 58, 429]","[765, 726, 748, 690, 755]","[155, 406, 270, 103, 38]","[44, 96, 73, 91, -38]",[],[],[],[]
524,219.02,10,False,953,399,-9,-1,[],[],[],[],"[978, 933, 504, 115, 444]","[765, 746, 761, 710, 722]","[95, 364, 311, 220, 78]","[4, 76, 36, 71, -63]",[],[],[],[]
525,219.32,10,False,773,399,-9,0,[],[],[],[],"[993, 1055, 624, 215, 474]","[747, 761, 759, 730, 682]","[35, 295, 328, 318, 118]","[-33, 41, -4, 51, -83]",[],[],[],[]
526,219.61,10,False,611,399,0,0,[],[],[],[],"[984, 1146, 744, 348, 517]","[724, 761, 739, 731, 642]","[-25, 205, 321, 392, 152]","[-53, 1, -33, 31, -99]",[],[],[],[]
527,219.91,10,False,606,343,9,-2,[],[],[],[],"[952, 1198, 864, 508, 577]","[684, 741, 719, 731, 602]","[-67, 123, 309, 457, 190]","[-55, -12, -35, 29, -81]",[],[],[],[]
528,220.2,10,False,786,338,9,0,[],[],[],[],"[912, 1222, 980, 693, 654]","[660, 730, 699, 731, 600]","[-87, 45, 296, 508, 237]","[-35, 8, -15, 49, -41]",[],[],[],[]
529,220.5,10,False,966,335,9,-1,[],[],[],[],"[872, 1213, 1080, 893, 748]","[640, 730, 685, 751, 600]","[-93, -35, 261, 520, 268]","[-5, 28, 5, 69, -1]",[],[],[],[]
530,220.8,10,False,1143,298,8,-5,[],[],[],[],"[832, 1175, 1165, 1089, 848]","[638, 730, 685, 771, 600]","[-93, -103, 206, 492, 279]","[35, 48, 25, 69, 39]",[],[],[],[]
531,221.1,10,False,1202,328,-6,7,[],[],[],[],"[792, 1110, 1224, 1263, 948]","[651, 749, 685, 791, 615]","[-89, -163, 138, 427, 270]","[75, 68, 45, 69, 79]",[],[],[],[]
532,221.42,10,False,1068,454,-9,4,[1159],[473],[-4],[4],"[752, 1024, 1251, 1403, 1041]","[671, 769, 698, 811, 645]","[-87, -224, 40, 314, 223]","[77, 52, 47, 51, 101]","[860, 1104, 1249, 1393, 1098]","[701, 758, 724, 798, 665]","[5, 0, -5, 0, 5]","[-1, -5, -2, -5, -1]"
533,221.75,10,False,888,482,-9,0,[1079],[553],[-4],[4],"[705, 911, 1232, 1486, 1104]","[691, 770, 698, 811, 669]","[-107, -289, -80, 154, 142]","[57, 12, 27, 11, 84]","[960, 1104, 1149, 1393, 1198]","[681, 658, 684, 698, 645]","[5, 0, -5, 0, 5]","[-1, -5, -2, -5, -1]"
534,222.08,10,False,708,479,-9,-1,[1011],[633],[-3],[4],"[645, 775, 1166, 1500, 1130]","[698, 756, 698, 790, 689]","[-109, -328, -192, -17, 42]","[37, -28, 7, -29, 64]","[1060, 1104, 1049, 1393, 1298]","[661, 558, 644, 598, 625]","[5, 0, -5, 0, 5]","[-1, -5, -2, -5, -1]"
535,222.42,10,False,528,456,-9,-2,[951],[713],[-3],[4],"[585, 635, 1058, 1450, 1116]","[698, 732, 685, 760, 703]","[-104, -339, -285, -177, -58]","[17, -54, -13, -69, 44]","[1160, 1097, 949, 1393, 1398, 693, 725, 1097, 1452, 1070]","[641, 458, 604, 498, 594, 638, 720, 695, 818, 707]","[5, -1, -5, 0, 5, 1, -4, -5, -5, -5]","[-1, -5, -2, -5, -2, -5, -4, -2, -1, -1]"
536,222.75,10,False,465,442,-9,-2,[891],[793],[-3],[4],"[542, 495, 919, 1337, 1064]","[695, 692, 665, 720, 703]","[-84, -324, -354, -328, -146]","[-3, -74, -33, -94, 24]","[1260, 1077, 849, 1380, 1498, 713, 645, 997, 1352, 970]","[621, 358, 564, 398, 554, 538, 640, 655, 798, 687]","[5, -1, -5, -1, 5, 1, -4, -5, -5, -5]","[-1, -5, -2, -5, -2, -5, -4, -2, -1, -1]"
537,223.08,10,False,354,422,-5,-8,[831],[873],[-3],[4],"[504, 364, 759, 1171, 981]","[675, 652, 645, 671, 703]","[-46, -260, -374, -432, -205]","[-5, -76, -30, -96, 22]","[1360, 1057, 749, 1356, 1588, 733, 565, 897, 1252, 870, 565, 429, 817, 1242, 1007]","[601, 258, 524, 298, 498, 438, 560, 615, 778, 667, 685, 676, 683, 734, 738]","[5, -1, -5, -2, 4, 1, -4, -5, -5, -5, 0, -3, -5, -5, -5]","[-1, -5, -2, -5, -3, -5, -4, -2, -1, -1, -5, -4, -1, 0, 0]"
538,223.42,10,False,440,276,8,-5,[],[],[],[],"[492, 272, 604, 977, 881]","[671, 619, 631, 631, 703]","[30, -153, -342, -478, -222]","[15, -37, 10, -67, 42]","[1460, 1027, 649, 1316, 739, 485, 797, 1152, 770, 552, 369, 717, 1142, 907]","[570, 158, 484, 198, 338, 480, 575, 758, 647, 585, 596, 663, 734, 738]","[5, -2, -5, -2, 0, -4, -5, -5, -5, -1, -3, -5, -5, -5]","[-2, -5, -2, -5, -5, -4, -2, -1, -1, -5, -4, -1, 0, 0]"
539,223.75,10,False,592,260,4,9,[],[],[],[],"[510, 227, 470, 777, 781]","[671, 601, 632, 603, 716]","[103, -33, -278, -484, -219]","[35, 3, 50, -27, 62]","[1560, 987, 549, 1265, 739, 405, 697, 1052, 670, 536, 309, 617, 1042, 807]","[530, 58, 444, 98, 238, 400, 535, 738, 627, 485, 516, 643, 734, 738]","[5, -2, -5, -3, 0, -4, -5, -5, -5, 0, -3, -5, -5, -5]","[-2, -5, -2, -5, -5, -4, -2, -1, -1, -5, -4, -1, 0, 0]"
540,224.09,10,False,741,350,9,1,[],[],[],[],"[555, 229, 366, 578, 684]","[677, 601, 652, 600, 736]","[163, 87, -191, -450, -196]","[55, 43, 89, 13, 82]","[449, 1205, 739, 339, 597, 952, 570, 536, 249, 517, 942, 707, 530, 355, 498, 738, 793]","[404, 16, 138, 320, 495, 718, 607, 385, 436, 623, 724, 738, 611, 636, 579, 563, 664]","[-5, -3, 0, -3, -5, -5, -5, 0, -3, -5, -5, -5, -1, 5, 0, -3, -1]","[-2, -4, -5, -4, -2, -1, -1, -5, -4, -1, -1, 0, -5, 0, -5, -4, -5]"
541,224.42,10,False,921,354,9,0,[],[],[],[],"[623, 279, 300, 404, 604]","[697, 618, 682, 602, 756]","[218, 207, -91, -379, -156]","[75, 83, 109, 53, 97]","[349, 739, 279, 497, 852, 470, 536, 189, 417, 842, 607, 510, 455, 498, 678, 773]","[364, 38, 238, 455, 692, 587, 285, 345, 603, 704, 738, 511, 636, 479, 483, 564]","[-5, 0, -3, -5, -5, -5, 0, -3, -5, -5, -5, -1, 5, 0, -3, -1]","[-2, -5, -5, -2, -2, -1, -5, -5, -1, -1, 0, -5, 0, -5, -4, -5]"
542,224.75,10,False,818,414,9,2,[872],[438],[-5],[1],"[703, 372, 277, 261, 542]","[717, 650, 722, 622, 776]","[240, 295, 11, -293, -115]","[77, 105, 111, 75, 79]","[249, 236, 397, 752, 370, 536, 145, 317, 742, 507, 503, 555, 498, 618, 753, 749, 422, 373, 400, 628]","[324, 138, 415, 652, 567, 185, 245, 579, 684, 718, 411, 636, 379, 403, 464, 715, 652, 734, 654, 767]","[-5, -2, -5, -5, -5, 0, -2, -5, -5, -5, 0, 5, 0, -3, -1, 4, 5, 5, 5, 2]","[-2, -5, -2, -2, -1, -5, -5, -2, -1, -1, -5, 0, -5, -4, -5, -4, -3, -2, 0, -5]"
543,225.09,10,False,998,416,9,0,[772],[478],[-5],[2],"[783, 491, 288, 151, 488]","[737, 676, 753, 642, 790]","[220, 340, 91, -204, -89]","[57, 86, 89, 75, 39]","[149, 219, 297, 652, 270, 536, 105, 217, 642, 407, 503, 655, 498, 558, 734, 829, 522, 473, 500, 670]","[264, 38, 375, 612, 533, 85, 145, 539, 664, 698, 311, 636, 279, 314, 364, 635, 592, 694, 653, 667]","[-5, 0, -5, -5, -5, 0, -2, -5, -5, -5, 0, 5, 0, -3, 0, 4, 5, 5, 5, 3]","[-3, -5, -2, -2, -2, -5, -5, -2, -1, -1, -5, 0, -5, -5, -5, -4, -3, -2, -1, -5]"
544,225.42,10,False,1178,416,9,0,[672],[518],[-5],[2],"[855, 624, 330, 82, 449]","[744, 696, 772, 662, 789]","[185, 359, 159, -98, -49]","[37, 66, 49, 64, -1]","[67, 197, 552, 170, 83, 117, 542, 307, 503, 755, 506, 498, 734, 909, 622, 573, 600, 730]","[204, 327, 572, 493, 45, 499, 644, 678, 211, 636, 179, 214, 264, 555, 532, 654, 633, 567]","[-4, -5, -5, -5, -1, -5, -5, -5, 0, 5, 1, -3, 0, 4, 5, 5, 5, 3]","[-3, -3, -2, -2, -5, -2, -1, -1, -5, 0, -5, -5, -5, -4, -3, -2, -1, -5]"
545,225.75,10,False,1348,432,0,0,[572],[558],[-5],[2],"[912, 764, 397, 59, 429]","[744, 712, 772, 676, 769]","[141, 350, 219, 22, -9]","[17, 46, 9, 44, -41]","[106, 452, 70, 17, 442, 207, 503, 855, 528, 452, 734, 989, 722, 673, 700, 790, 934, 754, 466, 220, 591]","[267, 532, 453, 454, 624, 653, 111, 620, 79, 114, 164, 475, 477, 614, 613, 483, 684, 681, 769, 711, 779]","[-4, -5, -5, -5, -5, -5, 0, 5, 2, -2, 0, 4, 5, 5, 5, 3, 2, 4, 5, 5, 5]","[-3, -2, -2, -3, -1, -2, -5, -1, -5, -5, -5, -4, -2, -2, -1, -4, -5, -3, -2, 0, -3]"
546,226.08,10,False,1349,496,-5,-8,[472],[598],[-5],[2],"[945, 884, 483, 83, 425]","[741, 712, 756, 676, 733]","[81, 317, 260, 142, 31]","[-3, 26, -31, 24, -73]","[26, 352, 342, 107, 523, 955, 412, 734, 1069, 822, 773, 800, 850, 974, 834, 566, 320, 691]","[207, 492, 604, 613, 11, 600, 14, 64, 397, 437, 574, 593, 403, 584, 621, 729, 711, 734]","[-4, -5, -5, -5, 1, 5, -2, 0, 4, 5, 5, 5, 3, 2, 4, 5, 5, 5]","[-3, -2, -1, -2, -5, -1, -5, -5, -3, -2, -2, -1, -4, -5, -3, -2, 0, -2]"
547,226.42,10,False,1343,343,0,0,[372],[638],[-5],[2],"[955, 990, 584, 155, 436]","[721, 712, 736, 676, 693]","[39, 278, 302, 267, 89]","[-5, 24, -39, 22, -75]","[252, 242, 12, 1055, 1149, 922, 873, 900, 924, 1014, 914, 666, 420, 791, 1026, 1030, 629, 200, 519]","[450, 583, 563, 580, 337, 397, 534, 573, 323, 484, 561, 689, 711, 694, 728, 729, 758, 702, 737]","[-5, -5, -4, 5, 4, 5, 5, 5, 4, 2, 4, 5, 5, 5, 4, 5, 5, 5, 5]","[-3, -2, -3, -1, -3, -2, -2, -1, -4, -5, -3, -2, 0, -2, -4, -2, -3, -1, -2]"
548,226.75,10,False,1365,496,0,0,[],[],[],[],"[955, 1085, 704, 479]","[717, 712, 716, 653]","[19, 241, 345, 169]","[15, 44, -19, -55]","[158, 142, 1155, 1229, 1022, 973, 1000, 1004, 1059, 994, 766, 520, 891, 1106, 1130, 729, 300, 619]","[390, 543, 560, 277, 357, 494, 553, 243, 384, 501, 649, 711, 654, 648, 689, 698, 682, 697]","[-4, -5, 5, 4, 5, 5, 5, 4, 3, 4, 5, 5, 5, 4, 5, 5, 5, 5]","[-3, -2, -1, -3, -2, -2, -1, -4, -5, -3, -2, 0, -2, -4, -2, -3, -1, -2]"
549,227.08,10,False,1381,595,1,9,[],[],[],[],"[954, 1160, 840, 552]","[717, 727, 698, 630]","[-1, 185, 360, 237]","[35, 64, 1, -17]","[78, 42, 1255, 1309, 1122, 1073, 1100, 1084, 1119, 1074, 866, 620, 991, 1186, 1230, 829, 400, 719]","[330, 503, 540, 217, 317, 469, 533, 183, 284, 441, 609, 711, 614, 568, 649, 638, 662, 657]","[-4, -5, 5, 4, 5, 5, 5, 4, 3, 4, 5, 5, 5, 4, 5, 5, 5, 5]","[-3, -2, -1, -3, -2, -1, -1, -3, -5, -3, -2, 0, -2, -4, -2, -3, -1, -2]"
550,227.42,10,False,1347,600,-7,6,[],[],[],[],"[934, 1211, 979, 648, 1162]","[723, 747, 698, 622, 726]","[-21, 120, 349, 288, -57]","[55, 84, 21, 23, 19]","[1355, 1390, 1222, 1173, 1200, 1169, 1179, 1154, 966, 720, 1091, 1266, 1330, 929, 500, 819, 1082, 1305, 984, 697, 1142]","[520, 157, 277, 449, 513, 123, 204, 381, 569, 711, 574, 488, 609, 578, 642, 617, 752, 811, 714, 619, 837]","[5, 5, 5, 5, 5, 5, 3, 4, 5, 5, 5, 4, 5, 5, 5, 5, 5, 5, 5, 5, -4]","[-1, -3, -2, -1, -1, -3, -4, -3, -2, 0, -2, -4, -2, -3, -1, -2, 0, 2, -1, -2, 4]"
551,227.75,9,False,1228,592,-8,-5,[1291],[696],[-4],[3],"[914, 1233, 1099, 763, 1116]","[743, 767, 698, 629, 726]","[-41, 40, 313, 318, -117]","[75, 88, 41, 63, 39]","[1455, 1490, 1322, 1273, 1300, 1269, 1239, 1234, 1066, 820, 1191, 1346, 1029, 600, 919, 1182, 1405, 1084, 797]","[507, 98, 237, 429, 513, 77, 124, 321, 529, 711, 534, 420, 518, 622, 577, 752, 831, 694, 579]","[5, 5, 5, 5, 5, 5, 3, 4, 5, 5, 5, 4, 5, 5, 5, 5, 5, 5, 5]","[0, -2, -2, -1, 0, -2, -4, -3, -2, 0, -2, -3, -3, -1, -2, 0, 1, -1, -2]"
552,228.08,8,False,1227,418,0,-9,[],[],[],[],"[883, 1221, 883, 1048]","[763, 787, 649, 727]","[-71, -58, 307, -181]","[65, 70, 85, 41]","[1555, 1590, 1422, 1373, 1400, 1369, 1300, 1316, 1166, 920, 1426, 1129, 700, 1019, 1282, 1505, 1184, 897, 991, 1280, 1249, 884, 1142]","[507, 58, 197, 409, 513, 37, 44, 261, 489, 711, 360, 458, 602, 537, 752, 851, 674, 539, 793, 783, 743, 636, 726]","[5, 5, 5, 5, 5, 5, 4, 5, 5, 5, 4, 5, 5, 5, 5, 5, 5, 5, 5, 0, 5, 1, 3]","[0, -2, -2, -1, 0, -2, -4, -3, -2, 0, -3, -3, -1, -2, 0, 1, -1, -2, -1, -5, 0, -5, -4]"
553,228.42,8,False,1188,240,-5,-8,[],[],[],[],"[837, 1164, 986, 951]","[770, 797, 669, 727]","[-111, -168, 250, -252]","[25, 30, 67, 21]","[1522, 1473, 1500, 1469, 1416, 1266, 1020, 1506, 1229, 800, 1119, 1382, 1284, 997, 1091, 1280, 1349, 904, 1202]","[157, 389, 507, 6, 201, 449, 711, 291, 398, 582, 497, 752, 654, 499, 773, 683, 743, 536, 646]","[5, 5, 5, 5, 5, 5, 5, 4, 5, 5, 5, 5, 5, 5, 5, 0, 5, 1, 3]","[-2, -1, -1, -1, -3, -2, 0, -4, -3, -1, -2, 0, -1, -2, -1, -5, 0, -5, -4]"
554,228.75,8,False,1026,201,-9,1,[],[],[],[],"[777, 1067, 1059, 830]","[762, 792, 686, 727]","[-144, -262, 174, -301]","[-15, -10, 47, 1]","[1573, 1600, 1502, 1366, 1120, 1586, 1329, 900, 1219, 1482, 1384, 1097, 1191, 1280, 1449, 924, 1262]","[369, 487, 141, 409, 711, 211, 338, 562, 457, 752, 634, 459, 753, 583, 725, 436, 566]","[5, 5, 4, 5, 5, 4, 5, 5, 5, 5, 5, 5, 5, 0, 5, 1, 3]","[-1, -1, -3, -2, 0, -4, -3, -1, -2, 0, -1, -2, -1, -5, -1, -5, -4]"
555,229.08,8,False,846,235,-9,3,[],[],[],[],"[703, 936, 1103, 690, 563]","[742, 772, 686, 708, 748]","[-164, -333, 92, -325, 19]","[-47, -50, 27, -19, -36]","[1582, 1466, 1220, 1429, 1000, 1319, 1582, 1484, 1197, 1291, 1262, 1549, 944, 1322, 815, 1129, 1138, 894, 617]","[81, 369, 711, 278, 542, 417, 752, 599, 419, 715, 483, 702, 336, 486, 709, 735, 626, 671, 706]","[4, 5, 5, 5, 5, 5, 5, 5, 5, 5, -1, 5, 1, 3, 0, 1, 2, 2, 1]","[-3, -2, 0, -3, -1, -2, 0, -2, -2, -2, -5, -2, -5, -4, -5, -5, -5, -5, -5]"
556,229.42,8,False,668,300,-9,4,[],[],[],[],"[623, 781, 1109, 550, 563]","[705, 732, 686, 688, 722]","[-165, -377, -8, -318, 39]","[-67, -81, 7, -39, -56]","[1566, 1320, 1529, 1100, 1419, 1584, 1297, 1391, 1242, 964, 1382, 815, 1149, 1158, 934, 637]","[329, 701, 218, 522, 377, 558, 362, 675, 383, 236, 386, 609, 635, 526, 571, 606]","[5, 5, 5, 5, 5, 5, 5, 5, -1, 1, 3, 0, 1, 1, 2, 1]","[-2, -1, -3, -1, -2, -3, -3, -2, -5, -5, -5, -5, -5, -5, -5, -5]"
557,229.75,8,False,553,317,-9,0,[],[],[],[],"[549, 621, 1077, 419, 573]","[665, 692, 679, 668, 682]","[-133, -370, -79, -268, 77]","[-69, -83, 5, -41, -58]","[1420, 1200, 1519, 1393, 1491, 1222, 984, 1423, 815, 1169, 1178, 974, 657, 604, 709, 1113, 507, 602]","[681, 502, 337, 302, 629, 283, 136, 286, 509, 535, 426, 471, 506, 683, 705, 683, 671, 699]","[5, 5, 5, 4, 5, -1, 1, 2, 0, 1, 1, 2, 1, -2, -2, -3, 0, -1]","[-1, -1, -2, -3, -3, -5, -5, -5, -5, -5, -5, -5, -5, -5, -5, -5, -5, -5]"
558,230.08,8,False,484,335,-9,3,[],[],[],[],"[499, 474, 1027, 321, 606]","[632, 652, 679, 648, 655]","[-73, -310, -119, -172, 135]","[-37, -63, 25, -19, -38]","[1520, 1300, 1473, 1576, 1184, 999, 1463, 815, 1189, 1191, 1014, 677, 564, 669, 1053, 507, 582]","[661, 469, 242, 569, 183, 36, 186, 409, 435, 326, 371, 406, 583, 605, 583, 571, 599]","[5, 5, 4, 4, -2, 0, 2, 0, 1, 0, 2, 1, -2, -2, -3, 0, -1]","[-1, -2, -3, -3, -5, -5, -5, -5, -5, -5, -5, -5, -5, -5, -5, -5, -5]"
559,230.42,8,False,490,306,2,-9,[],[],[],[],"[476, 358, 967, 265, 659]","[614, 626, 679, 639, 635]","[7, -222, -148, -58, 175]","[3, -24, 45, 21, -3]","[1400, 1553, 1144, 1487, 815, 1198, 1191, 1054, 697, 524, 629, 993, 507, 562]","[429, 182, 83, 86, 309, 335, 226, 271, 306, 483, 505, 493, 471, 499]","[5, 4, -2, 1, 0, 0, 0, 2, 1, -2, -2, -3, 0, -1]","[-2, -3, -5, -5, -5, -5, -5, -5, -5, -5, -5, -4, -5, -5]"
560,230.75,8,False,588,147,5,-8,[],[],[],[],"[486, 280, 889, 258, 727]","[614, 615, 695, 645, 634]","[87, -116, -166, 62, 209]","[43, 16, 65, 61, 37]","[1500, 815, 1198, 1191, 1076, 717, 484, 589, 933, 507, 542, 530, 370, 901, 392, 700]","[389, 209, 235, 126, 171, 206, 383, 405, 413, 371, 399, 554, 570, 676, 655, 574]","[5, 0, 0, 0, 1, 1, -2, -2, -3, 0, -1, 1, -1, -5, 5, 0]","[-2, -5, -5, -5, -5, -5, -5, -5, -4, -5, -5, -5, -5, -2, -1, -5]"
561,231.08,8,False,621,252,5,8,[],[],[],[],"[526, 249, 809, 298, 807]","[631, 619, 715, 665, 648]","[156, 4, -166, 182, 228]","[83, 56, 85, 87, 77]","[1600, 815, 1198, 1191, 1096, 737, 444, 549, 873, 507, 522, 550, 350, 801, 492, 700]","[349, 109, 135, 26, 71, 106, 283, 305, 333, 271, 299, 454, 470, 636, 635, 474]","[5, 0, 0, 0, 1, 1, -2, -2, -3, 0, -1, 1, -1, -5, 5, 0]","[-2, -5, -5, -5, -5, -5, -5, -5, -4, -5, -5, -5, -5, -2, -1, -5]"
562,231.42,8,False,752,163,8,-5,[],[],[],[],"[586, 264, 729, 381, 887]","[662, 639, 735, 685, 668]","[198, 106, -167, 265, 210]","[99, 78, 87, 89, 82]","[815, 1198, 757, 411, 509, 813, 507, 502, 570, 347, 701, 592, 700, 610, 330, 776, 412, 879]","[9, 35, 6, 183, 205, 253, 171, 199, 354, 370, 596, 615, 374, 650, 635, 724, 683, 657]","[0, 0, 1, -1, -2, -3, 0, -1, 1, 0, -5, 5, 0, 0, 3, -3, 3, -2]","[-5, -5, -5, -5, -5, -4, -5, -5, -5, -5, -2, -1, -5, -5, -5, -5, -4, -5]"
563,231.75,8,False,917,162,5,8,[],[],[],[],"[665, 314, 649, 486, 951]","[682, 659, 755, 705, 688]","[202, 182, -175, 309, 154]","[79, 70, 63, 69, 62]","[391, 469, 753, 507, 482, 592, 347, 601, 692, 700, 610, 390, 717, 472, 839]","[83, 105, 173, 71, 99, 254, 270, 556, 581, 274, 550, 535, 624, 603, 557]","[-1, -2, -3, 0, -1, 2, 0, -5, 5, 0, 0, 3, -2, 3, -2]","[-5, -5, -4, -5, -5, -5, -5, -2, -2, -5, -5, -5, -5, -4, -5]"
564,232.08,8,False,890,342,2,9,[940],[343],[-1],[5],"[736, 389, 569, 606, 990]","[702, 679, 761, 724, 700]","[191, 242, -168, 332, 94]","[59, 50, 23, 49, 42]","[429, 693, 632, 347, 501, 792, 705, 610, 450, 677, 532, 799]","[5, 93, 154, 170, 516, 541, 174, 450, 444, 524, 523, 457]","[-2, -3, 2, 0, -5, 5, 1, 0, 3, -2, 3, -2]","[-5, -4, -5, -5, -2, -2, -5, -5, -4, -5, -4, -5]"
565,232.42,8,False,1065,348,9,-4,[920],[443],[-1],[5],"[796, 487, 492, 726, 1003]","[711, 679, 752, 724, 700]","[171, 285, -146, 328, 25]","[39, 30, -17, 29, 22]","[633, 672, 347, 401, 892, 725, 610, 510, 637, 592, 778, 843, 508, 672, 691, 989]","[13, 54, 70, 476, 501, 74, 350, 364, 424, 443, 357, 653, 657, 720, 664, 640]","[-3, 2, 0, -5, 5, 1, 0, 3, -2, 3, -1, 3, 4, 4, 2, -2]","[-4, -5, -5, -2, -2, -5, -5, -4, -5, -4, -5, -5, -3, -4, -5, -5]"
566,232.75,8,False,1191,333,9,2,[900],[543],[-1],[5],"[847, 596, 432, 846, 989]","[711, 679, 732, 724, 700]","[133, 308, -106, 301, -44]","[19, 10, -39, 9, 2]","[301, 992, 610, 570, 597, 652, 758, 903, 607, 752, 731, 949]","[427, 461, 250, 284, 324, 363, 257, 564, 597, 640, 564, 540]","[-5, 5, 0, 3, -2, 3, -1, 3, 5, 4, 2, -2]","[-3, -2, -5, -4, -5, -4, -5, -4, -3, -4, -5, -5]"
567,233.08,8,False,1247,419,1,9,[880],[643],[-1],[5],"[887, 716, 392, 946, 951]","[711, 678, 712, 721, 683]","[111, 325, -43, 270, -86]","[17, 8, -41, 7, 0]","[207, 1092, 626, 644, 557, 712, 738, 963, 707, 832, 789, 909, 924, 739, 498, 992, 1059]","[367, 421, 150, 204, 224, 283, 157, 484, 537, 560, 464, 440, 701, 677, 758, 735, 728]","[-4, 5, 1, 4, -2, 3, -1, 3, 5, 4, 3, -2, 2, 4, 5, 5, 5]","[-3, -2, -5, -4, -5, -4, -5, -4, -3, -4, -5, -5, -5, -4, -1, -3, -1]"
568,233.42,8,False,1251,572,0,0,[],[],[],[],"[925, 386, 1041, 905]","[711, 692, 721, 683]","[98, 57, 241, -106]","[37, -21, 27, 20]","[127, 1192, 646, 724, 535, 782, 718, 1023, 807, 912, 849, 869, 964, 819, 598, 1092, 1159]","[307, 381, 50, 130, 124, 203, 57, 404, 477, 480, 364, 340, 601, 597, 738, 675, 708]","[-4, 5, 1, 4, -1, 4, -1, 3, 5, 4, 3, -2, 2, 4, 5, 5, 5]","[-3, -2, -5, -3, -5, -4, -5, -4, -3, -4, -5, -5, -5, -4, -1, -3, -1]"
569,233.75,7,False,1151,600,-8,4,[1218],[632],[-5],[1],"[945, 418, 1119, 845]","[719, 672, 721, 683]","[78, 149, 196, -108]","[57, -1, 47, 40]","[47, 1292, 804, 515, 862, 1083, 907, 992, 909, 836, 1004, 899, 698, 1259]","[247, 341, 70, 24, 123, 324, 432, 400, 281, 240, 501, 517, 718, 688]","[-4, 5, 4, -1, 4, 3, 5, 4, 3, -1, 2, 4, 5, 5]","[-3, -2, -3, -5, -4, -4, -2, -4, -4, -5, -5, -4, -1, -1]"
570,234.08,7,False,1033,477,-5,-8,[1118],[654],[-5],[2],"[965, 486, 1174, 785, 620]","[739, 672, 739, 694, 734]","[58, 229, 136, -103, 38]","[77, 19, 67, 60, 19]","[1392, 895, 942, 1143, 1007, 1072, 969, 816, 1061, 979, 798, 1359, 923, 554, 1160, 950, 750]","[321, 10, 43, 244, 392, 336, 201, 140, 401, 437, 698, 668, 694, 688, 661, 661, 750]","[5, 5, 4, 3, 5, 4, 3, -1, 3, 4, 5, 5, -3, 5, 0, 4, 5]","[-1, -3, -4, -4, -2, -3, -4, -5, -5, -4, -1, -1, -4, -1, -5, -3, -1]"
571,234.42,7,False,859,452,-9,-2,[1018],[694],[-5],[2],"[973, 581, 1206, 743, 635]","[759, 672, 759, 714, 734]","[38, 293, 71, -83, 78]","[89, 39, 79, 80, 39]","[1492, 1203, 1107, 1152, 1029, 796, 1121, 1059, 898, 1459, 863, 654, 1160, 1030, 850]","[301, 164, 352, 276, 121, 40, 301, 357, 678, 632, 614, 668, 561, 601, 730]","[5, 3, 5, 4, 3, -1, 3, 4, 5, 5, -3, 5, 0, 4, 5]","[-1, -4, -2, -3, -4, -5, -5, -4, -1, -2, -4, -1, -5, -3, -1]"
572,234.75,7,False,706,423,0,0,[918],[734],[-5],[2],"[973, 699, 1206, 703, 665]","[779, 673, 779, 734, 735]","[0, 319, -27, -81, 100]","[71, 41, 61, 82, 41]","[1592, 1263, 1207, 1232, 1089, 1167, 1139, 998, 1559, 803, 754, 1160, 1110, 950, 990, 686, 1201, 757, 693]","[281, 84, 312, 216, 41, 201, 277, 658, 592, 534, 648, 461, 541, 710, 761, 663, 796, 728, 725]","[5, 3, 5, 4, 3, 2, 4, 5, 5, -3, 5, 0, 4, 5, -2, 0, -5, -1, 1]","[-1, -4, -2, -3, -4, -5, -4, -1, -2, -4, -1, -5, -3, -1, -5, -5, -2, -5, -5]"
573,235.08,7,False,643,432,-9,2,[818],[774],[-5],[2],"[949, 817, 1162, 663, 703]","[789, 673, 784, 754, 735]","[-60, 297, -132, -83, 98]","[31, 21, 21, 59, 21]","[1323, 1307, 1312, 1207, 1219, 1098, 743, 854, 1160, 1190, 1050, 950, 686, 1101, 737, 713]","[4, 272, 142, 101, 197, 638, 454, 628, 361, 476, 690, 661, 563, 756, 628, 625]","[3, 5, 4, 2, 4, 5, -3, 5, 0, 4, 5, -2, 0, -5, -1, 1]","[-4, -2, -4, -5, -4, -1, -4, -1, -5, -4, -1, -5, -5, -2, -5, -5]"
574,235.42,7,False,482,454,-8,4,[718],[814],[-5],[2],"[902, 917, 1078, 623, 723]","[784, 673, 774, 758, 735]","[-120, 254, -228, -83, 78]","[-9, 1, -19, 19, 1]","[1407, 1392, 1247, 1299, 1198, 683, 954, 1160, 1266, 1150, 890, 686, 1001, 717, 733]","[232, 62, 1, 117, 618, 374, 608, 261, 396, 664, 561, 463, 716, 528, 525]","[5, 4, 2, 4, 5, -3, 5, 0, 3, 5, -3, 0, -5, -1, 1]","[-2, -4, -5, -4, -1, -4, -1, -5, -4, -2, -5, -5, -2, -5, -5]"
575,235.75,7,False,472,590,6,7,[618],[854],[-5],[2],"[836, 996, 962, 583, 743]","[764, 654, 749, 747, 716]","[-161, 194, -302, -75, 58]","[-49, -19, -59, -18, -19]","[1507, 1379, 1298, 609, 1054, 1145, 1326, 1250, 830, 686, 901, 697, 753, 864, 873, 1033, 597, 717]","[173, 37, 598, 294, 588, 161, 313, 624, 461, 363, 676, 428, 425, 769, 657, 756, 698, 707]","[5, 4, 5, -4, 5, -1, 3, 5, -3, 0, -5, -1, 1, -4, -5, -4, -3, -3]","[-3, -4, -1, -4, -1, -5, -5, -2, -5, -5, -2, -5, -5, -3, -3, -3, -5, -4]"
576,236.08,6,False,473,571,-8,-5,"[518, 618]","[880, 699]","[-5, 4]","[1, 3]","[756, 1047, 821, 543, 751]","[724, 634, 709, 727, 696]","[-190, 116, -351, -55, 38]","[-76, -23, -79, -38, -39]","[1398, 529, 1154, 1118, 1369, 1350, 770, 686, 801, 658, 773, 784, 773, 953, 657]","[578, 234, 568, 61, 213, 584, 375, 263, 636, 328, 325, 709, 602, 696, 627]","[5, -4, 5, -2, 2, 5, -3, 0, -5, -2, 1, -4, -5, -4, -3]","[-1, -3, -1, -5, -5, -2, -4, -5, -2, -5, -5, -3, -2, -3, -4]"
577,236.42,6,False,355,430,-6,-7,"[418, 698]","[900, 759]","[-5, 4]","[1, 3]","[675, 1071, 661, 519, 751]","[684, 614, 669, 707, 676]","[-186, 54, -352, -17, 36]","[-78, -5, -81, -40, -41]","[1498, 430, 1254, 1378, 1450, 710, 686, 701, 618, 793, 704, 673, 873, 597, 727, 1067, 722, 549, 741]","[539, 189, 548, 113, 544, 295, 163, 596, 228, 225, 649, 562, 636, 547, 711, 653, 718, 728, 719]","[5, -5, 5, 0, 5, -3, 0, -5, -2, 1, -4, -5, -4, -3, -3, -5, -5, -3, -5]","[-2, -2, -1, -5, -2, -4, -5, -2, -5, -5, -3, -2, -3, -4, -4, -2, -1, -4, 0]"
578,236.75,6,False,201,330,-9,-2,[778],[819],[4],[3],"[598, 1073, 521, 514, 758]","[644, 612, 629, 687, 656]","[-146, 14, -301, 43, 56]","[-55, 35, -51, -20, -21]","[1598, 330, 1354, 1340, 1550, 650, 673, 601, 578, 807, 624, 573, 793, 525, 667, 967, 622, 489, 641]","[499, 164, 528, 19, 498, 215, 63, 556, 128, 125, 589, 522, 576, 467, 631, 613, 698, 648, 719]","[5, -5, 5, -3, 5, -3, -1, -5, -2, 0, -4, -5, -4, -4, -3, -5, -5, -3, -5]","[-2, -1, -1, -4, -3, -4, -5, -2, -5, -5, -3, -2, -3, -4, -4, -2, -1, -4, 0]"
579,237.08,6,False,125,379,8,4,[863],[879],[5],[3],"[543, 1060, 408, 534, 778]","[622, 625, 609, 668, 643]","[-86, -26, -225, 103, 76]","[-15, 75, -11, 0, 13]","[230, 1454, 589, 501, 519, 807, 544, 473, 713, 445, 607, 867, 522, 429, 541]","[156, 492, 135, 516, 38, 25, 529, 482, 516, 387, 551, 573, 678, 568, 719]","[-5, 5, -4, -5, -3, 0, -4, -5, -4, -4, -3, -5, -5, -3, -5]","[0, -2, -4, -2, -4, -5, -3, -2, -3, -4, -4, -2, -1, -4, 0]"
580,237.42,6,False,94,465,-4,9,[],[],[],[],"[512, 1032, 328, 579, 798]","[615, 653, 604, 668, 645]","[-26, -66, -127, 163, 96]","[25, 114, 29, 20, 53]","[130, 1554, 509, 401, 464, 373, 633, 365, 547, 767, 422, 369, 441, 529, 1012, 344, 554, 720]","[156, 452, 55, 476, 469, 442, 456, 307, 471, 533, 658, 488, 719, 572, 676, 610, 608, 659]","[-5, 5, -4, -5, -4, -5, -4, -4, -3, -5, -5, -3, -5, -3, -5, -5, -1, -5]","[0, -2, -4, -2, -3, -2, -3, -4, -4, -2, -1, -4, 0, -5, 0, -2, -5, -1]"
581,237.75,6,False,88,600,1,9,[],[],[],[],"[504, 990, 289, 645, 818]","[623, 693, 614, 668, 665]","[34, -102, -19, 211, 99]","[65, 134, 69, 40, 79]","[30, 301, 384, 273, 542, 285, 487, 667, 322, 306, 341, 469, 912, 244, 534, 620]","[179, 445, 409, 402, 396, 239, 391, 493, 638, 408, 719, 472, 676, 570, 508, 639]","[-5, -5, -4, -5, -5, -4, -3, -5, -5, -4, -5, -3, -5, -5, -1, -5]","[2, -1, -3, -2, -3, -3, -4, -2, -1, -4, 0, -5, 0, -2, -5, -1]"
582,238.08,6,False,104,600,2,9,[],[],[],[],"[519, 930, 295, 725, 838]","[643, 733, 634, 671, 685]","[76, -140, 83, 227, 81]","[87, 136, 91, 42, 81]","[201, 304, 173, 442, 205, 415, 567, 222, 226, 241, 409, 812, 144, 506, 520, 515, 957, 337, 690, 834]","[425, 349, 362, 336, 179, 311, 463, 618, 328, 719, 388, 676, 530, 408, 619, 684, 765, 720, 704, 726]","[-5, -4, -5, -5, -4, -4, -5, -5, -4, -5, -3, -5, -5, -2, -5, -5, -5, 0, -5, -5]","[-1, -3, -2, -3, -3, -4, -1, -1, -4, 0, -4, 0, -2, -5, -1, 0, 0, 5, -1, 0]"
583,238.42,5,False,138,560,5,-8,[],[],[],[],"[539, 853, 331, 805, 853]","[663, 773, 654, 671, 705]","[96, -189, 148, 206, 41]","[75, 105, 88, 22, 61]","[101, 206, 73, 342, 115, 335, 467, 146, 141, 349, 712, 44, 466, 420, 415, 857, 337, 590, 734]","[405, 289, 322, 290, 119, 231, 443, 248, 719, 308, 676, 490, 308, 599, 684, 765, 820, 684, 726]","[-5, -5, -5, -5, -5, -4, -5, -4, -5, -3, -5, -5, -2, -5, -5, -5, 0, -5, -5]","[-1, -3, -2, -2, -3, -4, -1, -4, 0, -4, 0, -2, -5, -1, 0, 0, 5, -1, 0]"
584,238.75,5,False,291,475,9,0,[],[],[],[],"[576, 758, 394, 868, 853]","[683, 795, 674, 671, 716]","[116, -221, 208, 166, 1]","[55, 65, 68, 2, 41]","[1, 106, 242, 15, 255, 367, 66, 41, 289, 612, 426, 320, 315, 757, 490, 634]","[385, 229, 250, 75, 151, 423, 173, 719, 228, 676, 208, 579, 684, 765, 664, 726]","[-5, -5, -5, -5, -4, -5, -4, -5, -3, -5, -2, -5, -5, -5, -5, -5]","[-1, -3, -2, -2, -4, -1, -3, 0, -4, 0, -5, -1, 0, 0, -1, 0]"
585,239.08,5,False,471,475,9,0,[],[],[],[],"[616, 658, 475, 916, 833]","[688, 802, 692, 653, 716]","[129, -233, 250, 119, -39]","[35, 25, 48, -18, 21]","[6, 142, 175, 267, 229, 512, 386, 220, 215, 657, 390, 534, 532, 713, 501, 814, 791]","[189, 210, 75, 403, 148, 676, 108, 559, 684, 765, 644, 726, 713, 781, 642, 687, 751]","[-5, -5, -4, -5, -3, -5, -2, -5, -5, -5, -5, -5, -5, -4, 3, -5, -5]","[-2, -2, -3, -1, -4, 0, -5, -1, 0, 0, -1, 0, -1, -3, -4, -1, 0]"
586,239.42,5,False,602,551,2,9,[638],[582],[1],[5],"[656, 558, 575, 942, 798]","[688, 794, 692, 633, 716]","[129, -225, 276, 59, -78]","[15, -15, 28, -21, 1]","[42, 95, 167, 169, 412, 346, 120, 115, 557, 290, 434, 432, 633, 561, 714, 691]","[170, 15, 383, 68, 676, 8, 539, 684, 765, 624, 726, 693, 721, 562, 667, 751]","[-5, -4, -5, -3, -5, -2, -5, -5, -5, -5, -5, -5, -4, 3, -5, -5]","[-2, -3, -1, -4, 0, -5, -1, 0, 0, -1, 0, -1, -3, -4, -1, 0]"
587,239.75,5,False,729,500,7,-7,[658],[682],[1],[5],"[696, 464, 676, 945, 758]","[688, 774, 692, 613, 697]","[147, -179, 300, 17, -80]","[13, -37, 26, -3, -1]","[67, 312, 20, 15, 457, 190, 334, 332, 553, 621, 614, 591, 715, 566, 697, 935, 776]","[363, 676, 519, 684, 765, 604, 726, 673, 661, 482, 647, 751, 678, 787, 682, 638, 752]","[-5, -5, -5, -5, -5, -5, -5, -5, -4, 3, -5, -5, 0, 3, 3, -5, -5]","[-1, 0, -1, 0, 0, -1, 0, -1, -3, -4, -1, 0, -5, -4, -5, -2, 0]"
