,Time,HP,Power up,Player x,Player y,Player speed_x,Player speed_y,Player bullet x,Player bullet y,Player bullet speed_x,Player bullet speed_y,Enemy x,Enemy y,Enemy speed_x,Enemy speed_y,Enemy bullet x,Enemy bullet y,Enemy bullet speed_x,Enemy bullet speed_y
0,0.02,10,False,768,297,0,9,[],[],[],[],[583],[609],[0],[0],[],[],[],[]
1,0.36,10,False,770,378,0,0,[],[],[],[],[583],[609],[0],[0],[],[],[],[]
2,0.68,10,False,774,396,0,0,[],[],[],[],"[583, 712]","[609, 782]","[0, -1]","[0, -2]",[],[],[],[]
3,1.02,10,False,732,451,-7,6,[],[],[],[],"[583, 694]","[609, 747]","[22, 1]","[22, -20]",[],[],[],[]
4,1.34,10,False,707,354,7,-6,[],[],[],[],"[590, 694, 1067]","[616, 727, 794]","[62, 21, -2]","[62, -20, -1]",[],[],[],[]
5,1.67,10,False,752,462,-3,9,[],[],[],[],"[612, 694, 1047]","[636, 707, 747]","[102, 41, -42]","[87, -7, -1]",[],[],[],[]
6,1.99,10,False,779,438,6,-7,[741],[635],[-3],[6],"[652, 706, 1011, 1299]","[664, 701, 727, 794]","[142, 61, -82, -5]","[107, 13, -1, -1]",[],[],[],[]
7,2.29,10,False,919,317,8,-5,[],[],[],[],"[726, 960, 1267]","[701, 720, 747]","[81, -120, -105]","[33, 12, -1]",[],[],[],[]
8,2.59,10,False,1042,300,-9,4,[],[],[],[],"[746, 896, 1195, 502]","[701, 720, 727, 712]","[79, -162, -207, 1]","[31, 10, -23, -1]",[],[],[],[]
9,2.89,10,False,862,325,-9,1,[],[],[],[],"[766, 811, 1079, 502]","[701, 710, 707, 692]","[59, -209, -313, 21]","[11, -10, -50, -21]",[],[],[],[]
10,3.22,10,False,682,366,-9,3,[],[],[],[],"[772, 711, 927, 502, 532]","[692, 690, 667, 672, 776]","[22, -238, -390, 41, 1]","[-9, -30, -70, -41, -2]",[],[],[],[]
11,3.54,10,False,534,473,-5,8,[582],[517],[-3],[5],"[763, 611, 750, 514, 532]","[672, 670, 627, 641, 756]","[-13, -247, -435, 61, 21]","[-29, -50, -90, -61, -42]",[],[],[],[]
12,3.85,10,False,587,396,7,-7,[522],[617],[-3],[5],"[743, 511, 570, 534, 532]","[652, 630, 587, 601, 720]","[-33, -236, -445, 81, 41]","[-49, -70, -94, -72, -82]",[],[],[],[]
13,4.15,10,False,739,294,9,-2,[],[],[],[],"[723, 392, 562, 544]","[617, 576, 576, 680]","[-31, -396, 123, 83]","[-44, -72, -50, -80]",[],[],[],[]
14,4.45,10,False,917,295,7,6,[],[],[],[],"[703, 244, 611, 579, 837]","[597, 576, 576, 640, 788]","[-11, -296, 167, 138, 0]","[-4, -32, -10, -60, 0]",[],[],[],[]
15,4.77,10,False,791,415,0,9,[],[],[],[],"[693, 142, 675, 634, 837]","[596, 576, 576, 611, 788]","[9, -170, 206, 178, 0]","[36, 8, 30, -31, 0]",[],[],[],[]
16,5.1,10,False,971,402,9,-1,[],[],[],[],"[693, 94, 755, 704, 837]","[610, 576, 587, 596, 788]","[29, -30, 226, 210, 0]","[76, 48, 70, 9, 0]",[],[],[],[]
17,5.44,10,False,957,496,-7,5,[1008],[545],[-5],[4],"[693, 101, 835, 784, 837]","[638, 596, 613, 596, 788]","[49, 110, 230, 227, 0]","[107, 88, 110, 49, 0]",[],[],[],[]
18,5.77,10,False,823,451,-8,-4,[],[],[],[],"[710, 162, 914, 826]","[678, 631, 653, 757]","[47, 228, 197, -22]","[105, 101, 112, -22]",[],[],[],[]
19,6.08,10,False,645,422,-9,0,[],[],[],[],"[710, 261, 969, 800]","[703, 652, 685, 731]","[27, 310, 137, -62]","[85, 81, 92, -62]",[],[],[],[]
20,6.38,10,False,465,422,-9,0,[],[],[],[],"[710, 389, 998, 760, 731]","[723, 672, 705, 691, 597]","[7, 370, 57, -98, -1]","[63, 61, 72, -88, 0]",[],[],[],[]
21,6.69,10,False,349,493,5,8,[],[],[],[],"[697, 532, 993, 702, 711]","[729, 683, 724, 643, 597]","[-13, 402, -23, -118, -21]","[23, 41, 48, -108, 0]",[],[],[],[]
22,7.0,10,False,363,531,-6,-7,[],[],[],[],"[677, 692, 959, 642, 691]","[720, 683, 724, 583, 597]","[-33, 405, -99, -130, -41]","[-17, 21, 8, -116, 0]",[],[],[],[]
23,7.33,10,False,374,489,2,9,[],[],[],[],"[657, 837, 899, 582, 671]","[700, 683, 711, 576, 597]","[-20, 398, -137, -108, -39]","[-15, 23, 2, -94, 22]",[],[],[],[]
24,7.65,10,False,364,489,-3,-9,[447],[659],[2],[6],"[648, 977, 839, 539, 651]","[686, 683, 711, 576, 604]","[20, 382, -148, -54, -2]","[5, 43, 22, -54, 62]",[],[],[],[]
25,7.97,10,False,491,415,9,-2,[487],[778],[2],[5],"[654, 1112, 779, 521, 651]","[686, 697, 711, 576, 624]","[60, 336, -148, 6, 38]","[25, 63, 42, -14, 99]",[],[],[],[]
26,8.28,10,False,671,392,9,0,[],[],[],[],"[674, 1223, 719, 527, 666]","[686, 717, 724, 576, 664]","[95, 266, -132, 66, 78]","[45, 83, 59, 26, 119]",[],[],[],[]
27,8.58,10,False,851,400,9,1,[],[],[],[],"[710, 1302, 659, 556, 688]","[702, 737, 744, 585, 704]","[115, 177, -109, 126, 101]","[65, 87, 59, 66, 139]",[],[],[],[]
28,8.9,10,False,840,512,-7,6,[],[],[],[],"[750, 1340, 615, 608, 727]","[722, 757, 757, 605, 744]","[113, 55, -91, 151, 99]","[62, 65, 37, 84, 126]","[788, 1341, 715, 666, 779]","[704, 750, 746, 606, 718]","[1, -3, 3, 4, 2]","[-5, -4, -5, -3, -5]"
29,9.24,10,False,875,510,8,-4,[],[],[],[],"[781, 1322, 575, 668, 747]","[728, 764, 755, 625, 766]","[83, -85, -91, 151, 79]","[22, 25, -3, 80, 86]","[808, 1281, 775, 746, 819]","[604, 670, 646, 546, 618]","[1, -3, 3, 4, 2]","[-5, -4, -5, -3, -5]"
30,9.57,10,False,1024,409,4,-8,[],[],[],[],"[797, 1249, 535, 710, 767]","[719, 756, 735, 645, 766]","[43, -222, -75, 132, 59]","[-17, -15, -43, 60, 46]","[828, 1201, 835, 826, 859, 835, 1285, 587, 759, 806]","[504, 590, 546, 486, 518, 750, 795, 779, 687, 797]","[1, -4, 3, 4, 2, 3, -5, 5, 2, 4]","[-5, -4, -5, -3, -5, -4, -2, -3, -5, -4]"
31,9.9,10,False,903,302,-9,-1,[],[],[],[],"[797, 1126, 495, 750, 772]","[699, 733, 698, 655, 766]","[3, -336, -55, 112, 21]","[-37, -55, -72, 40, 6]","[848, 1121, 895, 906, 899, 895, 1192, 675, 799, 886]","[404, 510, 446, 426, 418, 670, 735, 719, 587, 717]","[1, -4, 3, 4, 2, 3, -4, 4, 2, 4]","[-5, -4, -5, -3, -5, -4, -3, -3, -5, -4]"
32,10.24,9,False,723,296,-9,0,[],[],[],[],"[778, 962, 471, 781, 762]","[672, 693, 658, 655, 749]","[-37, -424, -35, 82, -13]","[-57, -82, -92, 20, -34]","[1041, 955, 986, 939, 955, 1112, 755, 839, 966]","[430, 346, 366, 318, 590, 675, 659, 487, 637]","[-4, 3, 4, 2, 3, -4, 4, 2, 4]","[-4, -5, -3, -5, -4, -3, -3, -5, -4]"
33,10.57,9,False,543,302,-9,1,[],[],[],[],"[752, 770, 458, 801, 742]","[632, 653, 617, 655, 717]","[-43, -453, 24, 64, -11]","[-55, -80, -89, 22, -51]","[961, 1012, 1066, 979, 1015, 1032, 835, 879, 1039, 813, 889, 540, 804, 798]","[350, 246, 306, 218, 510, 615, 599, 387, 557, 646, 659, 628, 635, 728]","[-4, 2, 4, 2, 3, -4, 4, 2, 3, 0, -2, 3, -2, 0]","[-4, -5, -3, -5, -4, -3, -3, -5, -4, -5, -5, -5, -5, -5]"
34,10.9,9,False,483,421,3,9,[523],[450],[2],[5],"[732, 587, 473, 821, 732]","[608, 613, 578, 655, 697]","[-23, -425, 101, 64, 9]","[-23, -57, -49, 42, -31]","[881, 1052, 1146, 1019, 1075, 952, 915, 919, 1099, 813, 849, 586, 764, 798]","[270, 146, 236, 118, 430, 555, 539, 287, 477, 546, 559, 528, 535, 628]","[-4, 2, 4, 2, 3, -4, 4, 2, 3, 0, -2, 2, -2, 0]","[-4, -5, -4, -5, -4, -3, -3, -5, -4, -5, -5, -5, -5, -5]"
35,11.24,9,False,312,416,-9,1,[563],[550],[2],[5],"[712, 418, 517, 841, 732]","[597, 590, 576, 668, 677]","[-3, -362, 161, 64, 29]","[17, -17, -9, 62, -11]","[801, 1092, 1226, 1043, 1135, 865, 995, 952, 1159, 813, 809, 626, 720, 798, 742, 454, 556, 887, 764]","[191, 46, 156, 18, 338, 495, 479, 187, 397, 446, 459, 428, 435, 528, 631, 625, 619, 713, 707]","[-4, 2, 4, 1, 3, -5, 4, 1, 3, 0, -2, 2, -3, 0, -5, -3, -5, -3, -3]","[-3, -5, -4, -5, -5, -3, -3, -5, -4, -5, -5, -5, -5, -5, -1, -4, -1, -4, -5]"
36,11.57,9,False,195,546,0,9,[],[],[],[],"[710, 283, 861, 732]","[601, 582, 688, 667]","[17, -269, 64, 49]","[57, 23, 82, 9]","[721, 1288, 1185, 765, 1075, 972, 1219, 813, 749, 666, 660, 798, 642, 394, 456, 827, 704]","[131, 76, 238, 444, 419, 87, 304, 346, 359, 328, 347, 428, 611, 545, 599, 633, 613]","[-4, 3, 2, -5, 4, 1, 3, 0, -3, 2, -3, 0, -5, -3, -5, -3, -3]","[-3, -4, -5, -2, -3, -5, -5, -5, -5, -5, -4, -5, -1, -4, -1, -4, -4]"
37,11.9,9,False,240,576,4,9,[],[],[],[],"[710, 189, 881, 752]","[621, 589, 711, 667]","[37, -152, 52, 69]","[97, 63, 102, 29]","[641, 1225, 665, 1155, 1259, 806, 689, 706, 595, 798, 542, 334, 356, 767, 644]","[71, 138, 404, 349, 204, 246, 272, 228, 267, 328, 591, 465, 579, 553, 533]","[-4, 2, -5, 4, 2, -1, -3, 2, -4, 0, -5, -3, -5, -3, -3]","[-3, -5, -2, -4, -5, -5, -4, -5, -4, -5, -1, -4, -1, -4, -4]"
38,12.24,8,False,397,576,9,1,[],[],[],[],"[710, 143, 883, 772, 254]","[654, 609, 743, 667, 784]","[35, -41, 10, 64, 44]","[95, 81, 85, 27, -22]","[547, 1265, 565, 1235, 1296, 786, 629, 746, 515, 798, 442, 274, 691, 584, 701, 263, 863, 742, 267]","[11, 38, 364, 269, 104, 146, 192, 128, 195, 228, 571, 385, 473, 453, 641, 646, 766, 680, 774]","[-5, 2, -5, 4, 1, -1, -3, 2, -4, 0, -5, -3, -4, -3, -4, 5, -5, -5, -2]","[-3, -5, -2, -4, -5, -5, -4, -5, -3, -5, -1, -4, -4, -4, -3, 0, 0, -2, -5]"
39,12.57,6,False,577,560,9,-2,[],[],[],[],"[710, 137, 866, 779, 280]","[674, 629, 760, 667, 743]","[15, 59, -48, 24, 119]","[75, 73, 45, 7, -62]","[465, 1315, 1316, 766, 569, 786, 435, 778, 214, 611, 524, 363, 763, 642, 227]","[343, 189, 4, 46, 112, 28, 135, 128, 305, 393, 373, 646, 766, 640, 674]","[-5, 4, 1, -1, -3, 2, -4, -1, -3, -4, -3, 5, -5, -5, -2]","[-1, -4, -5, -5, -4, -5, -3, -5, -4, -4, -4, 0, 0, -2, -5]"
40,12.9,6,False,703,429,7,-7,[],[],[],[],"[705, 171, 827, 771, 330]","[694, 649, 760, 654, 703]","[-5, 159, -88, -16, 179]","[55, 53, 5, -13, -94]","[365, 1388, 509, 341, 758, 154, 531, 464, 463, 663, 542, 187, 753, 220, 861, 818, 380]","[323, 109, 32, 75, 28, 225, 313, 293, 646, 766, 600, 574, 738, 693, 790, 698, 746]","[-5, 3, -3, -5, -1, -3, -4, -3, 5, -5, -5, -2, -1, 5, -1, -2, 2]","[-1, -4, -4, -3, -5, -4, -4, -4, 0, 0, -2, -5, -5, 0, -5, -5, -5]"
41,13.24,6,False,876,387,9,3,[],[],[],[],"[685, 241, 773, 751, 404]","[699, 652, 742, 634, 649]","[-25, 239, -128, -39, 231]","[35, 33, -35, -33, -114]","[265, 1448, 241, 95, 451, 404, 563, 563, 442, 163, 733, 320, 841, 791, 420]","[303, 29, 33, 129, 233, 213, 646, 766, 560, 474, 638, 693, 690, 598, 646]","[-5, 3, -5, -2, -4, -3, 5, -5, -5, -1, -1, 5, -1, -1, 2]","[-1, -4, -2, -5, -4, -4, 0, 0, -2, -5, -5, 0, -5, -5, -5]"
42,13.57,6,False,833,471,8,-5,[851],[529],[-4],[3],"[665, 341, 713, 722, 495]","[699, 652, 709, 614, 589]","[-42, 305, -150, -59, 266]","[15, 13, -70, -47, -124]","[165, 55, 371, 344, 663, 463, 351, 149, 725, 420, 821, 771, 460]","[283, 29, 153, 133, 646, 766, 503, 374, 538, 693, 590, 498, 546]","[-5, -2, -4, -3, 5, -5, -4, 0, 0, 5, -1, -1, 2]","[-1, -5, -4, -4, 0, 0, -3, -5, -5, 0, -5, -5, -5]"
43,13.9,6,False,990,368,8,-5,[771],[589],[-4],[3],"[645, 467, 639, 682, 597]","[699, 652, 669, 594, 576]","[-20, 372, -140, -57, 303]","[17, 15, -68, -25, -102]","[65, 299, 284, 763, 363, 271, 149, 725, 520, 801, 751, 500, 701, 491, 775, 804, 637]","[263, 73, 47, 646, 766, 436, 274, 438, 693, 490, 398, 446, 679, 676, 714, 629, 580]","[-5, -3, -3, 5, -5, -4, 0, 0, 5, -1, -1, 2, 1, 5, 5, 5, 4]","[-1, -4, -5, 0, 0, -4, -5, -5, 0, -5, -5, -5, -5, -1, -2, -2, -4]"
44,14.24,6,False,1150,272,8,-4,[],[],[],[],"[636, 619, 580, 717]","[699, 652, 632, 576]","[20, 427, -100, 335]","[37, 35, -48, -62]","[863, 263, 223, 153, 725, 620, 785, 731, 551, 721, 591, 875, 904, 717]","[646, 766, 345, 174, 338, 693, 390, 298, 346, 579, 656, 674, 589, 500]","[5, -5, -1, 1, 0, 5, 0, -1, 3, 1, 5, 5, 5, 4]","[0, 0, -5, -5, -5, 0, -5, -5, -5, -5, -1, -2, -2, -4]"
45,14.57,6,False,1273,196,-9,3,[],[],[],[],"[642, 784, 542, 837, 530]","[707, 658, 612, 576, 595]","[60, 453, -46, 344, 3]","[57, 55, -20, -22, 2]","[963, 163, 232, 182, 725, 720, 785, 711, 611, 741, 691, 975, 1004, 797, 694, 828, 596, 882, 570]","[627, 750, 245, 74, 238, 693, 290, 198, 256, 479, 636, 624, 531, 420, 752, 694, 658, 614, 628]","[5, -5, 2, 2, 0, 5, 0, -1, 3, 1, 5, 5, 5, 4, 3, 5, 5, 5, 5]","[-1, -1, -5, -5, -5, 0, -5, -5, -4, -5, -1, -3, -3, -4, -4, -3, -3, -2, -2]"
46,14.9,6,False,1139,318,-9,3,[],[],[],[],"[663, 957, 527, 957, 535]","[727, 678, 603, 576, 595]","[100, 443, 14, 330, 63]","[71, 75, 20, 18, 42]","[1063, 63, 300, 728, 820, 785, 708, 671, 768, 791, 1075, 1104, 877, 754, 928, 696, 982, 670]","[607, 720, 167, 138, 693, 190, 98, 176, 379, 616, 564, 471, 340, 672, 634, 598, 574, 588]","[5, -5, 4, 1, 5, 0, 0, 3, 2, 5, 5, 5, 4, 3, 5, 5, 5, 5]","[-1, -2, -3, -5, 0, -5, -5, -4, -5, -1, -3, -3, -4, -4, -3, -3, -2, -2]"
47,15.24,6,False,959,324,-9,1,[],[],[],[],"[703, 1116, 536, 1073, 563]","[747, 698, 609, 581, 612]","[123, 399, 74, 292, 123]","[71, 95, 60, 58, 82]","[1163, 395, 748, 920, 785, 731, 808, 891, 1157, 1204, 957, 814, 1028, 796, 1082, 770]","[587, 119, 38, 693, 90, 96, 279, 596, 504, 411, 260, 592, 574, 538, 534, 548]","[5, 5, 1, 5, 0, 3, 2, 5, 4, 5, 4, 3, 5, 5, 5, 5]","[-1, -2, -5, 0, -5, -4, -5, -1, -3, -3, -4, -4, -3, -3, -2, -2]"
48,15.57,6,False,779,344,-9,1,[],[],[],[],"[743, 1248, 568, 1165, 603]","[766, 727, 629, 601, 633]","[121, 305, 112, 210, 144]","[49, 87, 70, 76, 89]","[1263, 495, 1020, 800, 848, 991, 1237, 1290, 1037, 874, 1128, 896, 1182, 870, 748, 1174, 639, 1109, 641]","[567, 92, 693, 16, 179, 576, 444, 351, 180, 512, 514, 478, 494, 508, 749, 735, 622, 621, 615]","[5, 5, 5, 4, 2, 5, 4, 4, 4, 3, 5, 5, 5, 5, -2, -5, 4, -5, 1]","[-1, -1, 0, -4, -5, -1, -3, -3, -4, -4, -3, -3, -2, -2, -5, -2, -4, -1, -5]"
49,15.9,6,False,610,396,-6,7,[],[],[],[],"[780, 1331, 608, 1214, 643]","[766, 745, 649, 621, 653]","[94, 170, 113, 91, 144]","[9, 47, 50, 76, 69]","[1363, 595, 1120, 888, 1091, 1317, 1370, 1117, 934, 1226, 981, 1282, 970, 708, 1074, 719, 1009, 661]","[530, 80, 693, 79, 556, 375, 291, 100, 432, 454, 418, 454, 468, 649, 695, 542, 601, 515]","[5, 5, 5, 2, 5, 4, 4, 4, 3, 4, 4, 5, 5, -2, -5, 4, -5, 1]","[-2, 0, 0, -5, -1, -4, -3, -4, -4, -3, -3, -2, -2, -5, -2, -4, -1, -5]"
50,16.24,6,False,457,440,-9,-3,[590],[535],[-3],[4],"[800, 1360, 648, 1215, 683]","[750, 745, 649, 641, 672]","[54, 30, 113, -29, 137]","[-31, 7, 30, 56, 49]","[1463, 695, 1220, 1191, 1385, 1450, 1197, 994, 1306, 1061, 1382, 1070, 668, 974, 799, 909, 681, 845, 1390, 678, 1259, 714]","[490, 80, 681, 536, 295, 228, 20, 339, 394, 358, 414, 428, 549, 655, 462, 581, 415, 796, 780, 682, 687, 703]","[5, 5, 5, 5, 3, 4, 4, 3, 4, 4, 5, 5, -2, -5, 4, -5, 1, -4, -5, -5, -5, -4]","[-2, 0, -1, -1, -4, -4, -4, -5, -3, -3, -2, -2, -5, -2, -4, -1, -5, -3, 0, -2, -3, -4]"
51,16.57,6,False,277,391,-9,-1,[530],[620],[-3],[5],"[802, 1333, 688, 1169, 723]","[719, 728, 649, 647, 672]","[14, -110, 104, -149, 117]","[-71, -33, 10, 36, 29]","[795, 1320, 1291, 1429, 1521, 1054, 1386, 1141, 1482, 1170, 628, 874, 872, 809, 699, 765, 1290, 578, 1159, 634]","[87, 661, 516, 199, 148, 239, 334, 298, 357, 388, 449, 615, 382, 561, 315, 736, 780, 642, 627, 623]","[5, 5, 5, 1, 3, 3, 4, 4, 5, 5, -2, -5, 3, -5, 0, -4, -5, -5, -5, -4]","[1, -1, -1, -5, -4, -5, -3, -3, -3, -2, -5, -2, -4, -1, -5, -3, 0, -2, -3, -4]"
52,16.9,6,False,124,379,0,0,[478],[720],[-2],[5],"[789, 1250, 712, 1079, 760]","[679, 697, 639, 647, 672]","[-26, -247, 84, -250, 97]","[-91, -61, -10, 16, 9]","[895, 1420, 1391, 1426, 1094, 1466, 1221, 1270, 588, 774, 932, 709, 699, 685, 1190, 478, 1059, 554]","[121, 641, 478, 99, 139, 274, 238, 348, 349, 575, 302, 541, 215, 676, 780, 602, 567, 558]","[5, 5, 5, -2, 2, 4, 4, 5, -2, -5, 3, -5, 0, -4, -5, -5, -5, -4]","[3, -1, -2, -5, -5, -3, -3, -2, -5, -2, -4, -1, -5, -3, 0, -2, -3, -3]"
53,17.24,6,False,287,334,9,0,[438],[820],[-2],[5],"[769, 1118, 732, 954, 780]","[639, 657, 619, 647, 672]","[-44, -338, 86, -308, 88]","[-89, -59, -7, 18, 11]","[962, 1520, 1491, 1361, 1134, 1301, 1370, 548, 674, 992, 609, 676, 605, 1090, 378, 959, 474, 770, 1176, 716, 999, 750]","[198, 616, 438, 20, 39, 178, 308, 249, 535, 222, 521, 115, 616, 780, 562, 520, 498, 694, 687, 656, 671, 696]","[2, 5, 5, -4, 2, 4, 5, -2, -5, 3, -5, -2, -4, -5, -5, -5, -4, -5, -5, -5, -5, -5]","[5, -2, -2, -3, -5, -3, -2, -5, -2, -4, -1, -5, -3, 0, -2, -2, -3, -1, -3, -2, -1, -1]"
54,17.57,6,False,467,334,9,0,[],[],[],[],"[749, 962, 759, 814, 800]","[599, 629, 616, 647, 672]","[-25, -385, 106, -321, 88]","[-59, -39, 33, 38, 31]","[972, 1381, 1470, 500, 574, 1052, 509, 624, 525, 990, 278, 859, 394, 670, 1076, 616, 899, 650]","[298, 118, 268, 149, 495, 142, 501, 25, 556, 780, 522, 480, 438, 674, 627, 616, 651, 676]","[0, 4, 5, -3, -5, 3, -5, -3, -4, -5, -5, -5, -4, -5, -5, -5, -5, -5]","[5, -3, -2, -5, -2, -4, -1, -4, -3, 0, -2, -2, -3, -1, -3, -2, -1, -1]"
55,17.9,6,False,606,383,3,-9,[629],[469],[4],[4],"[729, 802, 799, 674, 820]","[576, 609, 628, 656, 674]","[-5, -397, 111, -308, 88]","[-19, -8, 66, 58, 51]","[943, 1461, 440, 474, 1112, 409, 445, 890, 178, 759, 314, 570, 976, 516, 799, 550, 778, 839, 847, 713, 865]","[398, 46, 49, 455, 45, 481, 496, 780, 482, 440, 372, 654, 567, 576, 631, 656, 620, 643, 670, 691, 720]","[-2, 4, -3, -5, 3, -5, -4, -5, -5, -5, -4, -5, -5, -5, -5, -5, 0, -2, 1, -1, -4]","[5, -4, -5, -2, -5, -1, -3, 0, -2, -2, -4, -1, -3, -2, -1, -1, -5, -5, -5, -5, -3]"
56,18.24,6,False,699,222,7,-6,[709],[549],[4],[4],"[725, 642, 839, 550, 840]","[576, 606, 648, 676, 694]","[15, -379, 111, -266, 88]","[21, 32, 86, 78, 71]","[887, 374, 309, 365, 790, 78, 659, 234, 470, 876, 416, 699, 450, 778, 799, 862, 693, 785]","[484, 415, 442, 434, 765, 440, 400, 292, 634, 507, 536, 611, 636, 520, 543, 570, 591, 660]","[-3, -5, -5, -4, -5, -5, -5, -4, -5, -5, -5, -5, -5, 0, -2, 0, -1, -4]","[4, -2, -2, -4, -1, -3, -2, -4, -1, -3, -2, -1, -1, -5, -5, -5, -5, -3]"
57,18.57,6,False,871,161,9,0,[],[],[],[],"[490, 879, 445, 860]","[618, 675, 696, 714]","[-329, 106, -202, 88]","[72, 106, 98, 91]","[808, 274, 209, 287, 690, 559, 156, 370, 776, 316, 599, 350, 778, 759, 862, 673, 705]","[551, 375, 402, 354, 745, 359, 212, 600, 447, 496, 591, 602, 420, 443, 470, 491, 600]","[-4, -5, -5, -3, -5, -5, -3, -5, -5, -5, -5, -5, 0, -2, 0, -1, -4]","[3, -2, -2, -4, -1, -3, -4, -2, -3, -2, -1, -2, -5, -5, -5, -5, -3]"
58,18.9,6,False,1050,210,8,4,[],[],[],[],"[362, 905, 369, 880, 167]","[638, 715, 729, 734, 766]","[-274, 64, -144, 55, 55]","[73, 104, 89, 76, -23]","[709, 174, 109, 227, 590, 459, 96, 270, 676, 216, 499, 250, 778, 719, 862, 653, 625, 484, 952, 496, 919, 233]","[586, 328, 359, 271, 725, 299, 132, 560, 387, 455, 571, 562, 320, 343, 370, 391, 538, 613, 686, 729, 718, 785]","[-5, -5, -5, -3, -5, -5, -3, -5, -5, -5, -5, -5, 0, -2, 0, -1, -4, 2, 1, 4, 0, 3]","[1, -3, -3, -5, -1, -3, -4, -2, -3, -3, -1, -2, -5, -5, -5, -5, -4, -5, -5, -3, -5, -4]"
59,19.24,6,False,1185,270,7,6,[],[],[],[],"[255, 909, 315, 879, 197]","[658, 738, 748, 747, 739]","[-212, 4, -85, -5, 137]","[53, 67, 49, 36, -63]","[637, 85, 24, 188, 490, 369, 44, 170, 587, 116, 399, 150, 778, 679, 880, 652, 545, 524, 972, 576, 919, 293]","[546, 268, 299, 171, 705, 239, 37, 520, 327, 395, 536, 522, 220, 243, 270, 291, 458, 513, 586, 669, 618, 705]","[0, -4, -4, -1, -5, -4, -2, -5, -4, -5, -5, -5, 0, -2, 1, 0, -4, 2, 1, 4, 0, 3]","[-5, -3, -3, -5, -1, -3, -5, -2, -3, -3, -2, -2, -5, -5, -5, -5, -4, -5, -5, -3, -5, -4]"
60,19.57,6,False,1118,430,-5,8,[1181],[458],[-3],[4],"[178, 888, 284, 856, 259]","[661, 746, 748, 745, 699]","[-132, -56, -25, -56, 217]","[33, 27, 9, -4, -93]","[705, 5, 181, 390, 289, 70, 507, 34, 299, 50, 785, 644, 900, 652, 470, 573, 992, 656, 919, 370, 218, 927, 324, 908, 311]","[475, 208, 71, 685, 179, 476, 267, 335, 496, 482, 120, 143, 170, 191, 378, 413, 486, 609, 518, 625, 693, 778, 783, 790, 744]","[5, -4, 0, -5, -4, -5, -4, -4, -5, -5, 1, -1, 1, 0, -3, 3, 1, 4, 0, 4, 5, 4, 5, 5, 5]","[-2, -3, -5, -1, -3, -3, -3, -3, -2, -2, -5, -5, -5, -5, -4, -5, -5, -3, -5, -4, -3, -3, 0, -2, -2]"
61,19.9,6,False,1269,388,6,-7,[1121],[538],[-3],[4],"[134, 845, 276, 816, 350]","[661, 739, 732, 725, 646]","[-36, -106, 35, -96, 280]","[13, -13, -31, -44, -113]","[805, 290, 209, 427, 199, 807, 624, 923, 652, 410, 633, 1012, 736, 919, 450, 318, 1007, 424, 1008, 411]","[442, 665, 119, 207, 456, 20, 43, 70, 91, 298, 313, 386, 549, 418, 545, 633, 718, 783, 750, 704]","[5, -5, -4, -4, -5, 2, -1, 2, 0, -3, 3, 1, 4, 0, 4, 5, 4, 5, 5, 5]","[-1, -1, -3, -3, -2, -5, -5, -5, -5, -4, -5, -5, -3, -5, -4, -3, -3, 0, -2, -2]"
62,20.24,6,False,1360,230,2,-9,[1061],[618],[-3],[4],"[130, 785, 292, 758, 463]","[654, 717, 701, 688, 586]","[64, -146, 95, -133, 324]","[-7, -52, -62, -68, -122]","[905, 190, 129, 347, 99, 350, 693, 1032, 816, 919, 530, 418, 1087, 524, 1108, 511]","[422, 626, 46, 147, 414, 212, 231, 286, 489, 318, 465, 573, 658, 783, 710, 664]","[5, -5, -4, -4, -5, -3, 3, 1, 4, 0, 4, 5, 4, 5, 5, 5]","[-1, -2, -4, -3, -3, -5, -4, -5, -3, -5, -4, -3, -3, 0, -2, -2]"
63,20.57,6,False,1374,113,0,9,[1001],[698],[-3],[4],"[169, 709, 337, 698, 589]","[634, 678, 661, 648, 576]","[186, -149, 177, -131, 365]","[-5, -50, -60, -66, -100]","[1005, 90, 267, 11, 307, 753, 1069, 896, 919, 610, 518, 1167, 624, 1208, 611, 245, 816, 415, 820, 625]","[402, 586, 79, 354, 112, 151, 186, 429, 218, 385, 513, 598, 783, 670, 624, 680, 689, 708, 672, 601]","[5, -5, -4, -4, -2, 3, 2, 4, 0, 4, 5, 4, 5, 5, 5, 5, 2, 5, 4, 5]","[-1, -2, -4, -3, -5, -4, -5, -3, -5, -4, -3, -3, 0, -2, -2, -1, -5, -2, -4, -2]"
64,20.9,6,False,1266,230,-9,1,[938],[778],[-4],[4],"[259, 649, 418, 638, 729]","[630, 658, 632, 614, 576]","[306, -123, 266, -101, 397]","[15, -30, -40, -40, -60]","[1105, 281, 813, 1109, 976, 927, 690, 618, 1247, 724, 1308, 711, 345, 861, 515, 900, 725]","[374, 12, 71, 86, 369, 118, 305, 472, 525, 783, 612, 584, 660, 589, 668, 592, 561]","[5, -1, 3, 2, 4, 1, 4, 5, 4, 5, 5, 5, 5, 3, 5, 4, 5]","[-2, -5, -4, -5, -3, -5, -4, -2, -4, 0, -3, -2, -1, -5, -2, -4, -2]"
65,21.24,6,False,1086,230,-9,0,[858],[858],[-4],[4],"[393, 598, 530, 598, 887]","[630, 638, 612, 595, 576]","[405, -83, 336, -61, 401]","[35, -10, -12, 0, -20]","[1205, 1056, 947, 770, 718, 1327, 824, 1393, 811, 445, 921, 615, 980, 825, 433, 649, 573, 636, 922]","[334, 309, 18, 237, 432, 445, 783, 552, 544, 640, 489, 628, 512, 521, 663, 682, 647, 626, 612]","[5, 4, 1, 4, 5, 4, 5, 4, 5, 5, 3, 5, 4, 5, 5, 4, 3, 3, -4]","[-2, -3, -5, -3, -2, -4, 0, -3, -2, -1, -5, -2, -4, -2, -2, -3, -5, -4, -3]"
66,21.57,6,False,906,251,-9,1,[],[],[],[],"[562, 563, 666, 573, 1028]","[636, 629, 607, 595, 576]","[475, -38, 383, -21, 373]","[55, 10, 28, 40, 20]","[1305, 1136, 850, 818, 1407, 924, 1473, 911, 545, 981, 715, 1060, 925, 533, 729, 633, 696, 842]","[294, 249, 177, 392, 365, 783, 492, 504, 620, 389, 588, 432, 481, 623, 622, 547, 546, 549]","[5, 4, 4, 5, 4, 5, 4, 5, 5, 3, 5, 4, 5, 5, 4, 3, 3, -4]","[-2, -3, -3, -2, -4, 0, -3, -2, -1, -5, -2, -4, -2, -2, -3, -5, -4, -4]"
67,21.9,6,False,726,267,-9,1,[],[],[],[],"[751, 551, 806, 565, 1157]","[656, 629, 617, 611, 582]","[508, 22, 399, 34, 319]","[75, 30, 68, 80, 60]","[1398, 1216, 930, 918, 1477, 1024, 1011, 645, 1034, 815, 1140, 1025, 633, 809, 693, 756, 762]","[243, 189, 117, 352, 285, 773, 464, 600, 289, 548, 352, 441, 583, 562, 447, 466, 469]","[4, 4, 4, 5, 3, 5, 5, 5, 2, 5, 4, 5, 5, 4, 3, 3, -4]","[-3, -3, -3, -2, -4, -1, -2, -1, -5, -2, -4, -2, -2, -3, -5, -4, -4]"
68,22.24,4,False,699,380,-9,-1,[762],[412],[3],[4],"[944, 562, 946, 580, 1256]","[676, 629, 637, 631, 602]","[480, 60, 366, 61, 219]","[73, 28, 70, 88, 78]","[1463, 1296, 1010, 1018, 1124, 1111, 745, 1074, 915, 1220, 1125, 733, 889, 816, 856, 587, 867, 674, 1209]","[164, 129, 57, 310, 753, 424, 580, 189, 508, 272, 385, 543, 502, 386, 660, 609, 634, 648, 600]","[2, 4, 4, 5, 5, 5, 5, 2, 5, 4, 5, 5, 4, 3, -3, 0, -4, 5, -4]","[-5, -3, -3, -3, -1, -2, -1, -5, -2, -4, -3, -2, -3, -4, -4, -5, -3, -2, -3]"
69,22.57,4,False,519,341,-9,-2,[821],[506],[2],[5],"[1111, 582, 1068, 600, 1306]","[696, 629, 657, 651, 622]","[398, 67, 290, 61, 83]","[53, 8, 50, 68, 77]","[1432, 1376, 1118, 1224, 1211, 845, 1114, 1015, 1300, 1225, 833, 969, 876, 796, 587, 787, 774, 1129]","[79, 69, 250, 733, 384, 540, 89, 468, 192, 325, 503, 442, 306, 580, 509, 574, 608, 540]","[-5, 4, 5, 5, 5, 5, 2, 5, 4, 5, 5, 4, 3, -3, 0, -4, 5, -4]","[-2, -3, -3, -1, -2, -2, -5, -2, -4, -3, -2, -3, -4, -4, -5, -3, -2, -3]"
70,22.9,4,False,339,312,-9,0,[861],[606],[2],[5],"[1237, 602, 1154, 620, 1300]","[699, 617, 657, 669, 642]","[287, 67, 191, 61, -57]","[33, -9, 30, 48, 57]","[1332, 1456, 1218, 1324, 1311, 945, 1115, 1379, 1321, 933, 1049, 936, 736, 587, 707, 874, 1049, 1267, 651, 1185, 654, 1343]","[69, 2, 190, 713, 344, 500, 428, 112, 265, 463, 381, 215, 500, 409, 514, 568, 480, 733, 661, 689, 699, 686]","[-5, 4, 5, 5, 5, 5, 5, 3, 4, 5, 4, 3, -3, 0, -4, 5, -4, -5, 0, -4, -1, -4]","[0, -4, -3, -1, -2, -2, -2, -4, -3, -2, -4, -5, -4, -5, -3, -2, -3, -1, -5, -3, -5, -3]"
71,23.24,4,False,192,416,-6,7,[901],[706],[2],[5],"[1316, 622, 1197, 640, 1239]","[699, 597, 657, 669, 649]","[154, 67, 76, 61, -190]","[13, -9, 10, 28, 37]","[1232, 1318, 1424, 1411, 1045, 1215, 1439, 1401, 1033, 1129, 984, 676, 587, 624, 974, 969, 1167, 642, 1105, 634, 1263]","[69, 130, 693, 289, 460, 369, 32, 205, 423, 301, 115, 420, 309, 454, 512, 420, 713, 561, 629, 599, 626]","[-5, 5, 5, 5, 5, 5, 3, 4, 5, 4, 2, -3, 0, -5, 5, -4, -5, -1, -4, -1, -4]","[0, -3, -1, -3, -2, -3, -4, -3, -2, -4, -5, -4, -5, -3, -3, -3, -1, -5, -3, -5, -3]"
72,23.57,4,False,233,334,5,-8,[930],[806],[1],[5],"[1337, 642, 1193, 660, 1129]","[692, 577, 647, 669, 649]","[14, 67, -44, 61, -304]","[-7, -9, -10, 8, 17]","[1132, 1398, 1524, 1497, 1145, 1313, 1481, 1133, 1209, 1024, 616, 587, 524, 1054, 889, 1067, 622, 1025, 614, 1183]","[82, 70, 661, 229, 420, 309, 145, 383, 221, 15, 340, 209, 394, 452, 360, 693, 461, 569, 499, 566]","[-5, 4, 5, 4, 5, 4, 4, 5, 4, 2, -3, 0, -5, 4, -4, -5, -1, -4, -1, -4]","[1, -3, -2, -3, -2, -3, -3, -2, -4, -5, -4, -5, -3, -3, -3, -1, -5, -3, -5, -3]"
73,23.9,4,False,351,193,8,-4,[],[],[],[],"[1307, 662, 1143, 680, 978]","[672, 576, 627, 668, 649]","[-104, 89, -134, 72, -371]","[-5, 13, -8, 10, 19]","[1032, 1478, 1245, 1393, 1233, 1274, 547, 571, 424, 1134, 809, 967, 602, 945, 594, 1093, 1320, 657, 1162, 694, 1038]","[102, 10, 380, 249, 339, 141, 260, 109, 350, 384, 300, 673, 361, 509, 399, 506, 707, 581, 681, 648, 662]","[-5, 4, 5, 4, 5, 3, -4, -1, -5, 4, -4, -5, -1, -4, -1, -5, -5, -4, -5, -1, -5]","[1, -3, -2, -3, -3, -4, -4, -5, -3, -4, -3, -1, -5, -3, -5, -3, -2, -4, 0, -5, -2]"
74,24.24,4,False,508,127,9,0,[],[],[],[],"[1236, 697, 1068, 700, 818]","[668, 578, 620, 668, 649]","[-196, 115, -194, 92, -387]","[15, 53, 25, 30, 39]","[932, 1345, 1473, 1328, 1334, 467, 551, 324, 1202, 712, 867, 582, 865, 574, 993, 1220, 577, 1062, 674, 938]","[122, 340, 189, 279, 61, 180, 9, 290, 304, 240, 653, 261, 449, 299, 446, 667, 501, 681, 548, 622]","[-5, 5, 4, 4, 3, -4, -1, -5, 3, -5, -5, -1, -4, -1, -5, -5, -4, -5, -1, -5]","[1, -2, -3, -3, -4, -4, -5, -3, -4, -3, -1, -5, -3, -5, -3, -2, -4, 0, -5, -2]"
75,24.57,4,False,688,151,9,4,[],[],[],[],"[1130, 737, 971, 733, 658]","[668, 598, 628, 669, 659]","[-270, 135, -234, 112, -373]","[35, 93, 58, 50, 59]","[832, 1445, 1408, 396, 240, 1259, 612, 767, 562, 785, 554, 893, 1120, 509, 962, 654, 838, 1161, 784, 1010, 778, 699]","[142, 284, 219, 100, 230, 213, 180, 621, 161, 389, 199, 386, 627, 421, 681, 448, 582, 700, 640, 664, 711, 693]","[-5, 5, 4, -3, -4, 2, -5, -5, -1, -4, -1, -5, -5, -3, -5, -1, -5, -4, 0, -2, -2, 2]","[1, -3, -3, -4, -3, -5, -3, -2, -5, -3, -5, -3, -2, -4, 0, -5, -2, -3, -5, -5, -5, -5]"
76,24.9,3,False,868,172,9,-2,[],[],[],[],"[1000, 783, 866, 773, 507]","[674, 635, 648, 689, 679]","[-321, 151, -255, 130, -325]","[55, 126, 78, 70, 79]","[1531, 1488, 336, 160, 1299, 522, 667, 542, 705, 534, 794, 1020, 449, 862, 634, 738, 1081, 784, 970, 738, 739]","[224, 159, 20, 168, 113, 120, 581, 61, 329, 99, 326, 587, 341, 666, 348, 539, 640, 540, 564, 611, 593]","[4, 4, -3, -4, 2, -4, -5, -1, -4, -1, -4, -5, -3, -5, -1, -5, -4, 0, -2, -2, 2]","[-3, -3, -4, -4, -5, -3, -2, -5, -3, -5, -3, -2, -4, -1, -5, -3, -3, -5, -5, -5, -5]"
77,25.24,3,False,920,275,-2,9,[964],[305],[-1],[5],"[860, 843, 746, 813, 380]","[694, 675, 668, 709, 699]","[-345, 151, -252, 130, -251]","[75, 146, 98, 90, 99]","[91, 1330, 442, 567, 625, 714, 920, 389, 762, 614, 638, 1001, 784, 930, 698, 779]","[88, 13, 60, 541, 269, 266, 547, 261, 646, 248, 479, 564, 440, 464, 511, 493]","[-3, 1, -4, -5, -4, -4, -5, -3, -5, -1, -5, -4, 0, -2, -2, 2]","[-4, -5, -3, -2, -3, -3, -2, -4, -1, -5, -3, -4, -5, -5, -5, -5]"
78,25.57,3,False,1053,295,9,-2,[944],[405],[-1],[5],"[711, 892, 645, 853, 289]","[714, 726, 703, 729, 733]","[-360, 118, -250, 108, -176]","[73, 142, 96, 80, 88]","[467, 545, 634, 820, 329, 662, 594, 538, 921, 784, 897, 658, 819, 852, 942, 773, 913, 397]","[501, 209, 206, 507, 181, 626, 148, 419, 484, 340, 364, 411, 393, 689, 695, 688, 711, 709]","[-5, -4, -4, -5, -3, -5, -1, -5, -4, 0, -1, -2, 2, 2, 2, 3, 3, 2]","[-2, -3, -3, -2, -4, -1, -5, -3, -4, -5, -5, -5, -5, -5, -5, -4, -5, -5]"
79,25.9,3,False,1233,274,9,0,[924],[505],[-1],[5],"[551, 918, 545, 877, 222]","[729, 766, 723, 744, 752]","[-364, 58, -246, 60, -102]","[40, 102, 74, 40, 48]","[367, 465, 554, 720, 274, 562, 592, 450, 841, 784, 877, 626, 859, 892, 982, 833, 973, 442]","[461, 149, 146, 467, 81, 606, 48, 359, 404, 240, 264, 311, 293, 589, 595, 608, 611, 609]","[-5, -4, -4, -5, -2, -5, 0, -4, -4, 0, -1, -1, 2, 2, 2, 3, 3, 3]","[-2, -3, -3, -2, -5, -1, -5, -3, -4, -5, -5, -5, -5, -5, -5, -4, -5, -5]"
80,26.24,3,False,1358,306,-8,5,[904],[605],[-1],[5],"[399, 919, 445, 880, 190]","[729, 783, 735, 744, 752]","[-335, -2, -222, 0, -22]","[0, 62, 34, 0, 8]","[267, 385, 474, 620, 462, 370, 761, 797, 857, 606, 911, 936, 1022, 893, 1033, 502, 439, 972, 485, 919, 230]","[414, 79, 86, 427, 586, 299, 324, 140, 164, 211, 193, 489, 495, 528, 511, 509, 763, 828, 769, 776, 787]","[-5, -4, -4, -5, -5, -4, -4, 1, -1, -1, 3, 3, 2, 3, 3, 3, 5, 4, 5, 4, 5]","[-3, -4, -3, -2, -1, -3, -4, -5, -5, -5, -5, -5, -5, -4, -5, -5, -1, -4, -1, -3, 0]"
81,26.57,3,False,1223,423,-6,7,[],[],[],[],"[266, 895, 355, 188]","[709, 766, 732, 736]","[-280, -62, -179, 58]","[-29, 22, -6, -32]","[177, 394, 520, 362, 290, 691, 817, 842, 586, 971, 996, 1062, 953, 1093, 562, 539, 1052, 585, 999, 330]","[354, 26, 387, 566, 239, 244, 40, 64, 111, 98, 389, 395, 448, 411, 425, 743, 748, 749, 716, 787]","[-4, -4, -5, -5, -4, -3, 1, 0, -1, 3, 3, 2, 3, 3, 3, 5, 4, 5, 4, 5]","[-3, -3, -2, -1, -3, -4, -5, -5, -5, -4, -5, -5, -4, -5, -4, -1, -4, -1, -3, 0]"
82,26.9,3,False,1257,348,3,-9,[],[],[],[],"[160, 847, 286, 218]","[689, 757, 712, 705]","[-199, -115, -119, 138]","[-49, -18, -38, -65]","[97, 420, 262, 210, 631, 570, 1031, 1056, 1102, 1014, 1153, 622, 639, 1132, 685, 1079, 430]","[294, 347, 527, 175, 164, 11, 18, 289, 295, 368, 316, 345, 723, 668, 729, 656, 787]","[-4, -5, -5, -4, -3, 0, 3, 3, 2, 4, 3, 3, 5, 4, 5, 4, 5]","[-3, -2, -2, -4, -4, -5, -4, -5, -5, -4, -4, -4, -1, -4, -1, -3, 0]"
83,27.24,3,False,1335,188,9,0,[],[],[],[],"[95, 787, 245, 283, 1109]","[654, 737, 692, 665, 757]","[-77, -133, -23, 237, -33]","[-47, -36, -36, -63, -1]","[17, 320, 162, 130, 571, 1116, 1143, 1094, 1213, 682, 739, 1212, 785, 1159, 530, 224, 883, 362, 349, 1168]","[222, 299, 487, 95, 84, 189, 195, 288, 236, 265, 703, 588, 709, 596, 775, 696, 736, 727, 711, 788]","[-4, -5, -5, -4, -3, 3, 3, 4, 3, 3, 5, 4, 5, 4, 5, 5, 2, 5, 5, 0]","[-4, -3, -2, -4, -4, -5, -5, -4, -4, -4, -1, -4, -1, -3, -1, -2, -5, -2, -2, -5]"
84,27.57,3,False,1230,291,-9,2,[],[],[],[],"[84, 727, 250, 389, 1074]","[634, 717, 672, 633, 737]","[63, -120, 97, 334, -93]","[-27, -33, -16, -43, -1]","[222, 62, 68, 1176, 1203, 1174, 1273, 742, 839, 1292, 885, 1239, 630, 324, 923, 462, 449, 1168]","[239, 445, 15, 105, 95, 208, 156, 185, 683, 508, 689, 536, 755, 656, 636, 687, 671, 688]","[-4, -5, -3, 3, 3, 4, 3, 3, 5, 4, 5, 4, 5, 5, 2, 5, 5, 0]","[-3, -3, -4, -4, -5, -4, -4, -4, -1, -4, -1, -3, -1, -2, -5, -2, -2, -5]"
85,27.9,3,False,1050,325,-9,1,[],[],[],[],"[128, 668, 304, 529, 1016]","[614, 697, 657, 613, 720]","[203, -100, 206, 406, -136]","[-1, -13, 4, -16, 2]","[142, 1236, 1254, 1333, 821, 939, 1360, 985, 1319, 730, 424, 963, 562, 549, 1168, 175, 719, 344, 573, 1049]","[179, 25, 128, 76, 105, 663, 428, 669, 476, 735, 616, 536, 647, 631, 588, 656, 741, 691, 650, 750]","[-4, 3, 4, 3, 4, 5, 3, 5, 4, 5, 5, 2, 5, 5, 0, 5, 4, 5, 5, -2]","[-3, -4, -4, -4, -4, -1, -4, -1, -3, -1, -2, -5, -2, -2, -5, 0, -3, -1, -2, -5]"
86,28.23,3,False,875,374,-8,5,[923],[423],[-4],[3],"[228, 628, 397, 689, 943]","[614, 685, 657, 606, 720]","[333, -60, 301, 449, -170]","[39, 7, 24, 24, 22]","[62, 1334, 901, 1039, 1420, 1085, 1399, 830, 524, 1003, 662, 649, 1168, 275, 799, 444, 673, 1009]","[119, 48, 25, 643, 348, 649, 416, 715, 576, 436, 607, 591, 488, 656, 681, 671, 610, 650]","[-4, 4, 4, 5, 3, 5, 4, 5, 5, 2, 5, 5, 0, 5, 4, 5, 5, -2]","[-3, -4, -4, -1, -4, -1, -3, -1, -2, -5, -2, -2, -5, 0, -3, -1, -2, -5]"
87,28.57,3,False,703,365,-9,-3,[843],[483],[-4],[3],"[375, 604, 525, 869, 863]","[629, 685, 657, 614, 720]","[440, -20, 373, 458, -189]","[71, 27, 44, 64, 42]","[1139, 1480, 1185, 1479, 930, 624, 1043, 762, 749, 1168, 375, 879, 544, 773, 969]","[623, 268, 629, 341, 695, 536, 336, 567, 551, 388, 656, 621, 651, 570, 550]","[5, 3, 5, 4, 5, 5, 2, 5, 5, 0, 5, 4, 5, 5, -2]","[-1, -4, -1, -4, -1, -2, -5, -2, -2, -5, 0, -3, -1, -2, -5]"
88,28.9,3,False,523,372,-9,3,[763],[543],[-4],[3],"[553, 584, 665, 1037, 777]","[649, 685, 664, 634, 722]","[489, -2, 398, 408, -211]","[69, 25, 42, 69, 28]","[1239, 1533, 1285, 1030, 724, 1083, 862, 849, 1162, 475, 959, 644, 873, 929, 502, 651, 624, 963, 858]","[603, 171, 609, 675, 496, 236, 527, 511, 288, 656, 541, 631, 530, 450, 623, 665, 647, 619, 702]","[5, 2, 5, 5, 5, 2, 5, 5, -1, 5, 4, 5, 5, -2, 0, 2, -1, -3, 0]","[-1, -5, -1, -1, -2, -5, -2, -2, -5, 0, -4, -1, -2, -5, -5, -5, -5, -4, -5]"
89,29.24,3,False,397,452,-5,8,[683],[603],[-4],[3],"[733, 567, 805, 1171, 677]","[668, 685, 664, 653, 716]","[484, 2, 374, 313, -233]","[49, 5, 22, 49, -8]","[1339, 1385, 1130, 824, 1109, 962, 949, 1142, 575, 1039, 744, 973, 889, 502, 691, 604, 897, 858]","[583, 586, 655, 456, 136, 487, 471, 188, 656, 461, 611, 490, 350, 523, 565, 547, 539, 602]","[5, 5, 5, 5, 1, 5, 5, -1, 5, 4, 5, 5, -2, 0, 2, -1, -4, 0]","[-1, -2, -1, -2, -5, -2, -2, -5, 0, -4, -1, -2, -5, -5, -5, -5, -4, -5]"
90,29.57,3,False,375,493,0,-9,[],[],[],[],"[911, 936, 1261, 577, 372]","[668, 664, 653, 696, 708]","[444, 324, 193, -235, 2]","[29, 2, 29, -28, -1]","[1439, 1485, 1230, 924, 1129, 1062, 1049, 1122, 675, 1119, 844, 1073, 837, 502, 731, 576, 817, 842, 942, 966, 1291, 613, 407]","[543, 546, 635, 416, 36, 447, 427, 88, 648, 381, 591, 450, 250, 423, 465, 447, 469, 502, 700, 699, 687, 735, 738]","[5, 5, 5, 5, 1, 5, 5, -1, 5, 4, 5, 5, -3, 0, 2, -2, -4, -1, -4, -5, -5, -5, 0]","[-2, -2, -1, -2, -5, -2, -3, -5, -1, -4, -1, -2, -5, -5, -5, -5, -3, -5, -3, 0, -1, -2, -5]"
91,29.9,3,False,347,313,-1,-9,[],[],[],[],"[1064, 1043, 1300, 477, 372]","[668, 646, 653, 676, 688]","[372, 250, 56, -217, 42]","[9, -18, 9, -48, -21]","[1330, 1024, 1162, 1149, 775, 1184, 944, 1173, 777, 502, 771, 536, 737, 822, 862, 866, 1191, 513, 407]","[615, 376, 407, 367, 628, 301, 571, 410, 163, 323, 365, 347, 409, 402, 640, 699, 667, 692, 638]","[5, 5, 5, 5, 5, 3, 5, 5, -3, 0, 2, -2, -4, -1, -4, -5, -5, -5, 0]","[-1, -2, -2, -3, -1, -4, -1, -2, -4, -5, -5, -5, -3, -5, -3, 0, -1, -3, -5]"
92,30.24,1,False,450,197,9,-1,[],[],[],[],"[1182, 1114, 1283, 388, 389]","[657, 626, 642, 638, 668]","[271, 157, -84, -179, 82]","[-11, -38, -11, -68, -41]","[1430, 1124, 1262, 1248, 875, 1244, 1044, 1273, 717, 796, 657, 802, 782, 766, 1091, 415, 407]","[593, 336, 347, 307, 608, 221, 540, 363, 83, 265, 349, 302, 580, 681, 647, 632, 538]","[5, 5, 5, 4, 5, 3, 5, 5, -3, 1, -4, -1, -4, -5, -5, -4, 0]","[-2, -2, -3, -3, -1, -4, -2, -3, -4, -5, -3, -5, -3, -1, -1, -3, -5]"
93,30.57,1,False,630,146,9,-2,[],[],[],[],"[1258, 1148, 1215, 318, 421]","[637, 606, 622, 598, 648]","[173, 79, -188, -102, 144]","[-9, -22, -9, -55, -39]","[1530, 1224, 1360, 1328, 975, 1304, 1144, 1358, 657, 816, 577, 782, 702, 666, 991, 335, 407, 1212, 1138, 1244, 428, 448]","[553, 296, 287, 247, 588, 132, 500, 303, 3, 165, 289, 202, 520, 661, 627, 572, 438, 667, 619, 665, 621, 650]","[5, 5, 4, 4, 5, 3, 5, 4, -3, 1, -4, -1, -4, -5, -5, -4, 0, -5, -4, -5, 3, 0]","[-2, -2, -3, -3, -1, -5, -2, -3, -4, -5, -3, -5, -3, -1, -1, -3, -5, -2, -4, -1, -4, -5]"
94,30.9,1,False,590,197,-4,9,[],[],[],[],"[1298, 1157, 1115, 288, 487]","[629, 596, 617, 576, 628]","[77, 19, -258, -2, 220]","[11, 18, 29, -15, -19]","[1324, 1440, 1408, 1075, 1352, 1244, 1438, 836, 497, 762, 622, 566, 891, 255, 407, 1112, 1058, 1144, 488, 448]","[256, 227, 187, 568, 32, 460, 238, 65, 229, 102, 460, 640, 607, 504, 338, 627, 539, 629, 541, 550]","[5, 4, 4, 5, 2, 5, 4, 1, -4, -1, -4, -5, -5, -4, 0, -5, -4, -5, 3, 0]","[-2, -3, -3, -1, -5, -2, -4, -5, -3, -5, -3, -2, -1, -4, -5, -2, -4, -2, -4, -5]"
95,31.24,1,False,714,244,8,-4,[],[],[],[],"[1298, 1143, 992, 298, 578]","[629, 601, 627, 576, 615]","[-23, -41, -306, 98, 279]","[31, 58, 63, 25, 13]","[1424, 1520, 1488, 1175, 1344, 1510, 417, 742, 542, 466, 791, 180, 407, 1012, 978, 1044, 548, 448, 1330, 1187, 1028, 337, 617]","[216, 167, 127, 548, 420, 158, 169, 2, 400, 600, 587, 424, 238, 587, 459, 589, 461, 450, 660, 649, 664, 607, 647]","[5, 4, 4, 5, 5, 3, -4, -1, -4, -5, -5, -3, 0, -5, -4, -5, 3, 0, -3, -5, -4, 4, 4]","[-2, -3, -3, -1, -2, -4, -3, -5, -3, -2, -1, -4, -5, -2, -4, -2, -4, -5, -4, -1, -3, -4, -3]"
96,31.57,1,False,686,346,-7,6,[750],[380],[-2],[5],"[1258, 1105, 852, 348, 688]","[631, 621, 647, 584, 617]","[-120, -101, -328, 198, 316]","[51, 98, 83, 65, 53]","[1524, 1275, 1444, 337, 462, 366, 691, 120, 417, 912, 898, 944, 608, 448, 1270, 1087, 948, 417, 697]","[170, 528, 361, 109, 340, 560, 567, 344, 138, 547, 379, 549, 381, 350, 580, 629, 604, 527, 587]","[5, 5, 5, -4, -4, -5, -5, -3, 1, -5, -4, -5, 3, 0, -3, -5, -4, 4, 4]","[-3, -1, -3, -3, -3, -2, -1, -4, -5, -2, -4, -2, -4, -5, -4, -1, -3, -4, -3]"
97,31.92,1,False,787,195,6,-7,[710],[480],[-2],[5],"[1185, 1043, 712, 437, 808]","[651, 660, 671, 607, 637]","[-200, -154, -320, 284, 330]","[71, 118, 103, 105, 77]","[1375, 1525, 258, 382, 266, 591, 71, 440, 812, 818, 844, 668, 448, 1210, 987, 868, 497, 777]","[500, 301, 32, 262, 516, 547, 245, 38, 507, 299, 509, 301, 250, 500, 609, 544, 447, 519]","[5, 4, -3, -4, -5, -5, -2, 2, -5, -4, -5, 3, 0, -3, -5, -4, 4, 4]","[-2, -3, -4, -4, -3, -1, -5, -5, -2, -4, -2, -4, -5, -4, -1, -3, -4, -4]"
98,32.25,1,False,950,110,9,-2,[670],[580],[-2],[5],"[1077, 959, 572, 554, 927]","[671, 700, 711, 647, 657]","[-286, -215, -309, 328, 299]","[69, 116, 101, 110, 75]","[1475, 302, 180, 491, 43, 712, 738, 744, 728, 448, 1150, 887, 788, 577, 857, 1143, 1017, 696, 571, 897]","[460, 182, 456, 519, 145, 467, 219, 469, 221, 150, 420, 589, 478, 367, 439, 647, 683, 679, 627, 632]","[5, -4, -4, -5, -1, -5, -4, -5, 3, 0, -3, -5, -4, 4, 4, -3, -3, 1, 3, -1]","[-2, -4, -3, -2, -5, -2, -4, -2, -4, -5, -4, -1, -4, -4, -4, -5, -4, -5, -4, -5]"
99,32.58,1,False,1130,131,9,4,[630],[680],[-2],[5],"[935, 850, 443, 674, 1021]","[690, 733, 732, 677, 677]","[-364, -272, -286, 331, 228]","[49, 87, 70, 90, 55]","[241, 104, 391, 42, 612, 658, 644, 788, 448, 1090, 787, 708, 657, 937, 1083, 957, 716, 631, 877]","[102, 382, 479, 45, 409, 139, 429, 141, 50, 340, 568, 398, 287, 359, 547, 603, 579, 547, 532]","[-3, -3, -5, 0, -5, -4, -5, 3, 0, -3, -5, -4, 4, 4, -3, -3, 1, 3, -1]","[-4, -4, -2, -5, -3, -4, -2, -4, -5, -4, -2, -4, -4, -4, -5, -4, -5, -4, -5]"
100,32.92,1,False,1306,213,8,5,[590],[780],[-2],[5],"[768, 724, 327, 794, 1086]","[690, 751, 742, 697, 682]","[-413, -306, -239, 307, 142]","[29, 47, 30, 70, 35]","[188, 53, 291, 523, 589, 544, 859, 1030, 687, 633, 737, 1017, 1032, 897, 736, 691, 857, 804, 761, 367, 838, 1121]","[9, 290, 439, 349, 59, 389, 61, 260, 528, 318, 218, 279, 447, 516, 479, 467, 432, 720, 781, 775, 734, 712]","[-2, -2, -5, -4, -3, -5, 4, -3, -5, -3, 4, 4, -2, -3, 1, 3, -1, 1, 2, 5, 4, 0]","[-5, -5, -2, -3, -4, -2, -4, -4, -2, -4, -3, -4, -5, -5, -5, -4, -5, -5, -5, -2, -3, -5]"
101,33.25,1,False,1241,361,-8,5,[1308],[399],[-3],[4],"[588, 584, 235, 897, 1112]","[690, 751, 737, 717, 682]","[-425, -314, -171, 262, 42]","[9, 7, -10, 50, 15]","[41, 191, 443, 444, 970, 587, 573, 817, 1097, 992, 842, 768, 751, 843, 825, 801, 467, 918, 1121]","[190, 399, 289, 339, 180, 488, 238, 158, 203, 347, 416, 379, 387, 332, 620, 681, 735, 674, 612]","[0, -5, -4, -5, -3, -5, -3, 4, 4, -2, -2, 2, 3, 0, 2, 2, 5, 4, 0]","[-5, -2, -3, -3, -4, -2, -4, -3, -3, -5, -5, -5, -4, -5, -5, -5, -2, -3, -5]"
102,33.58,1,False,1264,248,4,-8,[1248],[479],[-3],[4],"[408, 448, 173, 980, 1098]","[679, 734, 717, 717, 677]","[-402, -294, -91, 199, -58]","[-11, -33, -47, 30, -5]","[63, 96, 363, 349, 910, 487, 513, 897, 1177, 952, 802, 808, 811, 843, 865, 841, 567, 998, 1121]","[90, 339, 229, 279, 100, 448, 155, 98, 143, 247, 316, 279, 307, 232, 520, 581, 695, 614, 512]","[2, -4, -4, -4, -3, -5, -3, 4, 4, -2, -2, 2, 3, 0, 2, 2, 5, 4, 0]","[-5, -3, -3, -3, -4, -2, -5, -3, -3, -5, -5, -5, -4, -5, -5, -5, -2, -3, -5]"
103,33.92,1,False,1344,205,0,0,[1188],[559],[-3],[4],"[254, 333, 150, 1035, 1046]","[659, 711, 686, 717, 657]","[-323, -226, 28, 141, -129]","[-9, -42, -45, 32, -3]","[130, 16, 283, 269, 850, 392, 465, 993, 1257, 912, 762, 849, 891, 843, 905, 881, 667, 1078, 1121, 411, 487, 245, 1067, 1164]","[8, 279, 150, 219, 20, 391, 55, 38, 83, 147, 216, 179, 227, 132, 420, 481, 655, 554, 412, 669, 744, 713, 697, 667]","[4, -4, -4, -4, -3, -4, -2, 5, 4, -2, -2, 3, 4, 0, 2, 2, 5, 4, 0, 4, 5, 4, 2, 4]","[-3, -3, -4, -3, -4, -3, -5, -3, -3, -5, -5, -5, -4, -5, -5, -5, -2, -3, -5, -3, -2, -3, -5, -4]"
104,34.25,1,False,1227,209,-9,0,[1128],[639],[-3],[4],"[140, 253, 180, 1074, 976]","[651, 691, 666, 720, 655]","[-198, -121, 164, 98, -169]","[11, -22, -25, 52, 17]","[221, 189, 312, 1337, 872, 724, 909, 971, 843, 945, 921, 767, 1158, 1121, 491, 587, 325, 1107, 1228]","[70, 148, 330, 23, 47, 116, 84, 147, 32, 320, 381, 615, 494, 312, 609, 704, 653, 597, 587]","[-3, -4, -4, 4, -2, -1, 3, 4, 0, 2, 2, 5, 4, 0, 4, 5, 4, 2, 3]","[-4, -4, -4, -3, -5, -5, -4, -4, -5, -5, -5, -2, -3, -5, -3, -2, -3, -5, -4]"
105,44.37,0,False,1119,213,-9,0,[1092],[687],[-3],[4],"[98, 227, 223, 1086, 928]","[651, 679, 654, 732, 655]","[-114, -49, 236, 62, -183]","[23, -10, -13, 53, 29]","[185, 147, 264, 712, 945, 1019, 969, 945, 827, 1206, 539, 647, 373, 1131, 1264]","[16, 100, 282, 56, 36, 99, 260, 321, 591, 453, 573, 680, 617, 537, 539]","[-3, -3, -4, -1, 3, 4, 2, 2, 5, 4, 4, 5, 4, 2, 3]","[-5, -4, -4, -5, -4, -4, -5, -5, -2, -4, -3, -2, -3, -5, -4]"
106,44.51,10,False,855,246,7,-7,[],[],[],[],[1440],[643],[-64],[-1],[],[],[],[]
107,44.79,10,False,869,232,0,0,[],[],[],[],[1371],[623],[-218],[-1],[],[],[],[]
108,45.07,10,False,835,275,8,5,[],[],[],[],"[1245, 140]","[603, 791]","[-351, 40]","[-1, -16]",[],[],[],[]
109,45.36,10,False,927,433,3,9,[],[],[],[],"[1078, 174]","[601, 771]","[-419, 176]","[35, -20]",[],[],[],[]
110,45.65,10,False,991,357,4,-9,[],[],[],[],"[898, 262, 176]","[614, 751, 823]","[-448, 304, 56]","[75, -20, -1]",[],[],[],[]
111,45.95,10,False,1096,236,0,0,[],[],[],[],"[718, 398, 217]","[642, 731, 783]","[-439, 411, 191]","[115, -1, -1]",[],[],[],[]
112,46.25,10,False,975,367,-7,6,[1031],[408],[-5],[4],"[540, 569, 309, 997]","[682, 731, 763, 622]","[-395, 485, 310, -13]","[140, 19, -1, 16]",[],[],[],[]
113,46.55,10,False,941,480,7,-6,[931],[488],[-5],[4],"[388, 764, 444, 977]","[733, 731, 750, 626]","[-319, 523, 405, -33]","[160, 39, 6, 56]",[],[],[],[]
114,46.85,10,False,1046,326,6,-7,[834],[568],[-4],[4],"[265, 959, 604, 944, 278]","[783, 731, 740, 646, 667]","[-249, 485, 437, -89, 32]","[130, 23, -10, 60, -8]",[],[],[],[]
115,47.17,10,False,1120,281,0,0,[754],[656],[-4],[5],"[173, 1129, 764, 887, 298]","[810, 731, 720, 661, 647]","[-163, 407, 430, -145, 112]","[90, 3, -30, 45, -25]",[],[],[],[]
116,47.48,10,False,1097,229,-8,-5,[674],[756],[-4],[5],"[119, 1260, 921, 809, 347]","[806, 714, 700, 661, 627]","[-63, 298, 393, -185, 174]","[50, -17, -50, 25, -25]",[],[],[],[]
117,47.78,10,False,955,261,-9,3,[594],[856],[-4],[5],"[105, 1343, 1054, 721, 419]","[806, 694, 660, 661, 607]","[37, 167, 325, -208, 230]","[10, -37, -70, 5, -25]",[],[],[],[]
118,48.1,10,False,775,303,-9,2,[],[],[],[],"[131, 1370, 1156, 621, 510]","[789, 667, 620, 646, 600]","[137, 27, 234, -213, 269]","[-30, -57, -75, -11, -25]",[],[],[],[]
119,48.41,10,False,672,415,0,9,[707],[456],[0],[6],"[204, 1348, 1226, 534, 619]","[769, 638, 600, 639, 600]","[273, -77, 162, -162, 322]","[-34, -30, -39, 25, 11]",[],[],[],[]
120,48.71,10,False,580,555,-8,5,[707],[576],[0],[6],"[328, 1286, 1264, 473, 746]","[749, 624, 600, 647, 601]","[390, -174, 82, -93, 356]","[-33, 10, 1, 65, 51]",[],[],[],[]
121,49.02,10,False,400,534,-9,-2,[707],[696],[0],[6],"[495, 1191, 1272, 443, 886]","[729, 625, 600, 667, 621]","[480, -253, 2, -13, 364]","[-13, 50, 41, 89, 91]",[],[],[],[]
122,49.32,10,False,400,534,0,0,[707],[816],[0],[6],"[689, 1066, 1245, 445, 1023]","[717, 645, 616, 697, 657]","[533, -309, -78, 67, 344]","[7, 90, 81, 109, 128]",[],[],[],[]
123,49.63,10,False,459,531,9,4,[],[],[],[],"[889, 926, 1188, 477, 1142]","[717, 681, 647, 737, 697]","[547, -339, -155, 147, 297]","[27, 115, 121, 129, 148]",[],[],[],[]
124,49.94,10,False,639,590,9,-1,[],[],[],[],"[1085, 771, 1096, 537, 1231]","[717, 720, 687, 777, 738]","[485, -376, -251, 179, 194]","[11, 99, 107, 100, 132]",[],[],[],[]
125,50.24,10,False,768,459,7,-6,[],[],[],[],"[1248, 611, 968, 597, 1273]","[708, 740, 714, 797, 777]","[381, -385, -327, 199, 74]","[-9, 79, 87, 60, 99]",[],[],[],[]
126,50.54,10,False,918,482,1,9,[],[],[],[],"[1364, 451, 815, 677, 1269]","[688, 760, 734, 802, 797]","[249, -361, -377, 200, -46]","[-29, 50, 67, 20, 59]",[],[],[],[]
127,50.84,10,False,1022,489,8,-5,[],[],[],[],"[1423, 306, 655, 743, 1215]","[668, 760, 751, 792, 801]","[99, -308, -394, 186, -166]","[-49, 10, 44, -20, 19]",[],[],[],[]
128,51.14,10,False,1057,517,-7,6,[],[],[],[],"[1419, 190, 495, 803, 1117]","[629, 745, 751, 767, 790]","[-61, -227, -381, 166, -270]","[-59, -25, 4, -60, -21]",[],[],[],[]
129,51.45,10,False,895,600,-9,3,[979],[656],[-5],[4],"[1359, 117, 348, 863, 988]","[603, 725, 751, 727, 770]","[-173, -91, -298, 162, -316]","[-23, -9, 0, -53, -25]",[],[],[],[]
130,51.75,10,False,715,559,-9,-3,[],[],[],[],"[1260, 101, 242, 848, 437]","[600, 717, 751, 750, 824]","[-266, 57, -186, -329, 32]","[17, 11, 0, -25, 0]",[],[],[],[]
131,52.06,10,False,546,480,-8,-4,[],[],[],[],"[1128, 142, 183, 708, 457]","[604, 717, 751, 730, 824]","[-336, 197, -59, -316, 112]","[57, 31, 0, -5, 0]",[],[],[],[]
132,52.35,10,False,536,411,9,-1,[],[],[],[],"[973, 241, 179, 580, 508]","[624, 719, 751, 726, 824]","[-377, 331, 81, -275, 190]","[97, 51, 0, 15, 0]",[],[],[],[]
133,52.65,10,False,716,410,9,0,[],[],[],[],"[813, 387, 231, 472, 586]","[663, 739, 751, 726, 824]","[-387, 440, 212, -210, 250]","[131, 71, 0, 35, 0]",[],[],[],[]
134,52.98,10,False,893,428,7,6,[],[],[],[],"[653, 566, 323, 390, 686]","[703, 757, 733, 726, 801]","[-400, 479, 292, -164, 257]","[115, 47, -19, 19, -36]","[795, 524, 321, 565, 624]","[621, 727, 702, 689, 774]","[-2, 4, 2, 4, -1]","[-5, -3, -5, -4, -5]"
135,53.32,10,False,795,556,9,2,[846],[586],[-4],[3],"[493, 746, 441, 326, 776]","[738, 757, 713, 725, 768]","[-387, 478, 346, -104, 240]","[95, 7, -39, -1, -76]","[755, 604, 361, 645, 604]","[521, 667, 602, 609, 674]","[-2, 4, 2, 4, -1]","[-5, -3, -5, -4, -5]"
136,53.65,10,False,975,521,9,-3,[766],[646],[-4],[3],"[337, 923, 580, 289, 856]","[758, 740, 684, 705, 723]","[-339, 443, 375, -37, 207]","[68, -23, -59, -21, -105]","[715, 684, 420, 725, 597, 452, 894, 606, 386, 875]","[421, 607, 502, 529, 574, 750, 746, 709, 759, 749]","[-2, 4, 3, 4, 0, 3, -1, 4, 5, 0]","[-5, -3, -5, -4, -5, -5, -5, -4, 0, -5]"
137,53.98,10,False,1153,457,8,-4,[],[],[],[],"[206, 1076, 280, 919]","[767, 720, 685, 663]","[-265, 373, 43, 161]","[28, -43, -41, -125]","[686, 764, 480, 805, 597, 512, 874, 686, 486, 892]","[321, 547, 409, 449, 474, 662, 646, 629, 759, 649]","[-1, 4, 3, 4, 0, 3, -1, 4, 5, 1]","[-5, -3, -4, -4, -5, -4, -5, -4, 0, -5]"
138,54.31,10,False,1308,353,7,-6,[],[],[],[],"[110, 1196, 305, 962]","[761, 687, 654, 603]","[-166, 277, 121, 101]","[-12, -63, -61, -130]","[668, 844, 540, 885, 597, 572, 854, 766, 586, 912]","[221, 487, 329, 383, 374, 582, 546, 549, 759, 549]","[0, 4, 3, 4, 0, 3, -1, 4, 5, 1]","[-5, -3, -4, -3, -5, -4, -5, -4, 0, -5]"
139,54.65,10,False,1354,291,0,9,[],[],[],[],"[64, 1280, 363, 982, 910]","[741, 651, 626, 600, 775]","[-13, 194, 217, 77, -18]","[-7, -47, -27, -94, 0]","[668, 924, 600, 965, 616, 632, 835, 846, 686, 932, 233, 1274, 450, 1063, 1034]","[121, 427, 249, 323, 274, 502, 446, 470, 759, 449, 784, 636, 697, 565, 738]","[0, 4, 3, 4, 1, 3, 0, 4, 5, 1, 5, 1, 5, 3, 4]","[-5, -3, -4, -3, -5, -4, -5, -3, 0, -5, -1, -5, 0, -4, -4]"
140,54.98,10,False,1261,408,0,-9,[1325],[465],[-4],[3],"[82, 1330, 459, 1002, 890]","[735, 631, 613, 600, 775]","[147, 101, 306, 56, -28]","[13, -8, 13, -54, 0]","[679, 1017, 668, 1045, 655, 705, 835, 926, 786, 956, 333, 1294, 550, 1123, 1114]","[21, 367, 169, 263, 174, 422, 346, 410, 759, 349, 764, 536, 691, 485, 658]","[1, 5, 4, 4, 2, 4, 0, 4, 5, 2, 5, 1, 5, 3, 4]","[-5, -3, -4, -3, -5, -4, -5, -3, 0, -5, -1, -5, -1, -4, -4]"
141,55.32,10,False,1295,228,2,-9,[1245],[525],[-4],[3],"[163, 1340, 587, 1005, 870]","[735, 628, 615, 600, 775]","[294, 1, 373, 16, -28]","[33, 32, 53, -14, 0]","[1117, 748, 1127, 713, 785, 835, 1006, 886, 996, 433, 1314, 650, 1183, 1194, 203, 1407, 613, 1080, 952]","[307, 89, 203, 86, 342, 246, 350, 759, 249, 744, 436, 671, 405, 578, 754, 633, 640, 619, 794]","[5, 4, 5, 3, 4, 0, 4, 5, 2, 5, 1, 5, 3, 4, 5, 4, 5, 5, 5]","[-3, -4, -3, -4, -4, -5, -3, 0, -5, -1, -5, -1, -4, -4, -2, -4, -1, -2, -2]"
142,55.65,10,False,1299,210,0,0,[1165],[603],[-4],[4],"[299, 1310, 735, 993, 850]","[739, 640, 635, 600, 775]","[421, -99, 411, -17, -28]","[53, 72, 93, 26, 0]","[1217, 828, 1227, 783, 865, 835, 1086, 986, 1036, 533, 1334, 750, 1243, 1274, 303, 1480, 713, 1180, 1052]","[247, 9, 143, 6, 262, 146, 290, 759, 149, 724, 336, 651, 325, 498, 714, 553, 620, 579, 754]","[5, 4, 5, 4, 4, 0, 4, 5, 2, 5, 1, 5, 3, 4, 5, 3, 5, 5, 5]","[-3, -4, -3, -4, -4, -5, -3, 0, -5, -1, -5, -1, -4, -4, -2, -4, -1, -2, -2]"
143,55.98,8,False,1191,278,-8,5,[1085],[676],[-4],[3],"[478, 1241, 895, 973, 830]","[759, 664, 672, 609, 775]","[514, -183, 420, -37, -28]","[65, 103, 123, 66, 0]","[1327, 945, 835, 1166, 1086, 1076, 633, 1354, 850, 1354, 403, 1540, 813, 1280, 1152]","[83, 200, 46, 230, 759, 49, 704, 236, 631, 418, 674, 473, 600, 539, 694]","[5, 4, 0, 4, 5, 2, 5, 1, 5, 4, 5, 3, 5, 5, 5]","[-3, -3, -5, -3, 0, -5, -1, -5, -1, -4, -2, -4, -1, -2, -3]"
144,56.31,8,False,1013,326,-9,1,[],[],[],[],"[678, 1136, 938, 803]","[768, 691, 629, 757]","[534, -288, -93, -64]","[29, 87, 70, -36]","[1427, 1025, 1246, 1186, 733, 1365, 950, 1434, 503, 1590, 913, 1380, 1252, 636, 1258, 1015, 1109, 912]","[37, 140, 170, 740, 673, 136, 611, 338, 634, 376, 580, 499, 634, 764, 627, 630, 607, 733]","[5, 4, 4, 5, 5, 0, 5, 4, 5, 2, 5, 5, 5, 5, -1, 3, 5, 2]","[-2, -3, -3, -1, -2, -5, -1, -4, -2, -5, -1, -2, -3, -2, -5, -5, -3, -5]"
145,56.65,8,False,903,416,1,9,[942],[451],[1],[5],"[878, 992, 880, 763]","[762, 711, 649, 724]","[510, -373, -147, -86]","[-11, 67, 70, -63]","[1105, 1326, 1286, 833, 1365, 1050, 1513, 603, 1013, 1480, 1337, 736, 1238, 1075, 1197, 952]","[80, 110, 720, 633, 36, 591, 258, 594, 560, 459, 574, 724, 527, 530, 547, 633]","[4, 4, 5, 5, 0, 5, 3, 5, 5, 5, 4, 5, -1, 3, 4, 2]","[-3, -3, -1, -2, -5, -1, -4, -2, -1, -2, -3, -2, -5, -5, -3, -5]"
146,57.0,8,False,768,432,-9,-2,[959],[551],[0],[5],"[1061, 821, 801, 717, 586]","[742, 728, 669, 684, 823]","[447, -425, -187, -106, 8]","[-43, 47, 52, -83, -17]","[1185, 1406, 1386, 933, 1150, 1573, 703, 1113, 1580, 1417, 836, 1218, 1135, 1277, 992, 998, 923, 911, 802, 653]","[20, 50, 700, 593, 571, 178, 554, 540, 419, 514, 684, 427, 430, 487, 533, 772, 723, 695, 707, 833]","[4, 4, 5, 5, 5, 3, 5, 5, 5, 4, 5, -1, 3, 4, 2, -5, 0, 5, 2, 4]","[-3, -3, -1, -2, -1, -4, -2, -1, -2, -3, -2, -5, -5, -3, -5, -2, -5, -2, -5, -4]"
147,57.33,8,False,588,406,-9,0,[959],[651],[0],[5],"[1211, 641, 713, 657, 586]","[709, 728, 671, 644, 799]","[351, -442, -208, -112, 28]","[-63, 27, 32, -100, -57]","[1486, 1033, 1250, 803, 1213, 1497, 936, 1184, 1183, 1357, 1012, 898, 923, 1011, 842, 733]","[675, 553, 551, 514, 520, 454, 644, 327, 330, 427, 433, 732, 623, 655, 607, 753]","[5, 5, 5, 5, 5, 4, 5, -2, 2, 4, 1, -5, 0, 5, 2, 4]","[-2, -2, -1, -2, -1, -3, -2, -5, -5, -3, -5, -2, -5, -2, -5, -4]"
148,57.67,8,False,408,406,-9,0,[959],[751],[0],[5],"[1315, 461, 613, 597, 586]","[669, 728, 671, 604, 759]","[228, -423, -211, -111, 48]","[-83, 7, 12, -100, -97]","[1586, 1133, 1350, 903, 1313, 1577, 1036, 1144, 1223, 1437, 1032, 798, 917, 1111, 882, 813]","[635, 513, 531, 474, 493, 384, 604, 227, 230, 366, 333, 692, 523, 615, 507, 673]","[5, 5, 5, 5, 5, 4, 5, -2, 2, 4, 1, -5, -1, 5, 2, 4]","[-2, -2, -1, -2, -2, -4, -2, -5, -5, -4, -5, -2, -5, -2, -5, -4]"
149,58.0,8,False,389,441,9,2,[959],[851],[0],[5],"[1373, 299, 528, 553, 606]","[629, 728, 671, 600, 716]","[124, -334, -158, -55, 100]","[-57, 23, 28, -64, -85]","[1233, 1450, 1003, 1413, 1136, 1086, 1263, 1517, 1043, 698, 897, 1204, 922, 876, 1284, 451, 543, 546, 596]","[473, 511, 434, 453, 564, 136, 130, 286, 233, 652, 423, 561, 407, 593, 674, 673, 670, 666, 705]","[5, 5, 5, 5, 5, -3, 2, 4, 0, -5, -1, 4, 2, 3, -5, -1, -5, -5, -2]","[-2, -1, -2, -2, -2, -4, -5, -4, -5, -2, -5, -3, -5, -4, -2, -5, -2, 1, -5]"
150,58.33,8,False,470,471,4,-8,[],[],[],[],"[1391, 181, 470, 534, 646]","[606, 728, 671, 600, 676]","[24, -211, -87, 5, 140]","[-17, 43, 48, -24, -65]","[1333, 1550, 1103, 1513, 1236, 1020, 1287, 1577, 1043, 598, 877, 1284, 960, 936, 1184, 431, 443, 446, 556]","[433, 491, 394, 413, 524, 56, 30, 206, 133, 612, 323, 495, 307, 513, 634, 573, 630, 684, 605]","[5, 5, 5, 5, 5, -4, 1, 3, 0, -5, -1, 4, 1, 3, -5, -1, -5, -5, -2]","[-2, -1, -2, -2, -2, -4, -5, -4, -5, -2, -5, -4, -5, -4, -2, -5, -2, 0, -5]"
151,58.67,8,False,566,313,6,-7,[],[],[],[],"[1369, 117, 441, 540, 702]","[600, 742, 690, 600, 643]","[-76, -71, -7, 65, 180]","[23, 63, 68, 16, -38]","[1433, 1203, 1336, 1043, 498, 857, 1349, 980, 996, 1084, 411, 343, 346, 516, 1377, 201, 537, 529, 697]","[393, 354, 471, 33, 565, 223, 413, 207, 433, 594, 473, 590, 684, 505, 627, 747, 721, 627, 666]","[5, 5, 5, 0, -5, -1, 3, 1, 3, -5, -1, -5, -5, -2, -5, 3, 5, -5, -4]","[-2, -2, -3, -5, -3, -5, -5, -5, -4, -2, -5, -2, 0, -5, -1, -4, -2, -1, -4]"
152,59.0,8,False,740,291,9,-1,[],[],[],[],"[1307, 108, 446, 569, 763]","[607, 762, 710, 604, 625]","[-176, 69, 73, 125, 200]","[63, 72, 88, 56, 2]","[1533, 1303, 1431, 406, 818, 1383, 1000, 1056, 984, 391, 243, 246, 476, 1277, 261, 637, 429, 637]","[353, 314, 411, 505, 123, 313, 107, 353, 554, 373, 550, 684, 405, 607, 667, 681, 593, 586]","[5, 5, 4, -4, -2, 1, 1, 3, -5, -1, -5, -5, -2, -5, 3, 5, -5, -3]","[-2, -2, -3, -3, -5, -5, -5, -4, -2, -5, -2, 0, -5, -1, -4, -2, -2, -4]"
153,59.33,8,False,889,206,5,-8,[],[],[],[],"[1210, 155, 481, 621, 843]","[629, 782, 739, 624, 625]","[-258, 209, 153, 179, 210]","[103, 72, 108, 96, 42]","[1403, 1511, 326, 778, 1388, 1020, 1116, 884, 385, 152, 146, 445, 1177, 321, 737, 333, 577]","[274, 351, 445, 23, 213, 7, 273, 514, 273, 492, 670, 305, 573, 587, 641, 545, 506]","[5, 4, -4, -2, 0, 1, 3, -5, 0, -4, -5, -1, -5, 3, 5, -4, -3]","[-2, -3, -3, -5, -5, -5, -4, -2, -5, -3, -2, -5, -2, -4, -2, -3, -4]"
154,59.67,8,False,810,316,-4,8,[866],[348],[-2],[5],"[1077, 250, 541, 681, 910]","[667, 795, 768, 657, 625]","[-353, 304, 184, 183, 171]","[98, 36, 78, 94, 46]","[1503, 1591, 250, 1378, 1176, 784, 385, 72, 65, 425, 1077, 381, 837, 257, 517, 1164, 263, 556, 678, 872]","[234, 291, 367, 113, 182, 474, 173, 422, 607, 205, 533, 507, 595, 474, 426, 607, 755, 703, 587, 570]","[5, 4, -3, -1, 3, -5, 0, -4, -3, -1, -5, 3, 5, -3, -3, -4, 3, 1, 0, -1]","[-2, -3, -4, -5, -5, -2, -5, -4, -5, -5, -2, -4, -3, -4, -4, -4, -4, -5, -5, -5]"
155,60.0,8,False,851,173,7,-6,[826],[448],[-2],[5],"[909, 378, 606, 741, 957]","[687, 793, 782, 677, 625]","[-423, 373, 203, 170, 111]","[78, -4, 38, 74, 46]","[190, 1331, 1236, 684, 385, 12, 54, 405, 977, 441, 930, 206, 457, 1084, 323, 576, 678, 852]","[283, 19, 82, 434, 73, 338, 507, 105, 493, 427, 535, 382, 339, 527, 675, 603, 487, 470]","[-3, -3, 3, -5, 0, -2, 1, -1, -5, 3, 4, -2, -3, -4, 3, 1, 0, -1]","[-5, -4, -5, -2, -5, -5, -5, -5, -2, -4, -3, -5, -5, -4, -4, -5, -5, -5]"
156,60.33,8,False,1020,219,8,4,[786],[548],[-2],[5],"[722, 527, 686, 801, 980]","[707, 773, 781, 697, 625]","[-457, 414, 203, 150, 51]","[58, -44, -2, 54, 46]","[154, 584, 101, 403, 877, 501, 1010, 198, 407, 1004, 383, 596, 678, 832, 847, 518, 709, 824, 984]","[183, 394, 416, 5, 453, 347, 475, 282, 239, 447, 595, 503, 387, 370, 699, 779, 777, 694, 628]","[-1, -5, 3, 0, -5, 3, 4, 0, -2, -4, 3, 1, 0, -1, 2, 1, 2, 0, -3]","[-5, -2, -4, -5, -2, -4, -3, -5, -5, -4, -4, -5, -5, -5, -5, -5, -5, -5, -4]"
157,60.67,8,False,1173,313,6,7,[746],[648],[-2],[5],"[522, 687, 753, 841, 977]","[715, 736, 761, 701, 625]","[-453, 424, 187, 110, -9]","[38, -77, -42, 34, 46]","[150, 484, 182, 777, 572, 1090, 231, 367, 924, 443, 616, 678, 812, 887, 558, 749, 824, 924]","[83, 354, 350, 413, 267, 415, 184, 139, 367, 515, 403, 287, 270, 599, 679, 677, 594, 548]","[1, -5, 5, -5, 4, 4, 3, -2, -4, 3, 1, 0, -1, 2, 2, 2, 0, -3]","[-5, -2, -3, -2, -4, -3, -4, -5, -4, -4, -5, -5, -5, -5, -5, -5, -5, -4]"
158,61.0,8,False,1177,458,8,4,[706],[748],[-2],[5],"[340, 847, 813, 866, 950]","[715, 696, 725, 701, 625]","[-410, 401, 163, 70, -69]","[18, -97, -70, 14, 46]","[384, 282, 677, 652, 1170, 308, 342, 844, 513, 656, 697, 793, 927, 598, 789, 824, 864]","[314, 307, 373, 187, 355, 115, 39, 287, 435, 303, 187, 170, 499, 579, 577, 494, 468]","[-5, 5, -5, 4, 4, 5, -1, -4, 4, 2, 1, 0, 2, 2, 2, 0, -3]","[-2, -2, -2, -4, -3, -3, -5, -4, -4, -5, -5, -5, -5, -5, -5, -5, -4]"
159,61.33,8,False,1168,417,-4,-9,[668],[848],[-1],[5],"[188, 987, 873, 886, 910]","[715, 656, 685, 701, 642]","[-298, 385, 159, 66, -93]","[34, -81, -54, 30, 82]","[284, 382, 577, 732, 1250, 408, 781, 593, 696, 730, 793, 967, 638, 829, 832, 804, 439, 965, 960, 976, 979]","[274, 283, 333, 122, 295, 81, 207, 355, 203, 87, 70, 399, 479, 477, 394, 380, 714, 661, 713, 682, 570]","[-5, 5, -5, 4, 4, 5, -3, 4, 2, 2, 0, 2, 2, 2, 1, -3, 5, 3, 5, 4, 0]","[-2, -1, -2, -3, -3, -1, -4, -4, -5, -5, -5, -5, -5, -5, -5, -5, -2, -4, -3, -3, -5]"
160,61.66,8,False,1168,341,5,8,[],[],[],[],"[89, 1125, 932, 906, 870]","[720, 620, 662, 702, 674]","[-156, 344, 149, 61, -98]","[54, -44, -34, 50, 111]","[184, 482, 477, 812, 1330, 508, 721, 673, 736, 1023, 678, 869, 852, 746, 539, 1025, 1042, 1056, 979]","[234, 263, 293, 62, 235, 69, 127, 275, 103, 299, 379, 377, 294, 280, 674, 581, 653, 622, 470]","[-5, 5, -5, 4, 4, 5, -3, 4, 2, 3, 2, 2, 1, -2, 5, 3, 4, 4, 0]","[-2, -1, -2, -3, -3, 0, -4, -4, -5, -5, -5, -5, -5, -5, -2, -4, -3, -3, -5]"
161,62.0,8,False,1250,423,1,-9,[],[],[],[],"[51, 1239, 972, 917, 830]","[740, 600, 642, 722, 714]","[4, 277, 129, 41, -98]","[74, -4, -6, 70, 131]","[84, 582, 377, 898, 1411, 608, 661, 753, 776, 1083, 718, 909, 872, 706, 639, 1085, 1122, 1136, 979, 144, 1283, 1045, 976, 933]","[194, 260, 253, 2, 175, 69, 47, 204, 3, 199, 279, 277, 194, 180, 634, 501, 593, 562, 370, 764, 655, 672, 710, 741]","[-5, 5, -5, 5, 5, 5, -3, 4, 2, 3, 2, 2, 1, -2, 5, 3, 4, 4, 0, 5, 5, 5, 3, 5]","[-2, 0, -2, -3, -3, 0, -4, -3, -5, -5, -5, -5, -5, -5, -2, -4, -3, -3, -5, -2, 1, -3, -5, -1]"
162,62.33,7,False,1108,408,-9,0,[],[],[],[],"[77, 1323, 1012, 917, 790]","[760, 600, 640, 742, 756]","[164, 191, 104, 21, -93]","[85, 36, 34, 90, 150]","[682, 277, 1511, 708, 833, 1143, 770, 949, 892, 666, 739, 1202, 1216, 987, 244, 1383, 1137, 1036, 1033]","[260, 213, 115, 69, 144, 99, 179, 177, 94, 80, 594, 533, 502, 270, 724, 673, 612, 610, 721]","[5, -5, 5, 5, 4, 3, 3, 2, 1, -2, 5, 4, 4, 1, 5, 5, 4, 3, 5]","[0, -2, -3, 0, -3, -5, -5, -5, -5, -5, -2, -3, -3, -5, -2, 0, -3, -5, -1]"
163,62.67,7,False,928,416,-9,0,[],[],[],[],"[164, 1369, 1034, 917, 750]","[780, 614, 653, 762, 804]","[311, 91, 64, 1, -73]","[85, 76, 72, 99, 150]","[782, 177, 808, 913, 830, 989, 839, 1282, 1296, 1007, 344, 1483, 1217, 1096, 1133]","[260, 166, 69, 84, 79, 77, 554, 473, 442, 170, 684, 673, 552, 510, 701]","[5, -5, 5, 4, 3, 2, 5, 4, 4, 1, 5, 5, 4, 3, 5]","[0, -3, 0, -3, -5, -5, -2, -3, -3, -5, -2, 0, -3, -5, -1]"
164,63.0,7,False,761,443,0,9,[],[],[],[],"[299, 1368, 1035, 896, 710]","[799, 634, 673, 782, 802]","[402, -45, -12, -53, -89]","[49, 80, 56, 63, 114]","[882, 77, 908, 993, 939, 1362, 1376, 1027, 444, 1583, 1297, 1145, 1233, 276, 1331, 1120, 928, 847]","[260, 106, 89, 24, 514, 413, 365, 70, 644, 668, 492, 410, 681, 751, 612, 615, 724, 781]","[5, -5, 5, 4, 5, 4, 4, 1, 5, 5, 4, 2, 5, 3, -5, 1, -2, 3]","[0, -3, 1, -3, -2, -3, -4, -5, -2, -1, -3, -5, -1, -4, -3, -5, -5, -4]"
165,63.33,7,False,752,491,-8,-5,[882],[594],[3],[4],"[463, 1310, 1004, 856, 670]","[799, 654, 679, 788, 806]","[456, -185, -92, -93, -94]","[9, 77, 36, 23, 74]","[982, 1008, 1039, 1442, 1456, 544, 1377, 1185, 1333, 336, 1231, 1140, 888, 907]","[260, 114, 474, 353, 285, 604, 432, 310, 654, 671, 552, 515, 624, 701]","[5, 5, 5, 4, 4, 5, 4, 2, 5, 3, -5, 1, -2, 3]","[0, 2, -2, -3, -4, -2, -3, -5, -2, -4, -3, -5, -5, -4]"
166,63.67,7,False,592,395,-8,-4,[942],[674],[3],[4],"[643, 1200, 944, 799, 630]","[783, 674, 679, 779, 806]","[477, -308, -154, -133, -94]","[-31, 57, 16, -17, 34]","[1082, 1108, 1139, 1522, 1521, 644, 1457, 1225, 1433, 408, 1131, 1160, 848, 967, 595, 1244, 962, 848, 663]","[260, 154, 434, 277, 205, 564, 363, 210, 614, 591, 506, 415, 524, 621, 797, 707, 706, 790, 801]","[5, 5, 5, 4, 3, 5, 4, 2, 5, 4, -5, 1, -2, 3, -3, -5, -5, -2, -2]","[0, 2, -2, -4, -4, -2, -4, -5, -2, -4, -2, -5, -5, -4, -4, 0, -1, -5, -5]"
167,64.0,7,False,412,348,-9,-1,[],[],[],[],"[823, 1047, 736, 590]","[752, 681, 755, 803]","[462, -402, -153, -89]","[-71, 37, -57, -6]","[1182, 1199, 1239, 1588, 1577, 744, 1528, 1265, 1533, 487, 1031, 1173, 808, 1027, 535, 1144, 862, 808, 623]","[269, 209, 394, 197, 116, 524, 283, 110, 574, 511, 466, 315, 424, 528, 707, 707, 686, 690, 701]","[5, 4, 5, 3, 2, 5, 3, 2, 5, 3, -5, 0, -2, 3, -3, -5, -5, -2, -2]","[1, 3, -2, -4, -5, -2, -4, -5, -2, -4, -2, -5, -5, -5, -5, 0, -1, -5, -5]"
168,64.33,7,False,232,352,-9,3,[],[],[],[],"[989, 861, 656, 550]","[712, 681, 715, 783]","[411, -465, -162, -69]","[-92, 17, -80, -46]","[1282, 1273, 1339, 844, 1580, 1292, 547, 931, 1173, 768, 1075, 475, 1044, 762, 768, 583]","[289, 282, 354, 484, 191, 10, 431, 426, 215, 324, 428, 607, 707, 666, 590, 601]","[5, 3, 5, 5, 2, 1, 3, -5, 0, -2, 2, -3, -5, -5, -2, -2]","[1, 4, -2, -2, -5, -5, -4, -2, -5, -5, -5, -5, 0, -1, -5, -5]"
169,64.67,7,False,298,374,9,-2,[],[],[],[],"[1133, 661, 589, 523, 326]","[672, 681, 675, 763, 709]","[365, -453, -123, -13, 90]","[-76, 33, -64, -50, 18]","[1378, 1309, 1439, 944, 1597, 607, 831, 1170, 728, 1115, 415, 944, 662, 728, 543, 965, 794, 655, 537, 316]","[333, 379, 295, 444, 91, 351, 386, 115, 224, 328, 507, 689, 646, 490, 501, 712, 662, 666, 755, 654]","[4, 0, 5, 5, 0, 3, -5, -1, -2, 2, -3, -5, -5, -2, -2, -5, -4, -2, -3, -2]","[3, 5, -3, -2, -5, -4, -2, -5, -5, -5, -5, -1, -1, -5, -5, -2, -3, -5, -4, -5]"
170,65.0,7,False,452,305,-1,-9,[],[],[],[],"[1257, 481, 542, 519, 374]","[634, 685, 642, 743, 709]","[296, -398, -63, 47, 190]","[-47, 53, -37, -43, 38]","[1421, 1301, 1530, 1044, 667, 731, 1149, 669, 1151, 355, 844, 562, 688, 503, 865, 714, 615, 477, 276]","[422, 479, 235, 404, 271, 346, 15, 124, 228, 407, 669, 626, 390, 401, 672, 602, 566, 675, 554]","[0, -1, 4, 5, 3, -5, -2, -3, 1, -3, -5, -5, -2, -2, -5, -4, -2, -3, -2]","[5, 5, -3, -2, -4, -2, -5, -5, -5, -5, -1, -1, -5, -5, -2, -3, -5, -4, -5]"
171,65.33,7,False,409,134,4,-9,[],[],[],[],"[1348, 330, 518, 542, 460]","[614, 705, 624, 723, 718]","[205, -309, -3, 107, 277]","[-7, 73, 3, -23, 58]","[1360, 1245, 1144, 727, 631, 609, 1171, 295, 744, 462, 648, 463, 765, 634, 575, 417, 236, 1322, 419, 558, 573, 451]","[498, 568, 364, 191, 306, 24, 128, 307, 649, 599, 290, 301, 632, 542, 466, 595, 454, 639, 698, 638, 739, 713]","[-5, -4, 5, 3, -5, -3, 1, -3, -5, -5, -2, -2, -5, -4, -2, -3, -2, -5, 0, -2, -1, -2]","[2, 4, -2, -4, -2, -5, -5, -5, -1, -2, -5, -5, -2, -3, -5, -4, -5, -3, -5, -5, -5, -5]"
172,65.67,7,False,566,52,9,0,[],[],[],[],"[1400, 221, 521, 588, 575]","[611, 725, 624, 703, 738]","[105, -194, 57, 167, 345]","[33, 93, 43, -3, 78]","[1260, 1153, 1244, 787, 531, 1187, 254, 644, 362, 608, 423, 665, 554, 535, 357, 196, 1222, 419, 518, 553, 411]","[512, 619, 324, 111, 266, 28, 207, 629, 559, 190, 201, 592, 482, 366, 510, 354, 579, 598, 538, 639, 613]","[-5, -5, 5, 3, -5, 0, -2, -5, -5, -2, -2, -5, -4, -2, -3, -2, -5, 0, -2, -1, -2]","[0, 2, -2, -4, -2, -5, -5, -1, -2, -5, -5, -2, -3, -5, -5, -5, -3, -5, -5, -5, -5]"
173,66.0,7,False,719,128,5,8,[],[],[],[],"[1407, 160, 547, 655, 714]","[623, 759, 641, 701, 758]","[-14, -60, 117, 212, 388]","[73, 109, 83, 17, 91]","[1160, 1053, 1344, 847, 431, 214, 544, 262, 568, 383, 565, 474, 495, 303, 167, 1122, 419, 478, 533, 371]","[512, 633, 281, 31, 226, 107, 597, 519, 90, 101, 552, 407, 266, 410, 254, 519, 498, 438, 539, 513]","[-5, -5, 5, 3, -5, -2, -5, -5, -2, -2, -5, -4, -2, -2, -1, -5, 0, -2, -1, -2]","[0, 0, -3, -4, -2, -5, -2, -2, -5, -5, -2, -4, -5, -5, -5, -3, -5, -5, -5, -5]"
174,66.33,7,False,736,300,9,4,[769],[315],[-1],[5],"[1363, 148, 587, 735, 854]","[643, 785, 661, 701, 778]","[-156, 44, 141, 208, 365]","[77, 73, 77, 1, 55]","[1060, 953, 1444, 331, 190, 444, 168, 361, 465, 394, 455, 263, 147, 1022, 419, 438, 513, 349, 1363, 292, 618, 738, 757]","[493, 633, 221, 186, 7, 557, 460, 1, 494, 327, 166, 310, 154, 459, 398, 338, 439, 413, 639, 757, 601, 646, 711]","[-5, -5, 5, -5, -1, -5, -4, -1, -5, -4, -2, -2, -1, -5, 0, -2, -1, -1, -5, 5, 1, 2, -1]","[-1, 0, -3, -2, -5, -2, -3, -5, -3, -4, -5, -5, -5, -3, -5, -5, -5, -5, -2, -3, -5, -5, -5]"
175,66.67,7,False,898,212,8,-4,[749],[415],[-1],[5],"[1262, 176, 627, 803, 981]","[663, 796, 681, 682, 780]","[-290, 144, 148, 188, 312]","[65, 33, 57, -19, 15]","[960, 853, 1544, 231, 344, 88, 365, 314, 415, 223, 136, 922, 419, 398, 493, 329, 1263, 392, 638, 778, 737]","[473, 628, 161, 146, 517, 400, 434, 247, 66, 210, 54, 399, 298, 238, 339, 313, 599, 697, 501, 546, 611]","[-5, -5, 5, -5, -5, -4, -5, -4, -2, -2, 0, -5, 0, -2, -1, -1, -5, 5, 1, 2, -1]","[-1, -1, -3, -2, -2, -3, -3, -4, -5, -5, -5, -3, -5, -5, -5, -5, -2, -3, -5, -5, -5]"
176,67.0,7,False,1077,149,9,-3,[729],[515],[-1],[5],"[1113, 244, 667, 862, 1081]","[678, 792, 688, 662, 767]","[-399, 233, 148, 148, 236]","[45, -7, 37, -39, -25]","[860, 753, 131, 248, 14, 280, 239, 201, 822, 419, 371, 476, 321, 1163, 492, 658, 818, 725, 1184, 291, 720, 869, 1091]","[443, 603, 98, 463, 322, 374, 167, 110, 339, 198, 138, 239, 213, 559, 637, 401, 446, 511, 683, 815, 691, 673, 775]","[-5, -5, -5, -4, -3, -4, -3, -1, -5, 0, -1, 0, 0, -5, 5, 1, 2, 0, -3, 5, 4, -2, 0]","[-2, -2, -3, -3, -4, -3, -4, -5, -3, -5, -5, -5, -5, -2, -3, -5, -5, -5, -4, -2, -4, -5, -5]"
177,67.37,7,False,1257,129,9,0,[709],[615],[-1],[5],"[925, 343, 707, 902, 1147]","[678, 772, 688, 633, 739]","[-474, 306, 145, 108, 141]","[25, -47, 17, -51, -60]","[762, 661, 42, 168, 200, 179, 194, 722, 421, 351, 476, 321, 1063, 592, 690, 858, 725, 1124, 391, 800, 829, 1091]","[397, 552, 38, 400, 314, 87, 10, 279, 98, 38, 139, 113, 509, 577, 301, 346, 411, 603, 774, 611, 573, 675]","[-4, -4, -4, -4, -4, -3, 0, -5, 1, -1, 0, 0, -5, 5, 2, 2, 0, -3, 5, 4, -2, 0]","[-3, -3, -3, -4, -3, -4, -5, -3, -5, -5, -5, -5, -3, -3, -5, -5, -5, -4, -3, -4, -5, -5]"
178,67.7,7,False,1426,193,6,7,[689],[715],[-1],[5],"[716, 467, 747, 923, 1173]","[678, 733, 685, 600, 699]","[-510, 356, 125, 48, 41]","[5, -79, -3, -51, -80]","[686, 600, 101, 120, 642, 476, 327, 965, 692, 730, 898, 725, 1064, 491, 880, 800, 1091]","[327, 468, 318, 246, 219, 39, 13, 449, 517, 201, 246, 311, 505, 714, 531, 473, 575]","[-3, -2, -3, -4, -4, 0, 1, -4, 5, 2, 2, 0, -3, 5, 4, -1, 0]","[-4, -5, -5, -4, -3, -5, -5, -3, -3, -5, -5, -5, -5, -3, -4, -5, -5]"
179,68.03,7,False,1346,338,-7,6,[],[],[],[],"[613, 787, 923, 1165]","[693, 679, 600, 659]","[416, 141, 24, -23]","[-63, 13, -15, -64]","[648, 589, 67, 47, 562, 885, 792, 770, 951, 725, 1021, 591, 960, 785, 1091, 808, 621, 890, 994, 1244]","[231, 368, 218, 166, 159, 389, 457, 101, 146, 211, 405, 669, 451, 373, 475, 695, 734, 693, 545, 638]","[0, 0, -1, -3, -4, -4, 5, 2, 3, 0, -2, 5, 4, 0, 0, 5, 5, 5, 2, 2]","[-5, -5, -5, -4, -3, -3, -3, -5, -5, -5, -5, -2, -4, -5, -5, -1, -2, -2, -5, -5]"
180,68.36,7,False,1278,306,0,-9,[1305],[456],[-4],[3],"[773, 827, 923, 1134]","[661, 679, 600, 630]","[447, 148, 4, -83]","[-43, 33, 25, -29]","[661, 621, 68, 482, 805, 892, 815, 1011, 725, 981, 691, 1040, 785, 1091, 908, 721, 990, 1034, 1284]","[131, 268, 118, 99, 329, 397, 1, 50, 111, 305, 629, 371, 273, 375, 675, 694, 653, 445, 538]","[2, 3, 1, -4, -4, 5, 3, 3, 0, -2, 5, 4, 0, 0, 5, 5, 5, 2, 2]","[-5, -5, -5, -3, -3, -3, -5, -4, -5, -5, -2, -4, -5, -5, -1, -2, -2, -5, -5]"
181,68.7,7,False,1278,126,0,-9,[1225],[529],[-4],[4],"[947, 867, 907, 1079, 358]","[641, 683, 608, 616, 643]","[446, 148, -16, -136, 40]","[-14, 53, 65, 11, 16]","[729, 690, 108, 402, 725, 992, 726, 941, 791, 1120, 785, 1091, 1008, 821, 1090, 1074, 1324, 967, 912, 979, 1144, 425]","[55, 189, 21, 39, 269, 337, 11, 205, 589, 291, 173, 275, 642, 654, 613, 345, 438, 663, 682, 610, 621, 646]","[4, 4, 3, -4, -4, 5, 1, -2, 5, 4, 0, 0, 5, 5, 5, 2, 2, 5, 3, 2, 0, 4]","[-3, -3, -4, -3, -3, -3, -5, -5, -2, -4, -5, -5, -2, -2, -2, -5, -5, -3, -4, -5, -5, -4]"
182,69.03,7,False,1364,26,2,9,[1145],[596],[-4],[3],"[1107, 907, 887, 1006, 386]","[635, 703, 631, 617, 647]","[413, 145, -23, -176, 140]","[26, 73, 105, 51, 56]","[824, 770, 645, 1092, 903, 891, 1200, 794, 1091, 1108, 921, 1190, 1114, 1364, 1067, 972, 1019, 1144, 505]","[8, 129, 196, 277, 105, 544, 211, 73, 175, 602, 614, 557, 245, 338, 603, 602, 510, 521, 566]","[5, 4, -4, 5, -1, 5, 4, 1, 0, 5, 5, 5, 2, 2, 5, 3, 2, 0, 4]","[-2, -3, -4, -3, -5, -3, -4, -5, -5, -2, -2, -3, -5, -5, -3, -4, -5, -5, -4]"
183,69.36,7,False,1254,173,-5,8,[1065],[673],[-4],[3],"[1250, 947, 867, 926, 452]","[644, 723, 671, 637, 667]","[346, 125, -23, -198, 226]","[66, 93, 135, 91, 80]","[867, 574, 1192, 883, 991, 1280, 1091, 1208, 1021, 1290, 1154, 1404, 1153, 1032, 1059, 1144, 585]","[78, 116, 217, 5, 484, 131, 75, 562, 574, 497, 145, 238, 543, 522, 410, 421, 486]","[5, -3, 5, -1, 5, 4, 0, 5, 5, 5, 2, 2, 4, 3, 2, 0, 4]","[-2, -4, -3, -5, -3, -4, -5, -2, -2, -3, -5, -5, -3, -4, -5, -5, -4]"
184,69.7,7,False,1093,229,-9,0,[],[],[],[],"[1353, 842, 828, 543]","[664, 711, 657, 687]","[219, -59, -240, 262]","[57, 119, 89, 64]","[967, 514, 1292, 1091, 1360, 1308, 1121, 1373, 1212, 1444, 1233, 1092, 1099, 1144, 665, 1236, 1036, 982, 972, 578]","[38, 36, 157, 424, 51, 522, 534, 437, 45, 138, 483, 442, 310, 321, 406, 633, 683, 651, 591, 658]","[5, -3, 5, 5, 4, 5, 5, 4, 3, 2, 4, 3, 2, 0, 4, -4, 2, 4, 1, 4]","[-2, -4, -3, -3, -4, -2, -2, -3, -5, -5, -3, -4, -5, -5, -4, -3, -5, -4, -5, -3]"
185,70.03,7,False,913,224,-9,0,[],[],[],[],"[1401, 802, 713, 643]","[671, 750, 677, 701]","[79, -99, -266, 274]","[37, 99, 69, 44]","[1067, 1392, 1191, 1408, 1221, 1453, 1475, 1313, 1152, 1139, 1144, 745, 1156, 1076, 1059, 992, 658]","[11, 97, 364, 482, 494, 377, 38, 423, 362, 210, 221, 326, 573, 583, 571, 491, 598]","[5, 5, 5, 5, 5, 4, 1, 4, 3, 2, 0, 4, -4, 2, 3, 1, 4]","[-1, -3, -3, -2, -2, -3, -5, -3, -4, -5, -5, -4, -3, -5, -4, -5, -3]"
186,70.36,6,False,733,224,-9,0,[],[],[],[],"[1389, 742, 593, 743, 771]","[671, 770, 696, 701, 796]","[-74, -120, -268, 266, -8]","[17, 60, 49, 24, -17]","[1492, 1291, 1508, 1321, 1533, 1393, 1212, 1179, 1144, 1076, 1116, 1119, 1012, 738, 1395, 799, 667, 737, 827]","[37, 304, 442, 454, 317, 363, 282, 110, 121, 513, 483, 491, 391, 538, 690, 767, 690, 696, 839]","[5, 5, 5, 5, 4, 4, 3, 2, 0, -4, 2, 3, 1, 4, -5, -1, -1, 0, 0]","[-3, -3, -2, -2, -3, -3, -4, -5, -5, -3, -5, -4, -5, -3, -2, -5, -5, -5, -5]"
187,70.7,6,False,570,281,-5,8,[],[],[],[],"[1320, 682, 477, 837, 751]","[668, 775, 696, 701, 772]","[-214, -134, -244, 238, -28]","[-3, 20, 29, 4, -57]","[1388, 1421, 1473, 1272, 1219, 1144, 996, 1156, 1179, 1032, 818, 1295, 779, 647, 737, 827]","[244, 414, 303, 202, 10, 21, 453, 383, 411, 291, 478, 650, 667, 590, 596, 739]","[4, 5, 4, 3, 2, 0, -4, 2, 3, 1, 4, -5, -1, -1, 0, 0]","[-3, -2, -3, -4, -5, -5, -3, -5, -4, -5, -3, -2, -5, -5, -5, -5]"
188,71.03,6,False,585,381,-5,-8,[644],[471],[1],[5],"[1198, 622, 378, 915, 731]","[648, 765, 696, 685, 732]","[-338, -134, -200, 194, -48]","[-21, -20, 9, -16, -88]","[1468, 1521, 1553, 1332, 916, 1183, 1239, 1043, 898, 1195, 759, 627, 719, 827]","[184, 374, 223, 105, 393, 283, 331, 191, 418, 610, 567, 490, 496, 639]","[4, 5, 4, 3, -4, 1, 3, 0, 4, -5, -1, -1, -1, 0]","[-3, -2, -4, -5, -3, -5, -4, -5, -3, -2, -5, -5, -5, -5]"
189,71.36,6,False,431,286,-9,0,[674],[571],[2],[5],"[1040, 567, 308, 975, 711]","[636, 745, 696, 666, 692]","[-395, -86, -104, 170, -32]","[15, -19, 25, 0, -72]","[1548, 1378, 836, 1203, 1299, 1043, 978, 1095, 739, 607, 699, 827, 1152, 585, 419, 878, 684]","[124, 5, 333, 183, 251, 91, 358, 570, 467, 390, 396, 539, 612, 734, 641, 690, 723]","[4, 2, -4, 1, 3, 0, 4, -5, -1, -1, -1, 0, -4, -4, 1, -5, -5]","[-3, -5, -3, -5, -4, -5, -3, -2, -5, -5, -5, -5, -4, -4, -5, -2, -3]"
190,71.7,6,False,278,296,0,0,[],[],[],[],"[862, 536, 282, 1029]","[639, 727, 696, 666]","[-416, -26, 12, 139]","[55, 1, 45, 20]","[756, 1208, 1356, 1058, 995, 719, 587, 679, 827, 1072, 505, 439, 778, 584]","[273, 83, 151, 298, 530, 367, 290, 296, 439, 532, 654, 541, 650, 663]","[-4, 0, 2, 4, -5, -1, -1, -1, 0, -4, -4, 1, -5, -5]","[-3, -5, -5, -3, -2, -5, -5, -5, -5, -4, -4, -5, -2, -3]"
191,72.03,6,False,377,293,9,1,[],[],[],[],"[682, 528, 302, 1068, 511]","[659, 727, 712, 666, 823]","[-401, 34, 132, 99, 24]","[87, 21, 65, 40, -1]","[672, 1396, 1138, 895, 688, 564, 659, 827, 992, 425, 459, 678, 484, 752, 547, 360, 1058, 514]","[213, 51, 238, 490, 267, 190, 196, 339, 452, 574, 441, 610, 603, 667, 722, 714, 677, 841]","[-5, 2, 4, -5, -2, -2, -1, 0, -4, -4, 1, -5, -5, -4, -2, 2, -4, -4]","[-3, -5, -3, -2, -5, -5, -5, -5, -4, -4, -5, -2, -3, -3, -5, -5, -3, -3]"
192,72.37,6,False,544,363,9,4,[],[],[],[],"[522, 543, 366, 1088, 523]","[687, 727, 732, 677, 792]","[-352, 94, 232, 59, 84]","[107, 41, 85, 60, -1]","[572, 1218, 795, 648, 524, 639, 827, 912, 359, 479, 578, 398, 672, 507, 400, 965, 434]","[153, 159, 450, 167, 90, 96, 239, 372, 494, 341, 570, 543, 607, 622, 614, 617, 781]","[-5, 4, -5, -2, -2, -1, 0, -4, -3, 1, -5, -4, -4, -2, 2, -5, -4]","[-3, -4, -2, -5, -5, -5, -5, -4, -4, -5, -2, -3, -3, -5, -5, -3, -3]"
193,72.7,6,False,676,273,5,-8,[],[],[],[],"[389, 584, 469, 1092, 558]","[727, 739, 758, 697, 772]","[-275, 154, 320, 19, 144]","[127, 61, 102, 80, -1]","[472, 1298, 695, 608, 827, 832, 299, 499, 478, 318, 592, 467, 447, 868, 354]","[103, 79, 410, 67, 139, 308, 414, 241, 530, 483, 547, 522, 514, 557, 703]","[-5, 4, -5, -2, 0, -4, -3, 1, -5, -4, -4, -2, 3, -4, -4]","[-2, -4, -2, -5, -5, -3, -4, -5, -2, -3, -3, -5, -5, -3, -4]"
194,73.03,6,False,813,160,9,0,[],[],[],[],"[283, 644, 590, 1075, 617]","[767, 752, 781, 717, 752]","[-208, 164, 350, -57, 163]","[103, 37, 66, 64, -37]","[372, 595, 827, 752, 239, 522, 378, 238, 512, 427, 507, 788, 278, 487, 637, 531, 1055, 646]","[63, 370, 39, 248, 334, 141, 490, 423, 487, 422, 414, 497, 623, 723, 696, 718, 681, 723]","[-5, -5, 0, -4, -3, 2, -5, -4, -4, -2, 3, -4, -3, 4, 0, 0, -4, 2]","[-2, -2, -5, -3, -4, -5, -2, -3, -3, -5, -5, -3, -4, -3, -5, -5, -3, -5]"
195,73.36,6,False,939,269,1,9,[],[],[],[],"[208, 704, 728, 1025, 677]","[788, 750, 789, 731, 723]","[-128, 163, 348, -137, 163]","[63, -3, 26, 44, -59]","[272, 495, 672, 181, 562, 278, 158, 432, 387, 567, 708, 218, 567, 637, 531, 975, 686]","[4, 330, 181, 240, 41, 450, 354, 417, 322, 314, 437, 543, 663, 596, 618, 621, 623]","[-5, -5, -4, -2, 2, -5, -4, -4, -2, 3, -4, -3, 4, 0, 0, -4, 2]","[-3, -2, -4, -5, -5, -2, -4, -4, -5, -5, -3, -4, -3, -5, -5, -3, -5]"
196,73.72,6,False,1028,312,7,-7,[979],[420],[0],[5],"[166, 757, 848, 946, 737]","[794, 730, 782, 731, 683]","[-31, 143, 321, -204, 151]","[23, -23, -14, 24, -79]","[395, 592, 141, 178, 83, 352, 363, 627, 628, 159, 647, 637, 531, 895, 727, 243, 819, 825, 980, 772]","[290, 101, 140, 406, 274, 337, 222, 223, 377, 451, 603, 496, 518, 550, 523, 805, 756, 784, 734, 705]","[-5, -4, -2, -5, -3, -4, -1, 3, -4, -2, 4, 0, 0, -4, 3, 4, 4, -2, -3, 1]","[-2, -4, -5, -3, -4, -4, -5, -4, -3, -5, -3, -5, -5, -4, -5, -3, -4, -5, -4, -5]"
197,74.05,6,False,1165,172,6,-7,[979],[520],[0],[5],"[164, 797, 958, 844, 778]","[785, 710, 760, 731, 643]","[69, 123, 270, -254, 131]","[-17, -43, -54, 4, -96]","[295, 512, 113, 84, 23, 272, 343, 687, 548, 119, 727, 637, 531, 815, 787, 323, 899, 801, 920, 803]","[235, 21, 40, 346, 191, 257, 122, 143, 317, 351, 543, 396, 418, 470, 423, 745, 676, 684, 654, 605]","[-5, -4, -1, -4, -3, -4, -1, 3, -4, -2, 4, 0, 0, -4, 3, 4, 4, -1, -3, 2]","[-3, -4, -5, -3, -5, -4, -5, -4, -3, -5, -3, -5, -5, -4, -5, -3, -4, -5, -4, -5]"
198,74.38,6,False,1251,134,0,0,[979],[620],[0],[5],"[202, 829, 1044, 724, 818]","[761, 677, 720, 715, 603]","[169, 85, 200, -282, 103]","[-57, -63, -79, -16, -96]","[205, 4, 208, 341, 747, 468, 95, 807, 637, 542, 735, 847, 403, 979, 790, 860, 843]","[175, 286, 177, 22, 63, 257, 251, 483, 296, 318, 390, 323, 685, 596, 584, 574, 505]","[-4, -4, -3, 0, 3, -4, -1, 4, 0, 1, -4, 3, 4, 4, 0, -3, 2]","[-3, -3, -4, -5, -4, -3, -5, -3, -5, -5, -4, -5, -3, -4, -5, -4, -5]"
199,74.71,6,False,1192,238,-5,8,[979],[720],[0],[5],"[283, 849, 1104, 605, 839]","[725, 642, 680, 696, 600]","[285, 81, 155, -250, 99]","[-47, -41, -63, 0, -60]","[125, 148, 388, 94, 887, 637, 562, 666, 907, 483, 1059, 790, 803, 883, 349, 968, 1119, 800, 904]","[115, 97, 195, 151, 423, 196, 218, 310, 229, 625, 516, 484, 477, 405, 749, 681, 672, 680, 556]","[-4, -3, -4, 0, 4, 0, 1, -3, 3, 4, 4, 0, -2, 2, 5, 5, 1, 3, 2]","[-3, -4, -4, -5, -3, -5, -5, -4, -4, -3, -4, -5, -5, -5, -3, -2, -5, -4, -5]"
200,75.05,6,False,1145,230,3,-9,[979],[820],[0],[5],"[409, 869, 1143, 509, 859]","[705, 622, 648, 696, 600]","[388, 81, 95, -191, 99]","[-27, -1, -41, 20, -20]","[45, 308, 100, 967, 655, 582, 606, 967, 563, 1139, 790, 763, 923, 449, 1068, 1139, 860, 944]","[46, 115, 51, 363, 96, 118, 230, 149, 565, 436, 384, 377, 305, 689, 641, 572, 600, 456]","[-4, -4, 1, 4, 1, 1, -3, 3, 4, 4, 0, -2, 2, 5, 5, 1, 3, 2]","[-4, -4, -5, -3, -5, -5, -4, -4, -3, -4, -5, -5, -5, -3, -2, -5, -4, -5]"
201,75.38,6,False,1127,208,-9,0,[],[],[],[],"[571, 889, 1158, 439, 879]","[685, 622, 628, 696, 600]","[460, 81, 35, -114, 99]","[-7, 39, -1, 40, 20]","[228, 1047, 617, 546, 1027, 643, 1219, 799, 723, 963, 549, 1168, 1159, 920, 984, 590, 957, 1189, 527, 923]","[35, 303, 18, 150, 69, 505, 356, 284, 277, 205, 629, 600, 472, 520, 356, 715, 641, 644, 699, 595]","[-4, 4, 2, -3, 3, 4, 4, 1, -2, 2, 5, 5, 1, 3, 2, 5, 5, -2, 4, 2]","[-4, -3, -5, -4, -4, -3, -4, -5, -5, -5, -3, -3, -5, -4, -5, -2, -2, -5, -4, -5]"
202,75.71,4,False,965,252,-9,0,[],[],[],[],"[751, 909, 1149, 401, 899]","[679, 637, 628, 707, 606]","[499, 73, -25, -34, 99]","[13, 79, 39, 60, 60]","[486, 723, 1299, 819, 693, 1003, 649, 1268, 1179, 980, 690, 1057, 1149, 607, 963]","[62, 445, 276, 184, 177, 105, 569, 540, 372, 440, 675, 601, 544, 619, 495]","[-3, 4, 4, 1, -1, 2, 5, 5, 1, 3, 5, 5, -2, 4, 2]","[-5, -3, -4, -5, -5, -5, -3, -3, -5, -4, -2, -2, -5, -4, -5]"
203,76.05,4,False,785,261,-9,1,[],[],[],[],"[950, 929, 1117, 399, 919]","[679, 667, 643, 727, 627]","[499, 53, -85, 65, 81]","[33, 111, 79, 80, 100]","[803, 1379, 839, 673, 1043, 749, 1366, 1199, 1040, 790, 1157, 1109, 687, 1003]","[385, 196, 84, 77, 5, 509, 480, 272, 360, 635, 561, 444, 539, 395]","[4, 4, 1, -1, 2, 5, 4, 1, 3, 5, 5, -2, 4, 2]","[-3, -4, -5, -5, -5, -3, -3, -5, -4, -2, -2, -5, -4, -5]"
204,76.38,4,False,660,346,2,9,[698],[385],[1],[5],"[1124, 930, 1055, 425, 930]","[679, 702, 663, 747, 663]","[427, -3, -168, 111, 25]","[17, 95, 71, 64, 96]","[883, 1448, 849, 1446, 1199, 1100, 890, 1257, 1069, 767, 1043, 1012, 894, 1158, 487, 896]","[325, 116, 449, 420, 172, 280, 595, 504, 344, 459, 295, 624, 654, 603, 689, 611]","[4, 3, 5, 4, 0, 3, 5, 5, -2, 4, 2, 0, -4, 0, 2, -4]","[-3, -4, -3, -3, -5, -4, -2, -3, -5, -4, -5, -5, -3, -5, -5, -4]"
205,76.71,4,False,529,398,-9,0,[718],[485],[1],[5],"[1263, 905, 963, 466, 918]","[676, 722, 683, 756, 683]","[318, -63, -241, 151, -35]","[-3, 75, 51, 28, 76]","[963, 1508, 949, 1526, 1199, 1160, 990, 1341, 1029, 847, 1083, 1012, 814, 1144, 527, 816]","[265, 36, 389, 360, 72, 195, 548, 444, 244, 379, 195, 524, 594, 503, 589, 531]","[4, 3, 5, 4, 0, 3, 5, 4, -2, 4, 2, 0, -4, -1, 2, -4]","[-3, -4, -3, -3, -5, -5, -3, -3, -5, -4, -5, -5, -3, -5, -5, -4]"
206,77.05,4,False,349,398,-9,0,[738],[585],[1],[5],"[1353, 862, 846, 526, 883]","[656, 742, 684, 750, 703]","[185, -106, -292, 183, -87]","[-23, 55, 31, -12, 56]","[1043, 1030, 1219, 1090, 1421, 989, 927, 1123, 1006, 734, 1124, 567, 736, 1330, 910, 883, 516, 904]","[205, 329, 95, 488, 384, 144, 299, 95, 424, 534, 403, 489, 468, 697, 742, 711, 759, 743]","[4, 4, 2, 5, 4, -2, 4, 2, -1, -4, -1, 2, -4, -5, -2, -5, -3, -5]","[-3, -3, -5, -3, -3, -5, -4, -5, -5, -3, -5, -5, -3, -1, -5, -1, -4, 0]"
207,77.38,4,False,169,432,-9,3,[],[],[],[],"[1389, 802, 590, 829]","[636, 747, 730, 709]","[45, -146, 203, -127]","[-29, 35, -32, 36]","[1123, 1110, 1170, 1496, 943, 1007, 979, 654, 1104, 607, 656, 1230, 870, 783, 456, 804]","[145, 269, 428, 305, 44, 219, 324, 474, 303, 389, 408, 677, 642, 691, 679, 743]","[4, 4, 4, 3, -3, 4, -2, -4, -1, 2, -4, -5, -2, -5, -3, -5]","[-3, -3, -3, -4, -5, -4, -5, -3, -5, -5, -3, -1, -5, -1, -4, 0]"
208,77.71,4,False,85,444,7,-6,[],[],[],[],"[1368, 725, 670, 762]","[616, 747, 708, 709]","[-95, -167, 206, -157]","[-29, 15, -52, 16]","[1203, 1190, 1250, 1549, 1068, 929, 565, 1069, 647, 576, 1130, 819, 683, 396, 704]","[85, 209, 367, 215, 139, 230, 414, 203, 289, 348, 657, 542, 671, 599, 739]","[4, 4, 4, 2, 3, -3, -5, -2, 2, -4, -5, -3, -5, -3, -5]","[-3, -3, -4, -5, -4, -4, -3, -5, -5, -3, -1, -5, -1, -4, -1]"
209,78.05,4,False,206,367,0,0,[],[],[],[],"[1298, 652, 750, 692, 752]","[600, 747, 683, 709, 803]","[-199, -138, 230, -139, 18]","[7, 31, -36, 32, 0]","[1283, 1270, 1327, 1566, 1128, 857, 465, 1029, 679, 496, 1030, 759, 583, 336, 604, 1313, 658, 657, 695, 697]","[21, 149, 287, 115, 59, 150, 361, 103, 189, 288, 637, 445, 651, 519, 719, 657, 782, 695, 708, 784]","[4, 4, 3, 0, 3, -4, -5, -2, 1, -4, -5, -3, -5, -3, -5, -5, -5, -4, -5, -5]","[-4, -3, -4, -5, -4, -4, -2, -5, -5, -3, -1, -4, -1, -4, -1, 0, 0, -3, -2, -3]"
210,78.38,4,False,97,473,-1,9,[],[],[],[],"[1190, 594, 830, 633, 752]","[600, 749, 663, 712, 803]","[-278, -96, 243, -99, 38]","[47, 51, -16, 52, 0]","[1350, 1386, 1545, 775, 365, 978, 699, 416, 930, 699, 483, 276, 504, 1213, 558, 577, 595, 597]","[81, 202, 15, 90, 321, 3, 89, 228, 617, 365, 631, 439, 699, 657, 782, 635, 668, 724]","[4, 2, -3, -5, -5, -3, 1, -4, -5, -3, -5, -3, -5, -5, -5, -4, -5, -5]","[-4, -5, -5, -3, -2, -5, -5, -3, -1, -4, -1, -4, -1, 0, 0, -3, -2, -3]"
211,78.71,4,False,214,491,7,-6,[],[],[],[],"[1057, 559, 910, 593, 761]","[619, 769, 649, 732, 803]","[-332, -36, 241, -56, 58]","[87, 53, 11, 72, 0]","[1430, 1420, 675, 265, 326, 830, 639, 383, 196, 404, 1113, 458, 497, 495, 497, 1106, 583, 884, 614, 749]","[1, 102, 46, 281, 168, 597, 285, 611, 359, 679, 657, 782, 575, 628, 664, 652, 777, 684, 764, 822]","[4, 1, -5, -5, -5, -5, -3, -5, -4, -5, -5, -5, -4, -5, -5, -5, -4, -5, -5, -5]","[-4, -5, -2, -2, -3, -1, -4, -1, -4, -1, 0, 0, -3, -2, -3, 0, -4, -1, -1, -2]"
212,79.05,4,False,363,380,8,-5,[],[],[],[],"[906, 548, 990, 574, 781]","[653, 789, 650, 752, 803]","[-361, 24, 221, 4, 78]","[126, 53, 51, 91, 0]","[1424, 575, 165, 226, 730, 579, 283, 116, 304, 1013, 358, 417, 395, 397, 1006, 503, 784, 514, 649]","[2, 19, 241, 108, 577, 205, 591, 279, 659, 657, 782, 515, 588, 604, 652, 697, 664, 744, 782]","[0, -5, -5, -5, -5, -3, -5, -4, -5, -5, -5, -4, -5, -5, -5, -4, -5, -5, -5]","[-5, -1, -2, -3, -1, -4, -1, -4, -1, 0, 0, -3, -2, -3, 0, -4, -1, -1, -2]"
213,79.38,4,False,539,331,9,-1,[],[],[],[],"[746, 560, 1062, 579, 801]","[693, 802, 670, 772, 803]","[-356, 84, 184, 64, 98]","[146, 53, 72, 91, 0]","[475, 65, 126, 630, 519, 183, 45, 204, 913, 258, 337, 295, 297, 906, 423, 684, 414, 549]","[1, 201, 48, 557, 125, 571, 199, 639, 657, 782, 455, 548, 544, 652, 617, 644, 724, 742]","[-5, -5, -5, -5, -3, -5, -3, -5, -5, -5, -4, -5, -5, -5, -4, -5, -5, -5]","[0, -2, -3, -1, -4, -1, -4, -1, 0, 0, -3, -2, -3, 0, -4, -1, -1, -2]"
214,79.71,4,False,668,440,5,8,[],[],[],[],"[586, 589, 1111, 599, 821]","[733, 802, 690, 792, 785]","[-357, 108, 103, 88, 62]","[130, 17, 56, 55, -36]","[375, 26, 530, 459, 83, 104, 813, 158, 257, 195, 200, 806, 347, 584, 314, 449, 710, 612, 1025, 631, 799]","[1, 8, 537, 45, 551, 619, 657, 773, 395, 508, 484, 652, 537, 624, 695, 702, 669, 761, 663, 734, 779]","[-5, -5, -5, -3, -5, -5, -5, -5, -4, -5, -4, -5, -3, -5, -5, -5, -3, 0, -5, 0, -3]","[0, -2, -1, -4, -1, -1, 0, -1, -3, -2, -3, 0, -4, -1, -2, -2, -4, -5, -3, -5, -4]"
215,80.05,4,False,744,440,4,-9,[758],[601],[2],[5],"[440, 629, 1121, 619, 827]","[772, 790, 696, 794, 752]","[-329, 114, 3, 90, 22]","[99, -23, 36, 15, -76]","[275, 430, 4, 713, 58, 177, 95, 120, 706, 287, 484, 214, 349, 650, 612, 925, 631, 739]","[1, 517, 599, 657, 753, 335, 468, 424, 652, 457, 604, 655, 662, 576, 661, 603, 634, 699]","[-5, -5, -5, -5, -5, -4, -5, -4, -5, -3, -5, -5, -5, -3, 0, -5, 0, -3]","[0, -1, -1, 0, -1, -3, -2, -3, 0, -4, -1, -2, -2, -5, -5, -3, -5, -4]"
216,80.38,4,False,840,279,7,-6,[798],[701],[2],[5],"[309, 669, 1091, 639, 818]","[792, 763, 696, 781, 712]","[-275, 114, -93, 90, -18]","[59, -63, 16, -25, -97]","[175, 330, 613, 97, 40, 606, 227, 384, 114, 249, 590, 612, 825, 631, 679, 407, 718, 1108, 681, 863]","[17, 497, 657, 275, 364, 652, 377, 584, 615, 622, 476, 561, 543, 534, 619, 785, 784, 699, 797, 732]","[-5, -5, -5, -4, -4, -5, -3, -5, -5, -5, -3, 0, -5, 0, -3, 2, 2, -4, 0, -1]","[1, -1, 0, -3, -3, 0, -4, -1, -2, -2, -5, -5, -3, -5, -4, -5, -5, -4, -5, -5]"
217,80.71,4,False,980,159,7,-6,[],[],[],[],"[204, 709, 1026, 659]","[796, 723, 692, 753]","[-197, 110, -173, 90]","[19, -90, -4, -65]","[81, 230, 513, 17, 506, 167, 284, 14, 153, 536, 612, 745, 632, 619, 447, 758, 1028, 681, 843]","[65, 477, 638, 207, 652, 297, 564, 573, 565, 376, 461, 483, 434, 539, 685, 684, 619, 697, 632]","[-4, -5, -5, -4, -5, -3, -5, -5, -4, -2, 0, -4, 1, -3, 2, 2, -4, 0, -1]","[3, -1, -1, -4, 0, -4, -1, -3, -3, -5, -5, -3, -5, -4, -5, -5, -4, -5, -5]"
218,81.05,4,False,1153,176,7,6,[],[],[],[],"[136, 739, 932, 679]","[785, 673, 672, 713]","[-98, 90, -240, 90]","[-21, -110, -24, -87]","[35, 130, 413, 406, 112, 184, 73, 496, 612, 665, 652, 559, 490, 798, 948, 681, 823]","[153, 441, 618, 652, 200, 544, 505, 276, 361, 423, 334, 459, 585, 584, 539, 597, 532]","[0, -5, -5, -5, -2, -5, -4, -2, 0, -4, 1, -3, 3, 2, -4, 0, -1]","[5, -2, -1, 0, -5, -1, -3, -5, -5, -3, -5, -4, -5, -5, -4, -5, -5]"
219,81.38,4,False,1153,339,-6,7,[],[],[],[],"[115, 766, 818, 713, 1272]","[765, 623, 652, 673, 782]","[38, 106, -251, 120, -72]","[-25, -82, -8, -71, 0]","[85, 30, 313, 306, 72, 84, 456, 616, 585, 672, 499, 550, 838, 868, 681, 803, 267, 816, 976, 818, 1330]","[240, 401, 598, 652, 100, 507, 176, 261, 363, 234, 363, 485, 484, 459, 497, 432, 793, 618, 620, 717, 727]","[4, -5, -5, -5, -2, -5, -2, 1, -4, 1, -3, 3, 2, -4, 0, -1, 5, 2, 1, 5, 0]","[3, -2, -1, 0, -5, -2, -5, -5, -3, -5, -5, -5, -5, -4, -5, -5, -2, -5, -5, -2, -5]"
220,81.71,4,False,1185,336,7,-7,[1122],[484],[-3],[4],"[151, 806, 715, 753, 1218]","[745, 600, 648, 637, 782]","[178, 124, -234, 140, -152]","[-20, -42, 30, -43, 0]","[177, 213, 206, 427, 636, 505, 692, 452, 610, 878, 788, 681, 799, 367, 856, 996, 918, 1330]","[292, 578, 652, 76, 161, 303, 134, 263, 400, 384, 379, 397, 332, 753, 518, 520, 677, 627]","[5, -5, -5, -1, 1, -4, 1, -2, 3, 2, -4, 0, 0, 5, 2, 1, 5, 0]","[2, -1, 0, -5, -5, -3, -5, -5, -4, -5, -4, -5, -5, -2, -5, -5, -2, -5]"
221,82.05,4,False,1302,193,5,-7,[1051],[564],[-4],[4],"[240, 846, 617, 804, 1132]","[726, 600, 659, 617, 782]","[311, 124, -197, 159, -217]","[0, -2, 62, -3, 0]","[277, 113, 106, 669, 425, 716, 412, 670, 918, 720, 681, 799, 467, 896, 1016, 1018, 1330, 284, 919, 731, 843, 1201]","[327, 558, 652, 61, 241, 34, 163, 320, 284, 299, 297, 232, 713, 418, 420, 637, 527, 757, 639, 669, 628, 777]","[5, -5, -5, 2, -4, 2, -2, 3, 2, -3, 0, 0, 5, 2, 1, 5, 0, 5, 5, 5, 2, 0]","[1, -1, 0, -5, -4, -5, -5, -4, -5, -4, -5, -5, -2, -5, -5, -2, -5, -2, -1, -3, -5, -5]"
222,82.38,4,False,1330,150,0,0,[971],[644],[-4],[4],"[379, 886, 540, 864, 1025]","[726, 600, 679, 616, 782]","[421, 124, -142, 159, -264]","[20, 38, 82, 37, 0]","[377, 13, 6, 345, 373, 730, 959, 660, 693, 799, 567, 936, 1036, 1118, 1330, 384, 1019, 831, 883, 1201]","[347, 532, 650, 161, 63, 240, 184, 219, 197, 132, 673, 318, 320, 597, 427, 717, 619, 609, 528, 677]","[5, -5, -5, -4, -1, 3, 3, -3, 1, 0, 5, 2, 1, 5, 0, 5, 5, 5, 2, 0]","[1, -2, -1, -4, -5, -4, -5, -4, -5, -5, -2, -5, -5, -2, -5, -2, -1, -3, -5, -5]"
223,82.71,4,False,1332,256,-2,9,[891],[724],[-4],[4],"[553, 926, 487, 924, 905]","[726, 615, 702, 630, 782]","[499, 112, -76, 152, -289]","[40, 78, 102, 77, 0]","[477, 275, 795, 1019, 600, 713, 799, 667, 976, 1056, 1218, 1330, 484, 1119, 931, 923, 1201]","[355, 81, 160, 84, 139, 97, 32, 633, 218, 220, 557, 327, 677, 599, 549, 428, 577]","[5, -3, 4, 3, -3, 1, 0, 5, 2, 1, 5, 0, 5, 5, 5, 2, 0]","[0, -4, -4, -5, -4, -5, -5, -2, -5, -5, -2, -5, -2, -1, -3, -5, -5]"
224,83.05,3,False,1422,355,-3,9,[],[],[],[],"[753, 951, 457, 964]","[726, 635, 728, 650]","[503, 56, -32, 96]","[24, 82, 86, 81]","[577, 215, 875, 540, 767, 1016, 1090, 1318, 584, 1219, 1031, 963, 1201, 672, 1033, 620, 1051, 1017]","[355, 1, 80, 49, 593, 118, 120, 517, 637, 566, 489, 328, 477, 689, 580, 721, 608, 792]","[5, -3, 4, -3, 5, 2, 2, 5, 5, 5, 5, 2, 0, 3, 3, 5, 4, 5]","[0, -4, -4, -5, -2, -5, -5, -2, -2, -2, -3, -5, -5, -4, -4, -2, -4, -2]"
225,83.38,3,False,1244,329,-9,-2,[],[],[],[],"[936, 951, 442, 979]","[726, 655, 748, 670]","[465, -4, 8, 36]","[4, 78, 66, 62]","[677, 955, 867, 1056, 1130, 1418, 684, 1319, 1131, 1003, 1201, 732, 1093, 720, 1131, 1117]","[355, 5, 553, 18, 20, 477, 597, 526, 429, 228, 377, 609, 500, 681, 528, 752]","[5, 4, 5, 2, 2, 5, 5, 5, 5, 2, 0, 3, 3, 5, 4, 5]","[0, -3, -2, -5, -5, -2, -2, -2, -3, -5, -5, -4, -4, -2, -4, -2]"
226,83.71,2,False,1064,325,-9,0,[],[],[],[],"[1099, 926, 442, 971, 694]","[710, 675, 757, 682, 727]","[393, -64, 48, -24, 0]","[-16, 58, 29, 42, -8]","[777, 967, 1518, 784, 1419, 1231, 1043, 792, 1153, 820, 1211, 1217, 1084, 1027, 517, 1021, 745]","[355, 513, 421, 557, 486, 369, 128, 529, 420, 641, 448, 712, 716, 701, 776, 677, 729]","[5, 5, 5, 5, 5, 5, 2, 3, 3, 5, 4, 5, 0, 5, 5, 1, 2]","[0, -2, -3, -2, -2, -3, -5, -4, -4, -2, -4, -2, -5, -2, -2, -5, -5]"
227,84.05,2,False,916,222,-7,-7,[],[],[],[],"[1225, 878, 462, 939, 694]","[690, 683, 751, 682, 707]","[290, -117, 88, -84, 0]","[-36, 38, -11, 22, -28]","[877, 1067, 884, 1519, 1331, 1083, 852, 1213, 920, 1291, 1317, 1084, 1127, 617, 1041, 785]","[355, 473, 517, 446, 309, 28, 449, 338, 601, 368, 672, 616, 655, 736, 577, 629]","[5, 5, 5, 5, 5, 2, 3, 3, 5, 4, 5, 0, 5, 5, 1, 2]","[0, -2, -2, -2, -3, -5, -4, -5, -2, -4, -2, -5, -3, -2, -5, -5]"
228,84.38,2,False,744,206,-9,3,[],[],[],[],"[1306, 814, 497, 884, 694]","[664, 683, 731, 682, 687]","[169, -157, 128, -139, 0]","[-56, 18, -32, 2, -48]","[977, 1167, 984, 1423, 912, 1273, 1020, 1371, 1417, 1084, 1215, 717, 1050, 825]","[355, 433, 477, 249, 369, 238, 561, 288, 632, 516, 595, 676, 477, 529]","[5, 5, 5, 4, 3, 3, 5, 4, 5, 0, 4, 5, 0, 2]","[0, -2, -2, -3, -4, -5, -2, -4, -2, -5, -3, -3, -5, -5]"
229,84.71,2,False,692,360,-9,3,[743],[375],[0],[5],"[1342, 740, 550, 824, 694]","[636, 683, 711, 682, 667]","[65, -145, 186, -143, 36]","[-27, 34, -16, 18, -32]","[1077, 1267, 1084, 1503, 972, 1322, 1120, 1451, 1517, 1084, 1295, 817, 1050, 865, 1273, 855, 568, 910, 765]","[355, 393, 437, 189, 289, 138, 521, 208, 592, 416, 535, 616, 377, 429, 688, 628, 685, 627, 629]","[5, 5, 5, 4, 3, 2, 5, 4, 5, 0, 4, 5, 0, 2, -5, 1, 1, 0, 2]","[0, -2, -2, -3, -4, -5, -2, -4, -2, -5, -3, -3, -5, -5, -1, -5, -5, -5, -5]"
230,85.05,2,False,512,334,-9,-2,[743],[475],[0],[5],"[1338, 680, 626, 764, 708]","[623, 688, 696, 682, 647]","[-35, -119, 240, -131, 69]","[13, 54, 4, 38, -9]","[1177, 1367, 1184, 1583, 1032, 1362, 1220, 1517, 1084, 1372, 917, 1050, 905, 1173, 875, 588, 910, 805]","[355, 341, 397, 129, 209, 38, 468, 128, 316, 455, 556, 277, 329, 668, 528, 585, 527, 529]","[5, 5, 5, 4, 3, 2, 5, 3, 0, 3, 5, 0, 2, -5, 1, 1, 0, 2]","[0, -3, -2, -3, -4, -5, -3, -4, -5, -4, -3, -5, -5, -1, -5, -5, -5, -5]"
231,85.38,2,False,332,327,-9,0,[743],[575],[0],[5],"[1294, 631, 722, 704, 728]","[625, 708, 696, 691, 643]","[-133, -79, 276, -111, 89]","[53, 74, 24, 58, 31]","[1277, 1467, 1284, 1092, 1320, 1577, 1084, 1430, 1000, 1050, 945, 1073, 895, 608, 910, 845, 1310, 695, 686, 737, 740]","[355, 281, 357, 125, 408, 48, 216, 369, 496, 177, 229, 648, 428, 485, 427, 429, 642, 708, 707, 704, 638]","[5, 5, 5, 3, 5, 3, 0, 2, 4, 0, 2, -5, 1, 1, 0, 2, -5, 0, -4, -4, -2]","[0, -3, -2, -5, -3, -4, -5, -5, -3, -5, -5, -1, -5, -5, -5, -5, -2, -5, -3, -3, -5]"
232,85.71,2,False,250,435,0,0,[743],[675],[0],[5],"[1214, 597, 822, 658, 758]","[645, 728, 696, 711, 654]","[-213, -36, 292, -73, 109]","[93, 94, 44, 78, 68]","[1377, 1551, 1384, 1152, 1404, 1079, 1462, 1080, 1050, 968, 973, 899, 623, 910, 885, 1210, 695, 606, 657, 700]","[355, 221, 303, 25, 348, 116, 269, 436, 77, 129, 628, 328, 385, 327, 329, 619, 608, 647, 644, 538]","[5, 4, 5, 3, 4, -1, 1, 4, 0, 1, -5, 0, 0, 0, 2, -5, 0, -4, -4, -2]","[0, -3, -3, -5, -3, -5, -5, -3, -5, -5, -1, -5, -5, -5, -5, -1, -5, -3, -3, -5]"
233,86.05,2,False,312,446,9,0,[743],[775],[0],[5],"[1105, 586, 922, 627, 798]","[682, 763, 711, 731, 674]","[-276, 24, 288, -33, 129]","[118, 108, 64, 98, 88]","[1477, 1477, 1484, 1059, 1462, 1160, 987, 873, 899, 623, 910, 923, 1110, 691, 526, 577, 654]","[380, 243, 288, 16, 169, 376, 29, 608, 228, 285, 227, 229, 599, 508, 587, 584, 438]","[5, 4, 4, -1, -1, 4, 0, -5, 0, 0, 0, 1, -5, -1, -4, -4, -3]","[2, -3, -3, -5, -5, -3, -5, -1, -5, -5, -5, -5, -1, -5, -3, -3, -5]"
234,86.38,2,False,310,282,-2,-9,[743],[875],[0],[5],"[971, 586, 1016, 607, 835]","[722, 789, 729, 752, 694]","[-349, 48, 229, -29, 95]","[102, 72, 48, 81, 72]","[1496, 1557, 1564, 1425, 1240, 773, 899, 623, 898, 943, 1010, 671, 446, 497, 594, 1041, 567, 888, 673, 779]","[461, 183, 228, 71, 316, 588, 128, 185, 127, 129, 579, 408, 527, 524, 338, 714, 714, 755, 694, 670]","[-4, 4, 4, -3, 4, -5, 0, 0, -1, 1, -5, -1, -4, -4, -3, -5, -3, -5, 0, -4]","[3, -3, -3, -4, -3, -1, -5, -5, -5, -5, -1, -5, -3, -3, -5, -1, -5, 0, -5, -3]"
235,86.71,2,False,392,350,8,5,[],[],[],[],"[811, 605, 1082, 587, 855]","[744, 800, 729, 767, 714]","[-398, 64, 149, -16, 55]","[82, 32, 28, 41, 52]","[1398, 1320, 673, 899, 623, 878, 963, 910, 638, 366, 417, 534, 941, 507, 788, 673, 699]","[484, 238, 568, 28, 85, 27, 29, 559, 308, 467, 464, 238, 694, 614, 755, 594, 610]","[-5, 4, -5, 0, 0, -1, 1, -5, -2, -4, -4, -3, -5, -3, -5, 0, -4]","[0, -4, -1, -5, -5, -5, -5, -1, -5, -3, -3, -5, -1, -5, 0, -5, -3]"
236,87.05,2,False,566,346,8,-5,[],[],[],[],"[632, 625, 1113, 572, 857]","[763, 796, 729, 767, 716]","[-413, 64, 59, 4, 15]","[49, -8, 8, 1, 32]","[1298, 1400, 573, 810, 598, 286, 337, 474, 841, 460, 688, 673, 619, 702, 653, 1109, 625, 852]","[484, 158, 548, 539, 208, 407, 404, 138, 674, 514, 755, 494, 550, 764, 795, 732, 762, 727]","[-5, 4, -5, -5, -2, -4, -4, -3, -5, -2, -5, 0, -4, -4, 0, -4, 2, -5]","[0, -4, -1, -1, -5, -3, -3, -5, -1, -5, 0, -5, -3, -4, -5, -4, -5, -3]"
237,87.38,2,False,739,269,9,-3,[],[],[],[],"[457, 645, 1105, 572, 844]","[763, 776, 717, 747, 716]","[-392, 64, -41, 24, -25]","[9, -48, -12, -36, 12]","[1198, 1461, 473, 710, 558, 206, 257, 414, 741, 420, 588, 673, 539, 622, 653, 1029, 665, 752]","[484, 78, 528, 519, 108, 347, 344, 38, 654, 414, 755, 394, 490, 684, 695, 652, 662, 667]","[-5, 3, -5, -5, -2, -4, -4, -3, -5, -2, -5, 0, -4, -4, 0, -4, 2, -5]","[0, -4, -1, -1, -5, -3, -3, -5, -1, -5, 0, -5, -3, -4, -5, -4, -5, -3]"
238,87.71,2,False,797,367,-2,9,[837],[398],[-1],[5],"[301, 665, 1060, 572, 816]","[747, 737, 697, 721, 708]","[-340, 64, -124, 44, -65]","[-28, -82, -32, -56, -8]","[1098, 373, 610, 518, 126, 177, 641, 390, 488, 673, 459, 547, 653, 949, 705, 655]","[484, 508, 483, 8, 287, 268, 634, 314, 735, 294, 430, 604, 595, 572, 562, 607]","[-5, -5, -5, -2, -4, -4, -5, -1, -5, 0, -4, -3, 0, -4, 2, -4]","[0, -1, -2, -5, -3, -4, -1, -5, -1, -5, -3, -4, -5, -4, -5, -3]"
239,88.05,2,False,867,331,6,-7,[817],[498],[-1],[5],"[179, 686, 991, 590, 776]","[727, 697, 677, 692, 697]","[-221, 100, -166, 100, -57]","[-12, -66, -16, -40, 8]","[998, 273, 510, 46, 100, 541, 376, 388, 673, 379, 487, 664, 869, 745, 575, 392, 696, 1077, 661, 795]","[484, 488, 443, 227, 188, 614, 214, 715, 194, 370, 524, 495, 492, 462, 547, 712, 687, 648, 660, 680]","[-5, -5, -5, -4, -3, -5, 0, -5, 0, -4, -3, 1, -4, 2, -4, 4, -1, -1, 3, -3]","[0, -1, -2, -3, -4, -1, -5, -1, -5, -3, -4, -5, -4, -5, -3, -4, -5, -5, -5, -4]"
240,88.38,2,False,1010,215,8,-4,[797],[598],[-1],[5],"[110, 726, 911, 630, 750]","[716, 662, 662, 672, 697]","[-81, 128, -186, 146, -37]","[8, -46, 4, -20, 28]","[898, 173, 410, 40, 441, 376, 288, 673, 299, 427, 684, 789, 785, 495, 472, 676, 1057, 721, 735]","[484, 454, 403, 108, 588, 114, 695, 94, 309, 443, 395, 412, 362, 487, 632, 587, 548, 560, 600]","[-5, -5, -5, -3, -5, 0, -5, 0, -4, -3, 1, -4, 2, -4, 4, -1, -1, 3, -3]","[0, -2, -2, -4, -2, -5, -1, -5, -4, -5, -5, -4, -5, -3, -4, -5, -5, -5, -4]"
241,88.71,2,False,1190,206,9,3,[],[],[],[],"[99, 831, 689, 730, 1070]","[716, 662, 653, 697, 683]","[73, -189, 186, -17, -16]","[28, 24, 0, 48, 8]","[798, 73, 310, 341, 401, 188, 219, 378, 704, 709, 825, 415, 552, 656, 1037, 781, 675, 171, 926, 736, 796, 1112]","[468, 414, 363, 548, 14, 662, 229, 343, 295, 332, 262, 427, 552, 487, 448, 462, 520, 743, 665, 671, 692, 678]","[-5, -5, -5, -5, 2, -5, -4, -2, 1, -4, 2, -4, 4, -1, -1, 3, -3, 5, 4, 3, 3, 0]","[-1, -2, -2, -2, -5, -2, -4, -5, -5, -4, -5, -3, -4, -5, -5, -4, -4, -1, -4, -4, -5, -5]"
242,89.05,2,False,1368,285,8,5,[],[],[],[],"[149, 751, 760, 714, 1047]","[716, 662, 653, 716, 683]","[215, -177, 210, 3, -56]","[48, 44, 20, 68, 28]","[698, 210, 241, 88, 147, 345, 724, 636, 865, 335, 632, 645, 1017, 841, 616, 271, 1006, 796, 856, 1112]","[438, 323, 508, 622, 149, 243, 195, 252, 162, 355, 472, 387, 348, 382, 426, 723, 585, 591, 592, 578]","[-5, -5, -5, -5, -3, -1, 1, -3, 2, -4, 4, 0, -1, 3, -2, 5, 4, 3, 3, 0]","[-2, -2, -2, -2, -4, -5, -5, -4, -5, -4, -4, -5, -5, -4, -5, -1, -4, -4, -5, -5]"
243,89.38,2,False,1321,432,-7,6,[1372],[478],[-4],[3],"[253, 672, 840, 714, 1007]","[735, 677, 653, 736, 683]","[347, -150, 221, 23, -96]","[68, 64, 40, 88, 48]","[608, 110, 141, 1, 87, 336, 763, 576, 913, 262, 712, 645, 1013, 901, 576, 371, 1086, 861, 916, 1112]","[386, 283, 468, 562, 69, 143, 95, 172, 62, 275, 392, 287, 248, 302, 326, 703, 505, 511, 511, 478]","[-4, -5, -5, -4, -3, 0, 2, -3, 3, -3, 4, 0, 0, 3, -2, 5, 4, 4, 3, 0]","[-3, -2, -2, -3, -4, -5, -5, -4, -5, -4, -4, -5, -5, -4, -5, -1, -4, -4, -4, -5]"
244,89.71,2,False,1338,361,3,-9,[1292],[538],[-4],[3],"[400, 612, 912, 714, 947]","[754, 695, 653, 756, 684]","[418, -146, 182, 7, -155]","[48, 48, 24, 67, 32]","[10, 41, 340, 516, 202, 792, 645, 1013, 961, 541, 471, 1166, 941, 976, 1112, 404, 797, 977, 803, 1125]","[239, 420, 43, 92, 195, 329, 187, 148, 222, 226, 683, 425, 431, 431, 378, 778, 724, 688, 702, 722]","[-5, -5, 1, -3, -3, 4, 0, 0, 3, -1, 5, 4, 4, 3, 0, 5, 5, 5, 3, 5]","[-3, -3, -5, -4, -4, -3, -5, -5, -4, -5, -1, -4, -4, -4, -5, 0, 0, 0, -4, 0]"
245,90.04,2,False,1398,181,3,-9,[1212],[598],[-4],[3],"[563, 552, 962, 701, 863]","[754, 695, 653, 764, 684]","[452, -130, 122, -13, -207]","[8, 28, 4, 27, 12]","[456, 153, 872, 645, 1013, 1021, 521, 571, 1246, 1021, 1036, 1112, 504, 897, 1077, 863, 1225]","[10, 97, 269, 87, 48, 142, 126, 663, 345, 351, 351, 278, 778, 724, 688, 622, 722]","[-3, -2, 4, 0, 0, 3, -1, 5, 4, 4, 3, 0, 5, 5, 5, 3, 5]","[-5, -5, -3, -5, -5, -4, -5, -1, -4, -4, -4, -5, 0, 0, 0, -4, 0]"
246,90.39,2,False,1434,251,0,9,[1132],[658],[-4],[3],"[743, 492, 989, 681, 763]","[738, 695, 637, 757, 676]","[453, -108, 62, -14, -240]","[-20, 8, -3, -13, -8]","[952, 1091, 521, 671, 1326, 1101, 1096, 1112, 604, 997, 1177, 923, 1325, 759, 588, 1063, 763, 863]","[209, 62, 26, 643, 265, 271, 271, 178, 778, 724, 688, 542, 722, 760, 722, 661, 783, 692]","[4, 4, 0, 5, 4, 4, 3, 0, 5, 5, 5, 3, 5, 5, 5, 4, 5, 3]","[-3, -4, -5, -1, -4, -4, -4, -5, 0, 0, 0, -4, 0, -3, -1, -4, -2, -4]"
247,90.73,2,False,1279,284,-9,-2,[1052],[718],[-4],[3],"[906, 449, 993, 661, 653]","[718, 683, 617, 737, 656]","[420, -68, 2, -14, -253]","[-40, -12, -3, -40, -28]","[1032, 771, 1406, 1181, 1156, 1112, 704, 1097, 1277, 983, 1425, 859, 688, 1143, 863, 923]","[149, 623, 185, 191, 191, 78, 778, 724, 688, 462, 722, 700, 702, 581, 743, 612]","[4, 5, 4, 4, 3, 0, 5, 5, 5, 3, 5, 5, 5, 4, 5, 3]","[-3, -1, -4, -4, -4, -5, 0, 0, 0, -4, 0, -3, -1, -4, -2, -4]"
248,91.06,2,False,1099,244,-9,-2,[],[],[],[],"[421, 970, 641, 542]","[663, 600, 707, 636]","[-28, -58, -14, -242]","[-32, -3, -60, -34]","[1112, 871, 1486, 1261, 1216, 804, 1197, 1377, 1043, 1525, 959, 788, 1223, 963, 983]","[89, 603, 105, 111, 111, 778, 724, 688, 382, 721, 640, 682, 501, 703, 532]","[4, 5, 4, 4, 3, 5, 5, 5, 3, 5, 5, 5, 4, 5, 3]","[-3, -1, -4, -4, -4, 0, 0, 0, -4, -1, -3, -1, -4, -2, -4]"
249,91.41,2,False,919,229,-9,0,[],[],[],[],"[414, 930, 633, 449, 473]","[643, 600, 674, 618, 748]","[48, -82, 22, -175, 72]","[-9, 33, -44, 2, 18]","[1192, 971, 1566, 1341, 1276, 904, 1297, 1477, 1103, 1046, 888, 1303, 1063, 1043, 521, 1029, 756, 658, 592]","[29, 569, 25, 31, 31, 778, 706, 688, 302, 580, 662, 421, 663, 452, 637, 557, 693, 638, 747]","[4, 5, 4, 4, 3, 5, 5, 5, 3, 4, 5, 4, 5, 3, 3, 1, 4, 5, 5]","[-3, -2, -4, -4, -4, 0, -1, 0, -4, -3, -1, -4, -2, -4, -4, -5, -3, -2, -2]"
250,91.74,2,False,781,312,-3,9,[823],[361],[-2],[5],"[442, 890, 640, 386, 507]","[639, 612, 654, 618, 748]","[128, -97, 62, -90, 149]","[31, 73, -24, 42, 38]","[1071, 1004, 1397, 1577, 1163, 1126, 988, 1383, 1163, 1103, 581, 1049, 836, 758, 692]","[529, 778, 686, 688, 222, 520, 642, 341, 623, 372, 557, 457, 633, 598, 707]","[5, 5, 5, 5, 3, 4, 5, 4, 5, 3, 3, 1, 4, 5, 5]","[-2, 0, -1, 0, -4, -3, -1, -4, -2, -4, -4, -5, -3, -2, -2]"
251,92.08,2,False,645,415,-9,2,[783],[461],[-2],[5],"[500, 850, 662, 362, 571]","[650, 639, 641, 635, 757]","[208, -97, 102, 10, 209]","[71, 113, 12, 82, 52]","[1171, 1104, 1497, 1223, 1206, 1088, 1447, 1263, 1163, 641, 1069, 916, 858, 792, 541, 887, 742, 439, 590]","[489, 771, 666, 142, 460, 608, 261, 573, 292, 477, 357, 573, 558, 667, 721, 640, 674, 637, 754]","[5, 5, 5, 3, 4, 5, 3, 5, 3, 3, 1, 4, 5, 5, 3, -3, 5, 3, 0]","[-2, -1, -1, -4, -3, -2, -4, -3, -4, -4, -5, -3, -2, -2, 4, -4, -2, -5, -5]"
252,92.41,1,False,465,434,-9,0,[743],[561],[-2],[5],"[587, 810, 702, 378, 655]","[670, 679, 643, 667, 777]","[269, -97, 142, 110, 257]","[92, 139, 52, 114, 52]","[1271, 1204, 1597, 1283, 1286, 1188, 1507, 1363, 1223, 1089, 996, 958, 892, 628, 827, 842, 499, 590]","[449, 751, 646, 62, 400, 568, 181, 513, 193, 257, 513, 506, 627, 764, 560, 634, 537, 654]","[5, 5, 5, 3, 4, 5, 3, 5, 3, 1, 4, 5, 5, 5, -3, 5, 3, 0]","[-2, -1, -1, -4, -3, -2, -4, -3, -5, -5, -3, -3, -2, 0, -4, -2, -5, -5]"
253,92.74,1,False,287,460,-8,5,[703],[661],[-2],[5],"[694, 770, 755, 432, 755]","[703, 729, 663, 707, 797]","[312, -82, 162, 200, 287]","[112, 159, 80, 134, 52]","[1371, 1304, 1366, 1288, 1567, 1451, 1278, 1103, 1076, 1047, 992, 682, 767, 942, 559, 590]","[409, 731, 340, 528, 101, 453, 93, 157, 453, 446, 584, 703, 480, 594, 437, 554]","[5, 5, 4, 5, 3, 4, 2, 0, 4, 4, 5, 0, -3, 5, 3, 0]","[-2, -1, -3, -2, -4, -3, -5, -5, -3, -3, -3, -5, -4, -2, -5, -5]"
254,93.08,1,False,266,532,0,0,[663],[761],[-2],[5],"[812, 730, 811, 512, 855]","[739, 779, 683, 747, 800]","[296, -98, 142, 242, 261]","[96, 131, 64, 118, 16]","[1471, 1404, 1446, 1388, 1531, 1103, 1156, 1127, 1092, 632, 687, 1042, 619, 578, 684, 722, 718, 491, 739]","[369, 711, 268, 488, 393, 57, 393, 386, 524, 617, 400, 541, 337, 454, 681, 750, 710, 670, 769]","[5, 5, 4, 5, 4, 0, 4, 4, 5, -4, -4, 5, 3, -1, -4, -5, -5, 0, -4]","[-2, -1, -4, -2, -3, -5, -3, -3, -3, -3, -4, -3, -5, -5, -4, -2, 0, -5, -4]"
255,93.41,1,False,307,418,5,-8,[623],[861],[-2],[5],"[912, 672, 851, 605, 940]","[759, 807, 697, 777, 788]","[254, -109, 102, 262, 212]","[68, 91, 44, 80, -24]","[1571, 1504, 1526, 1488, 1236, 1205, 1190, 552, 607, 1123, 679, 558, 604, 622, 618, 491, 659]","[329, 691, 188, 448, 313, 310, 464, 557, 320, 481, 237, 354, 601, 710, 710, 570, 689]","[5, 5, 4, 5, 4, 3, 4, -4, -4, 4, 3, -1, -4, -5, -5, 0, -4]","[-2, -1, -4, -2, -4, -4, -3, -3, -4, -3, -5, -5, -4, -2, 0, -5, -4]"
256,93.74,1,True,241,435,-7,7,[],[],[],[],"[991, 612, 872, 705, 1004]","[768, 812, 697, 792, 761]","[194, -109, 62, 262, 151]","[28, 51, 24, 40, -64]","[1587, 1588, 1316, 1261, 1270, 468, 527, 1203, 727, 528, 524, 522, 518, 491, 579, 960, 677, 876, 679, 1003]","[108, 408, 233, 223, 404, 497, 247, 409, 137, 254, 521, 670, 710, 470, 609, 779, 816, 700, 807, 787]","[3, 5, 4, 2, 4, -5, -4, 4, 2, -2, -4, -5, -5, 0, -4, -5, 0, -3, -4, -3]","[-4, -2, -4, -5, -3, -3, -3, -4, -5, -5, -4, -2, 0, -5, -4, -3, -5, -4, -3, -4]"
257,94.08,1,True,200,365,2,-9,[],[],[],[],"[1043, 560, 878, 797, 1036]","[762, 812, 697, 792, 721]","[118, -93, 22, 242, 71]","[-12, 11, 4, 0, -90]","[1378, 1282, 1350, 368, 447, 1259, 767, 488, 444, 422, 418, 491, 499, 860, 657, 813, 599, 943]","[153, 123, 344, 457, 187, 322, 37, 154, 452, 630, 705, 370, 529, 719, 716, 620, 747, 707]","[3, 0, 4, -5, -4, 2, 2, -2, -4, -5, -5, 0, -4, -5, -1, -4, -4, -3]","[-4, -5, -3, -2, -3, -5, -5, -5, -3, -2, -1, -5, -4, -3, -5, -4, -3, -4]"
258,94.41,1,True,322,234,7,-6,[],[],[],[],"[1064, 520, 869, 877, 1038]","[742, 793, 681, 772, 671]","[38, -73, -18, 203, -9]","[-44, -29, -16, -40, -110]","[1438, 1253, 1430, 268, 367, 1279, 430, 364, 322, 318, 487, 419, 760, 637, 733, 519, 883]","[69, 25, 277, 416, 127, 222, 63, 392, 578, 685, 270, 449, 659, 616, 540, 687, 627]","[3, -3, 4, -5, -4, 0, -3, -4, -5, -5, -1, -4, -5, -1, -4, -4, -3]","[-5, -4, -4, -3, -3, -5, -4, -3, -3, -1, -5, -4, -3, -5, -4, -3, -4]"
259,104.54,0,True,430,195,9,2,[],[],[],[],"[1064, 499, 856, 917, 1025]","[729, 780, 668, 759, 635]","[8, -37, -22, 194, -39]","[-35, -33, -7, -44, -95]","[1469, 1482, 214, 315, 1276, 391, 312, 257, 253, 367, 695, 624, 681, 467, 844, 1068, 572, 882, 887, 1024]","[4, 225, 377, 88, 157, 11, 350, 539, 672, 397, 620, 551, 488, 648, 575, 719, 782, 683, 769, 684]","[2, 4, -4, -4, -1, -3, -4, -5, -5, -4, -5, -1, -4, -4, -3, -3, 1, -3, -4, -5]","[-5, -4, -3, -3, -5, -4, -4, -3, -1, -4, -3, -5, -4, -3, -4, -5, -5, -4, -4, -2]"
260,104.67,10,False,737,286,-9,-2,[],[],[],[],[1394],[704],[-51],[-7],[],[],[],[]
261,104.96,10,False,557,231,-9,-3,[],[],[],[],[1335],[684],[-191],[-27],[],[],[],[]
262,105.26,10,False,638,299,5,8,[],[],[],[],"[1220, 1019]","[664, 646]","[-319, -28]","[-47, -3]",[],[],[],[]
263,105.56,10,False,770,428,7,7,[],[],[],[],"[1067, 987]","[644, 642]","[-384, -68]","[-27, 31]",[],[],[],[]
264,105.86,10,False,796,326,4,-9,[],[],[],[],"[895, 947, 1419]","[631, 653, 762]","[-413, -88, -42]","[13, 69, 0]",[],[],[],[]
265,106.16,10,False,941,258,8,4,[],[],[],[],"[715, 899, 1368]","[633, 673, 762]","[-404, -108, -152]","[53, 89, 0]",[],[],[],[]
266,106.46,10,False,923,427,-3,9,[971],[459],[-2],[6],"[553, 839, 1277, 798]","[653, 703, 762, 721]","[-361, -108, -248, 7]","[91, 109, 0, 7]",[],[],[],[]
267,106.78,10,False,877,445,0,-9,[931],[579],[-2],[6],"[413, 779, 1150, 798]","[685, 743, 762, 721]","[-289, -101, -321, 27]","[111, 129, 0, 27]",[],[],[],[]
268,107.11,10,False,955,299,9,-3,[891],[699],[-2],[6],"[302, 724, 996, 798, 600]","[722, 782, 745, 721, 775]","[-226, -115, -403, 13, 7]","[97, 99, -29, 13, -14]",[],[],[],[]
269,107.41,10,False,1135,314,9,3,[851],[819],[-2],[6],"[217, 664, 814, 791, 600]","[742, 802, 725, 714, 753]","[-147, -123, -454, -7, 27]","[77, 59, -49, -7, -54]",[],[],[],[]
270,107.72,10,False,1186,386,-4,8,[],[],[],[],"[167, 604, 614, 771, 600]","[760, 806, 686, 694, 713]","[-53, -123, -468, -27, 47]","[46, 19, -69, -27, -76]",[],[],[],[]
271,108.02,10,False,1034,485,-8,4,[1085],[530],[-6],[3],"[157, 544, 419, 751, 618]","[760, 795, 646, 674, 673]","[47, -105, -442, -47, 50]","[6, -21, -87, -47, -96]",[],[],[],[]
272,108.33,10,False,900,548,9,-1,[965],[590],[-6],[3],"[187, 500, 245, 714, 638]","[743, 769, 606, 637, 617]","[147, -85, -379, -67, 50]","[-27, -61, -87, -61, -105]",[],[],[],[]
273,108.64,10,False,1071,492,0,0,[845],[648],[-6],[2],"[262, 470, 108, 680, 658]","[723, 729, 600, 609, 600]","[266, -11, -251, -40, 84]","[-13, -57, -53, -27, -71]",[],[],[],[]
274,108.94,10,False,1125,491,0,0,[725],[688],[-6],[2],"[382, 473, 31, 661, 691]","[711, 703, 600, 600, 600]","[374, 69, -93, 0, 124]","[7, -37, -13, 13, -31]",[],[],[],[]
275,109.24,10,False,1125,491,0,0,[605],[728],[-6],[2],"[539, 506, 18, 661, 731]","[711, 683, 600, 602, 600]","[453, 147, 67, 40, 149]","[27, -17, 27, 53, 9]",[],[],[],[]
276,109.54,10,False,1185,460,4,-9,[],[],[],[],"[569, 68, 677, 791, 383]","[667, 609, 622, 600, 760]","[207, 227, 80, 169, 35]","[3, 67, 93, 49, 0]",[],[],[],[]
277,109.84,10,False,1089,492,-7,6,[],[],[],[],"[652, 181, 708, 851, 409]","[667, 633, 659, 620, 760]","[255, 374, 117, 173, 131]","[23, 107, 129, 89, 0]",[],[],[],[]
278,110.14,10,False,934,582,-9,0,[1031],[627],[-5],[4],"[752, 341, 748, 905, 463]","[667, 673, 699, 640, 743]","[251, 459, 103, 137, 177]","[9, 102, 115, 95, -27]",[],[],[],[]
279,110.44,10,False,763,525,-8,-5,[],[],[],[],"[833, 525, 771, 532]","[656, 695, 734, 723]","[223, 504, 83, 210]","[-11, 82, 95, -47]",[],[],[],[]
280,110.74,10,False,589,477,-9,-1,[],[],[],[],"[904, 725, 791, 612, 1000]","[636, 715, 754, 686, 787]","[182, 510, 63, 228, -28]","[-17, 62, 72, -67, -14]",[],[],[],[]
281,111.04,10,False,499,476,0,0,[],[],[],[],"[954, 914, 802, 692, 967]","[616, 727, 765, 646, 765]","[122, 477, 33, 228, -88]","[-17, 42, 32, -85, -54]",[],[],[],[]
282,111.36,10,False,608,587,8,5,[],[],[],[],"[981, 1083, 798, 772, 911]","[600, 727, 761, 606, 725]","[62, 407, -5, 211, -148]","[-17, 22, -8, -85, -82]",[],[],[],[]
283,111.66,10,False,473,543,-8,-4,[],[],[],[],"[987, 1221, 788, 852, 831]","[600, 727, 741, 600, 685]","[36, 341, 9, 213, -157]","[17, 36, -5, -51, -68]",[],[],[],[]
284,111.96,10,False,433,487,7,6,[],[],[],[],"[987, 1331, 788, 932, 757]","[604, 734, 737, 600, 648]","[16, 255, 29, 206, -145]","[57, 56, 15, -11, -46]",[],[],[],[]
285,112.27,10,False,541,530,0,-9,[588],[621],[4],[3],"[983, 1403, 788, 998, 697]","[624, 754, 737, 600, 628]","[-4, 155, 49, 186, -124]","[97, 73, 35, 29, -6]",[],[],[],[]
286,112.56,10,False,655,409,9,-3,[],[],[],[],"[963, 1429, 808, 1056]","[663, 774, 743, 610]","[-24, 35, 62, 147]","[131, 73, 55, 69]",[],[],[],[]
287,112.85,10,False,835,382,9,-1,[],[],[],[],"[943, 1408, 828, 1096]","[705, 794, 763, 635]","[-44, -85, 62, 107]","[151, 73, 63, 109]",[],[],[],[]
288,113.18,10,False,952,438,0,9,[],[],[],[],"[907, 1335, 837, 1112, 307]","[752, 808, 772, 675, 814]","[-98, -223, 28, 16, 51]","[137, 39, 29, 103, -35]","[915, 1391, 949, 1135, 426]","[693, 774, 761, 604, 848]","[-4, -3, 4, -1, 5]","[-4, -4, -4, -5, -1]"
289,113.51,10,False,908,463,-4,-8,[],[],[],[],"[847, 1209, 831, 1088, 331]","[790, 807, 766, 698, 770]","[-141, -350, -12, -78, 111]","[97, -1, -11, 83, -75]","[835, 1331, 1029, 1115, 526]","[613, 694, 681, 504, 828]","[-4, -3, 4, -1, 5]","[-4, -4, -4, -5, -1]"
290,113.84,10,False,771,342,-8,-4,[],[],[],[],"[771, 1038, 810, 1031, 379]","[810, 787, 746, 718, 725]","[-174, -446, -52, -158, 171]","[57, -41, -47, 63, -105]","[774, 1271, 1109, 1095, 626, 851, 1124, 838, 1060, 444]","[533, 614, 601, 404, 799, 811, 797, 773, 742, 776]","[-3, -3, 4, -1, 5, 2, -1, -4, -5, 5]","[-4, -4, -4, -5, -2, -5, -5, -4, -2, -2]"
291,114.18,10,False,594,289,-9,-1,[],[],[],[],"[691, 837, 770, 942, 449]","[813, 751, 709, 731, 665]","[-192, -504, -77, -226, 219]","[17, -81, -67, 43, -125]","[714, 1211, 1178, 1067, 726, 891, 1104, 758, 960, 544]","[453, 534, 521, 304, 759, 711, 697, 693, 695, 736]","[-3, -3, 3, -2, 5, 2, -1, -4, -5, 5]","[-4, -4, -4, -5, -2, -5, -5, -4, -3, -2]"
292,114.51,10,False,461,349,1,9,[],[],[],[],"[611, 617, 730, 830, 532]","[801, 709, 669, 731, 605]","[-192, -521, -97, -275, 252]","[-23, -102, -87, 23, -130]","[654, 1143, 1238, 1027, 826, 928, 1084, 678, 860, 644]","[373, 454, 441, 204, 719, 611, 597, 613, 635, 696]","[-3, -4, 3, -2, 5, 1, -1, -4, -5, 5]","[-4, -4, -4, -5, -2, -5, -5, -4, -3, -2]"
293,114.84,10,False,618,388,9,-1,[],[],[],[],"[535, 408, 690, 710, 633]","[781, 662, 629, 731, 600]","[-141, -460, -78, -266, 300]","[-29, -88, -63, 37, -96]","[594, 1063, 1287, 968, 926, 948, 1058, 605, 760, 744, 654, 633, 703, 763, 600]","[293, 374, 341, 116, 679, 511, 497, 533, 575, 656, 754, 655, 642, 715, 563]","[-3, -4, 2, -3, 5, 1, -2, -3, -5, 5, 1, 1, -4, -4, 0]","[-4, -4, -5, -4, -2, -5, -5, -4, -3, -2, -5, -5, -4, -3, -5]"
294,115.18,10,False,744,277,3,-9,[],[],[],[],"[482, 234, 657, 602, 753]","[761, 622, 603, 739, 600]","[-73, -353, -38, -228, 332]","[-29, -54, -23, 57, -56]","[534, 983, 1327, 902, 1026, 968, 1018, 545, 666, 844, 674, 653, 623, 683, 600]","[213, 294, 241, 36, 639, 411, 397, 453, 515, 616, 654, 555, 562, 655, 463]","[-3, -4, 2, -4, 5, 1, -2, -3, -4, 5, 1, 1, -4, -4, 0]","[-4, -4, -5, -4, -2, -5, -5, -4, -3, -2, -5, -5, -4, -3, -5]"
295,115.51,10,False,707,262,0,9,[],[],[],[],"[459, 111, 639, 513, 873]","[741, 601, 600, 759, 600]","[7, -218, 2, -169, 340]","[-20, -14, 17, 69, -16]","[474, 903, 1350, 1126, 988, 978, 485, 586, 944, 694, 673, 554, 603, 600, 533, 217, 706, 593, 877]","[133, 214, 141, 596, 311, 297, 373, 455, 576, 554, 455, 482, 595, 363, 768, 633, 613, 760, 605]","[-3, -4, 1, 5, 1, -2, -3, -4, 5, 1, 1, -3, -4, 0, 3, 5, 4, 2, 0]","[-4, -4, -5, -3, -5, -5, -4, -3, -2, -5, -5, -4, -3, -5, -4, -2, -4, -5, -5]"
296,115.84,10,False,826,366,9,0,[],[],[],[],"[469, 46, 639, 450, 993]","[722, 600, 604, 779, 600]","[87, -61, 42, -93, 325]","[0, 26, 57, 69, 24]","[414, 823, 1359, 1226, 1008, 938, 425, 506, 1044, 714, 693, 494, 523, 600, 593, 317, 786, 633, 877]","[53, 134, 41, 536, 211, 197, 283, 395, 536, 454, 355, 402, 535, 263, 688, 593, 533, 660, 505]","[-3, -4, 0, 5, 1, -2, -3, -4, 5, 1, 1, -3, -4, 0, 3, 5, 4, 2, 0]","[-4, -4, -5, -3, -5, -5, -5, -3, -2, -5, -5, -4, -3, -5, -4, -2, -4, -5, -5]"
297,116.18,10,False,954,352,-8,4,[],[],[],[],"[511, 45, 656, 420, 1106]","[722, 609, 624, 799, 608]","[164, 99, 82, -13, 286]","[20, 66, 97, 69, 64]","[743, 1313, 1028, 898, 382, 426, 1144, 734, 713, 434, 443, 600, 653, 417, 866, 673, 877]","[54, 476, 111, 97, 183, 329, 494, 354, 255, 322, 475, 163, 608, 553, 453, 560, 405]","[-4, 4, 1, -2, -2, -4, 5, 1, 1, -3, -4, 0, 3, 5, 4, 2, 0]","[-4, -3, -5, -5, -5, -4, -3, -5, -5, -4, -3, -5, -4, -2, -4, -5, -5]"
298,116.51,9,False,954,324,8,-5,[888],[467],[-5],[3],"[571, 103, 676, 417, 1192]","[722, 629, 660, 810, 628]","[190, 225, 88, 33, 192]","[6, 72, 97, 35, 70]","[1393, 1043, 353, 350, 1244, 764, 748, 374, 363, 600, 713, 517, 713, 877, 643, 185, 791, 537, 1184]","[416, 11, 83, 249, 434, 254, 155, 242, 415, 63, 528, 513, 460, 305, 723, 643, 660, 786, 568]","[4, 0, -1, -3, 5, 2, 2, -3, -4, 0, 3, 5, 2, 0, 5, 5, 5, 5, 1]","[-3, -5, -5, -4, -3, -5, -5, -4, -3, -5, -4, -2, -5, -5, -2, -1, -1, -3, -5]"
299,116.86,9,False,1114,230,8,-4,[806],[527],[-4],[3],"[642, 205, 696, 429, 1234]","[708, 649, 680, 801, 648]","[200, 325, 88, 73, 75]","[-14, 72, 77, -5, 70]","[1473, 291, 1344, 804, 788, 314, 283, 773, 617, 753, 877, 743, 285, 891, 637, 1204]","[356, 164, 374, 154, 55, 155, 339, 448, 473, 360, 205, 683, 623, 640, 726, 468]","[4, -2, 5, 2, 2, -3, -4, 3, 5, 2, 0, 5, 5, 5, 5, 1]","[-3, -5, -3, -5, -5, -5, -4, -4, -2, -5, -5, -2, -1, -1, -3, -5]"
300,117.19,9,False,1088,278,-7,6,[726],[587],[-4],[3],"[717, 340, 716, 456, 1230]","[688, 669, 700, 781, 668]","[195, 400, 73, 113, -45]","[-34, 54, 57, -45, 53]","[1553, 262, 1438, 844, 267, 207, 833, 717, 793, 877, 843, 385, 991, 737, 1224, 775, 372, 780, 519, 1285]","[296, 64, 314, 54, 55, 259, 368, 433, 260, 105, 643, 603, 612, 666, 368, 729, 696, 715, 806, 676]","[4, 0, 4, 2, -2, -3, 3, 5, 2, 0, 5, 5, 5, 5, 1, 5, 5, 3, 4, 0]","[-3, -5, -3, -5, -5, -4, -4, -2, -5, -5, -2, -1, -2, -3, -5, -1, -1, -4, -4, -5]"
301,117.53,9,False,976,383,0,0,[646],[647],[-4],[3],"[777, 500, 736, 498, 1177]","[664, 673, 707, 743, 671]","[175, 448, 53, 153, -158]","[-54, 34, 37, -82, 33]","[1518, 147, 893, 817, 853, 886, 943, 485, 1091, 837, 1228, 875, 472, 840, 599, 1285]","[254, 179, 288, 393, 160, 5, 603, 583, 572, 606, 268, 709, 676, 635, 726, 576]","[4, -3, 3, 5, 3, 1, 5, 5, 5, 5, 0, 5, 5, 3, 4, 0]","[-3, -4, -4, -2, -5, -5, -2, -1, -2, -3, -5, -1, -1, -4, -4, -5]"
302,117.86,9,False,868,382,-9,-2,[],[],[],[],"[833, 739, 558, 1083]","[624, 707, 701, 671]","[143, 33, 174, -255]","[-61, 17, -102, 13]","[1598, 87, 953, 917, 913, 1043, 585, 1191, 937, 1228, 975, 572, 900, 679, 1285]","[194, 95, 208, 353, 60, 563, 563, 532, 546, 168, 689, 656, 555, 646, 476]","[4, -3, 3, 5, 3, 5, 5, 5, 5, 0, 5, 5, 3, 4, 0]","[-3, -5, -4, -2, -5, -2, -1, -2, -3, -5, -1, -1, -4, -4, -5]"
303,118.19,9,False,695,307,-9,-4,[],[],[],[],"[873, 739, 628, 963, 288]","[600, 707, 654, 671, 631]","[137, 47, 222, -295, 102]","[-27, 31, -88, 27, 34]","[1013, 1017, 1143, 685, 1291, 1036, 1228, 1075, 672, 960, 759, 1285, 856, 808, 653, 1094, 398]","[128, 313, 523, 542, 492, 486, 68, 656, 636, 475, 566, 376, 580, 657, 653, 621, 632]","[3, 5, 5, 5, 5, 4, 0, 5, 5, 3, 4, 0, -2, 2, 2, 0, 5]","[-4, -2, -2, -2, -2, -3, -5, -2, -1, -4, -4, -5, -5, -5, -5, -5, -2]"
304,118.53,9,False,580,331,5,8,[],[],[],[],"[913, 757, 715, 828, 342]","[600, 709, 615, 671, 644]","[131, 67, 260, -305, 209]","[13, 51, -50, 47, 74]","[1073, 1117, 1243, 785, 1388, 1116, 1175, 772, 1020, 839, 1283, 816, 848, 693, 1084, 498]","[48, 273, 468, 502, 440, 426, 616, 616, 386, 486, 276, 480, 557, 553, 521, 592]","[3, 5, 5, 5, 4, 4, 5, 5, 3, 4, -1, -2, 2, 2, -1, 5]","[-4, -2, -3, -2, -3, -3, -2, -1, -5, -4, -5, -5, -5, -5, -5, -2]"
305,118.86,9,False,557,442,-9,0,[695],[490],[3],[5],"[953, 777, 815, 700, 435]","[602, 729, 600, 689, 666]","[111, 87, 278, -289, 303]","[53, 71, -10, 67, 101]","[1217, 1324, 885, 1468, 1196, 1275, 872, 1066, 919, 1263, 776, 875, 733, 1054, 598, 941, 799, 819, 783, 480]","[233, 408, 462, 380, 366, 576, 593, 286, 406, 176, 380, 457, 453, 421, 552, 628, 744, 607, 688, 678]","[5, 4, 5, 4, 4, 5, 5, 2, 4, -1, -2, 1, 2, -2, 5, -5, -3, -1, 1, 5]","[-2, -3, -2, -3, -3, -2, -2, -5, -4, -5, -5, -5, -5, -5, -2, -1, -4, -5, -5, -3]"
306,119.19,9,False,377,442,-9,0,[755],[574],[3],[4],"[984, 805, 915, 582, 564]","[622, 749, 600, 709, 706]","[91, 105, 276, -246, 374]","[93, 91, 30, 87, 121]","[1317, 1404, 985, 1539, 1276, 1375, 972, 1106, 999, 1238, 731, 895, 773, 1004, 698, 841, 739, 790, 803, 580]","[193, 347, 422, 302, 306, 536, 553, 186, 326, 76, 280, 357, 353, 327, 512, 608, 664, 507, 588, 618]","[5, 4, 5, 3, 4, 5, 5, 2, 4, -2, -3, 1, 2, -3, 5, -5, -3, -2, 1, 5]","[-2, -4, -2, -4, -3, -2, -2, -5, -4, -5, -5, -5, -5, -4, -2, -1, -4, -5, -5, -3]"
307,119.53,9,False,204,488,-7,6,[815],[654],[3],[4],"[1004, 845, 1015, 487, 715]","[659, 769, 611, 737, 746]","[68, 105, 254, -183, 419]","[129, 93, 70, 107, 141]","[1417, 1477, 1085, 1572, 1356, 1475, 1072, 1130, 1079, 671, 915, 813, 933, 798, 741, 679, 746, 816, 678]","[153, 267, 382, 204, 246, 488, 513, 86, 246, 192, 257, 253, 250, 472, 588, 584, 407, 488, 558]","[5, 3, 5, 0, 4, 5, 5, 1, 4, -3, 1, 2, -4, 5, -5, -3, -3, 0, 4]","[-2, -4, -2, -5, -3, -3, -2, -5, -4, -4, -5, -5, -3, -2, -1, -4, -5, -5, -3]"
308,119.86,9,False,224,555,0,0,[875],[751],[3],[5],"[1008, 870, 1092, 414, 873]","[699, 789, 631, 767, 786]","[-6, 71, 180, -137, 396]","[115, 59, 76, 80, 110]","[1517, 1526, 1185, 1539, 1436, 1561, 1172, 1149, 606, 927, 846, 843, 898, 641, 616, 683, 816, 758, 969, 815, 990, 433, 704]","[113, 173, 342, 110, 179, 428, 473, 166, 112, 157, 153, 195, 432, 568, 504, 326, 388, 498, 696, 786, 657, 775, 762]","[5, 2, 5, -4, 4, 4, 5, 3, -4, 0, 1, -5, 5, -5, -4, -4, 0, 4, -5, -5, -5, -5, -5]","[-2, -5, -2, -4, -4, -3, -2, -4, -4, -5, -5, -2, -2, -1, -4, -4, -5, -3, -1, -2, 0, -1, -2]"
309,120.19,9,False,202,447,-1,-9,[],[],[],[],"[980, 1134, 361, 1009]","[734, 651, 782, 811]","[-74, 83, -82, 339]","[95, 76, 40, 70]","[1530, 1285, 1445, 1516, 1272, 1209, 526, 927, 866, 743, 998, 541, 536, 603, 816, 838, 869, 715, 890, 333, 604]","[73, 302, 65, 99, 433, 86, 42, 57, 53, 162, 392, 548, 424, 259, 288, 438, 676, 746, 657, 755, 722]","[-1, 5, -5, 4, 5, 3, -4, 0, 1, -5, 5, -5, -4, -4, 0, 4, -5, -5, -5, -5, -5]","[-5, -2, -1, -4, -2, -4, -3, -5, -5, -1, -2, -1, -4, -3, -5, -3, -1, -2, 0, -1, -2]"
310,120.53,9,False,198,376,5,-8,[],[],[],[],"[928, 1136, 331, 1118, 710]","[754, 671, 782, 817, 770]","[-134, -17, -22, 256, -7]","[72, 56, 0, 30, -14]","[1385, 1345, 1579, 1372, 1269, 643, 1098, 441, 456, 511, 816, 918, 769, 615, 790, 233, 504, 962, 1140, 365, 1095, 730]","[262, 55, 19, 393, 6, 142, 343, 528, 344, 204, 188, 378, 656, 706, 657, 735, 682, 771, 693, 782, 831, 818]","[5, -5, 3, 5, 3, -5, 5, -5, -4, -5, 0, 4, -5, -5, -5, -5, -5, -4, -5, -1, -4, -5]","[-2, 0, -4, -2, -4, -1, -3, -1, -4, -2, -5, -3, -1, -2, 0, -1, -2, -3, -1, -5, -3, -1]"
311,120.86,9,False,319,385,9,0,[],[],[],[],"[853, 1098, 324, 1190, 690]","[765, 677, 762, 809, 748]","[-183, -117, 38, 156, -17]","[32, 36, -40, -10, -53]","[1485, 1245, 1467, 543, 1191, 341, 376, 411, 816, 998, 669, 515, 690, 133, 404, 882, 1040, 345, 1015, 630]","[222, 55, 335, 140, 283, 508, 276, 164, 88, 304, 636, 666, 657, 713, 635, 711, 673, 682, 771, 798]","[5, -5, 4, -5, 4, -5, -4, -5, 0, 4, -5, -5, -5, -5, -5, -4, -5, -1, -4, -5]","[-2, 0, -3, 0, -3, -1, -3, -2, -5, -4, -1, -2, 0, -2, -3, -3, -1, -5, -3, -1]"
312,121.19,9,False,492,391,6,7,[],[],[],[],"[761, 1026, 341, 1219, 670]","[761, 677, 727, 789, 708]","[-216, -197, 98, 41, -17]","[-8, 16, -69, -50, -73]","[1585, 1145, 1547, 443, 1271, 241, 296, 311, 1074, 569, 415, 590, 33, 304, 802, 940, 325, 935, 530]","[182, 55, 275, 140, 223, 488, 216, 133, 224, 616, 626, 657, 673, 575, 651, 653, 582, 711, 778]","[5, -5, 4, -5, 4, -5, -4, -5, 3, -5, -5, -5, -5, -5, -4, -5, -1, -4, -5]","[-2, 0, -3, 0, -3, -1, -3, -1, -4, -1, -2, 0, -2, -3, -3, -1, -5, -3, -1]"
313,121.53,9,False,559,423,3,-9,[570],[562],[1],[5],"[664, 926, 390, 1207, 659]","[741, 677, 687, 749, 668]","[-195, -229, 192, -45, 17]","[-5, 30, -55, -56, -59]","[1045, 343, 1351, 141, 216, 211, 1134, 469, 315, 490, 204, 722, 840, 305, 855, 430, 731, 956, 385, 1186, 627]","[55, 140, 163, 468, 156, 113, 144, 596, 586, 657, 515, 591, 633, 482, 651, 743, 730, 712, 683, 748, 746]","[-5, -5, 4, -5, -4, -5, 3, -5, -5, -5, -5, -4, -5, -1, -4, -5, -3, -5, 0, -4, -5]","[0, 0, -3, -1, -3, -1, -4, -1, -2, 0, -3, -3, -1, -5, -3, -2, -4, 0, -5, -4, 0]"
314,121.86,9,False,680,289,9,-4,[590],[662],[1],[5],"[584, 826, 476, 1165, 663]","[737, 678, 663, 724, 640]","[-151, -235, 275, -109, 57]","[15, 50, -35, -36, -29]","[945, 243, 1431, 41, 136, 111, 1194, 369, 215, 390, 124, 642, 740, 285, 775, 330, 671, 856, 385, 1106, 527]","[71, 146, 95, 447, 96, 113, 64, 576, 546, 657, 455, 531, 613, 382, 591, 703, 650, 712, 583, 668, 734]","[-5, -5, 4, -5, -4, -5, 3, -5, -5, -5, -4, -4, -5, -1, -4, -5, -3, -5, 0, -4, -5]","[1, 1, -4, -2, -3, 0, -4, -1, -2, 0, -3, -3, -1, -5, -3, -2, -4, 0, -5, -4, -1]"
315,122.19,9,False,860,258,9,0,[610],[762],[1],[5],"[528, 726, 590, 1098, 683]","[737, 698, 643, 704, 626]","[-91, -221, 340, -169, 97]","[35, 70, -8, -16, 11]","[845, 143, 1507, 56, 11, 269, 115, 290, 44, 562, 640, 265, 695, 230, 611, 756, 385, 1026, 427, 591, 790, 629, 1150, 726]","[91, 166, 15, 17, 118, 556, 505, 657, 395, 471, 593, 282, 531, 663, 570, 712, 483, 588, 713, 737, 698, 682, 717, 640]","[-5, -5, 3, -4, -5, -5, -5, -5, -4, -4, -5, -1, -4, -5, -3, -5, 0, -4, -5, 2, -1, 5, -2, 0]","[1, 1, -4, -4, 1, -1, -3, 0, -3, -3, -1, -5, -3, -2, -4, 0, -5, -4, -2, -5, -5, -1, -5, -5]"
316,122.53,9,False,1040,271,9,1,[630],[862],[1],[5],"[495, 633, 727, 1013, 722]","[743, 718, 640, 689, 627]","[-26, -187, 379, -209, 127]","[55, 90, 32, 4, 51]","[745, 46, 169, 15, 190, 482, 540, 261, 615, 130, 551, 656, 385, 946, 327, 631, 770, 729, 1110, 726]","[111, 209, 535, 445, 657, 411, 563, 182, 471, 623, 486, 701, 383, 508, 673, 637, 598, 656, 617, 540]","[-5, -4, -5, -5, -5, -4, -5, 0, -4, -5, -3, -5, 0, -4, -5, 2, -1, 5, -2, 0]","[1, 3, -2, -3, 0, -3, -2, -5, -3, -2, -5, -1, -5, -4, -2, -5, -5, -2, -5, -5]"
317,122.86,9,False,1220,303,9,2,[],[],[],[],"[491, 558, 867, 913, 762]","[763, 749, 652, 689, 647]","[54, -136, 390, -232, 147]","[63, 110, 71, 24, 91]","[645, 9, 69, 90, 402, 440, 261, 535, 35, 491, 556, 385, 866, 242, 671, 752, 829, 1070, 726]","[135, 298, 495, 645, 351, 523, 82, 410, 565, 386, 681, 283, 428, 611, 537, 498, 616, 517, 440]","[-5, 1, -5, -5, -4, -5, 0, -4, -4, -3, -5, 0, -4, -4, 2, 0, 5, -2, 0]","[2, 5, -2, -1, -3, -2, -5, -4, -3, -5, -1, -5, -4, -4, -5, -5, -2, -5, -5]"
318,123.19,9,False,1328,378,-6,7,[],[],[],[],"[511, 498, 1004, 803, 803]","[772, 777, 672, 689, 667]","[90, -110, 341, -269, 132]","[29, 77, 57, 10, 81]","[545, 86, 322, 340, 455, 451, 456, 385, 786, 186, 730, 752, 929, 1030, 726, 612, 679, 1003, 996, 903]","[175, 364, 291, 483, 330, 286, 661, 183, 348, 522, 437, 398, 576, 417, 340, 748, 788, 628, 656, 664]","[-5, 5, -4, -5, -4, -2, -5, 0, -4, -2, 3, 0, 5, -2, 0, 4, 5, 4, 4, 5]","[2, 2, -3, -2, -4, -5, -1, -5, -4, -5, -5, -5, -2, -5, -5, -4, -1, -4, -4, -2]"
319,123.53,9,False,1171,427,-5,-8,[1249],[490],[-5],[2],"[542, 454, 1114, 683, 839]","[766, 790, 679, 679, 687]","[110, -70, 259, -288, 92]","[-11, 37, 37, -10, 61]","[456, 186, 242, 240, 375, 411, 356, 400, 706, 180, 790, 752, 1029, 1010, 726, 692, 779, 1083, 1076, 1003]","[231, 393, 217, 443, 250, 186, 641, 83, 268, 422, 346, 298, 536, 317, 240, 668, 768, 559, 576, 624]","[-4, 5, -4, -5, -4, -2, -5, 1, -4, 1, 3, 0, 5, -1, 0, 4, 5, 4, 4, 5]","[3, 1, -4, -2, -4, -5, -1, -5, -4, -5, -4, -5, -2, -5, -5, -4, -1, -3, -4, -2]"
320,123.86,9,False,1213,247,3,-9,[1149],[547],[-5],[3],"[582, 425, 1186, 563, 859]","[746, 788, 679, 659, 698]","[130, -30, 159, -282, 52]","[-47, -3, 17, -30, 41]","[385, 286, 162, 140, 297, 376, 256, 626, 219, 850, 752, 1129, 990, 726, 772, 879, 1163, 1156, 1103, 652, 494, 1224, 674, 923]","[308, 413, 137, 403, 170, 86, 610, 188, 325, 266, 198, 496, 217, 140, 598, 748, 487, 496, 584, 785, 797, 679, 698, 726]","[-3, 5, -4, -5, -3, -1, -5, -4, 3, 3, 0, 5, -1, 0, 4, 5, 4, 4, 5, 5, 4, 3, 5, 5]","[4, 1, -4, -2, -4, -5, -2, -4, -4, -4, -5, -2, -5, -5, -3, -1, -4, -4, -2, -2, -4, -5, -1, -1]"
321,124.21,9,False,1143,214,-8,4,[1049],[607],[-5],[3],"[622, 411, 1217, 443, 860]","[709, 768, 676, 639, 698]","[140, 10, 46, -253, 12]","[-67, -43, -3, -39, 21]","[347, 386, 98, 40, 237, 156, 565, 292, 910, 752, 1229, 970, 743, 852, 979, 1243, 1236, 1203, 752, 574, 1275, 774, 1023]","[406, 419, 57, 363, 90, 570, 108, 250, 186, 98, 456, 117, 40, 538, 728, 407, 416, 544, 745, 717, 579, 674, 706]","[-1, 5, -3, -5, -3, -5, -3, 4, 3, 0, 5, -1, 1, 4, 5, 4, 4, 5, 5, 4, 2, 5, 5]","[5, 0, -4, -2, -4, -2, -4, -3, -4, -5, -2, -5, -5, -3, -1, -4, -4, -2, -2, -4, -5, -2, -1]"
322,124.54,9,False,973,289,-9,2,[949],[667],[-5],[3],"[662, 412, 1200, 342, 846]","[669, 731, 656, 619, 698]","[140, 50, -74, -202, -28]","[-87, -74, -23, -39, 1]","[352, 486, 177, 58, 505, 379, 970, 1329, 950, 932, 1079, 1323, 1301, 1303, 852, 654, 1315, 874, 1123]","[506, 419, 10, 518, 28, 190, 106, 416, 17, 478, 700, 327, 336, 504, 705, 637, 479, 634, 686]","[1, 5, -3, -4, -3, 5, 3, 5, -1, 4, 5, 4, 3, 5, 5, 4, 2, 5, 5]","[5, 0, -4, -3, -4, -3, -4, -2, -5, -3, -2, -4, -4, -2, -2, -4, -5, -2, -1]"
323,124.88,9,False,793,298,-9,0,[],[],[],[],"[715, 439, 1146, 272]","[629, 691, 639, 600]","[170, 124, -140, -99]","[-63, -60, 5, -5]","[402, 586, 479, 1030, 1429, 1012, 1179, 1390, 1361, 1403, 952, 734, 1355, 974, 1223, 753, 530, 1239, 453, 891]","[597, 419, 150, 26, 376, 404, 660, 247, 256, 464, 665, 557, 379, 594, 655, 625, 701, 614, 606, 659]","[3, 5, 5, 3, 5, 4, 5, 3, 3, 5, 5, 4, 2, 5, 5, 2, 4, 0, 5, 0]","[4, 0, -2, -4, -2, -4, -2, -4, -4, -2, -2, -4, -5, -2, -2, -5, -4, -5, -3, -5]"
324,125.21,9,False,878,281,0,0,[],[],[],[],"[775, 495, 1069, 248]","[603, 662, 639, 600]","[190, 204, -193, 21]","[-23, -40, 45, 35]","[487, 686, 579, 1529, 1092, 1279, 1450, 1421, 1503, 1052, 814, 1391, 1074, 1323, 793, 610, 1239, 553, 891]","[659, 419, 110, 336, 324, 620, 166, 176, 424, 625, 477, 279, 554, 615, 525, 621, 514, 546, 559]","[5, 5, 5, 5, 4, 5, 3, 3, 5, 5, 4, 1, 5, 5, 2, 4, 0, 5, 0]","[2, 0, -2, -2, -4, -2, -5, -4, -2, -2, -4, -5, -2, -2, -5, -4, -5, -3, -5]"
325,125.54,9,False,701,261,-9,0,[],[],[],[],"[835, 581, 972, 271, 261]","[600, 642, 657, 613, 741]","[199, 266, -228, 141, 42]","[17, -12, 79, 75, 7]","[587, 786, 679, 1172, 1379, 1497, 1481, 1152, 894, 1411, 1174, 1423, 833, 690, 1239, 653, 891, 852, 628, 1022, 341, 310]","[687, 419, 89, 244, 580, 66, 96, 585, 397, 179, 514, 575, 425, 541, 414, 486, 459, 600, 676, 664, 647, 741]","[5, 5, 5, 4, 5, 2, 3, 5, 4, 1, 5, 5, 2, 4, 0, 5, 0, 0, 5, -3, 5, 2]","[1, 0, -1, -4, -2, -5, -4, -2, -4, -5, -2, -2, -5, -4, -5, -3, -5, -5, -2, -4, -1, -5]"
326,125.88,9,False,521,288,-9,2,[],[],[],[],"[895, 687, 872, 342, 294]","[604, 637, 677, 641, 741]","[199, 310, -243, 251, 162]","[57, 28, 99, 115, 27]","[687, 886, 779, 1252, 1479, 1252, 974, 1421, 1274, 1523, 873, 770, 1230, 753, 891, 852, 728, 962, 441, 350]","[687, 419, 69, 164, 540, 541, 317, 79, 474, 524, 325, 461, 314, 426, 359, 500, 619, 584, 627, 641]","[5, 5, 5, 4, 5, 5, 4, 0, 5, 5, 2, 4, -1, 5, 0, 0, 5, -3, 5, 2]","[0, 0, -1, -4, -2, -3, -4, -5, -2, -3, -5, -4, -5, -3, -5, -5, -3, -4, -1, -5]"
327,126.21,9,False,468,367,9,4,[519],[415],[5],[2],"[955, 807, 772, 453, 372]","[624, 647, 717, 681, 741]","[181, 332, -238, 343, 265]","[97, 68, 119, 140, 47]","[787, 986, 879, 1323, 1579, 1352, 1054, 1374, 913, 838, 1210, 850, 891, 834, 812, 902, 541, 390]","[669, 419, 55, 84, 494, 481, 237, 421, 225, 381, 214, 366, 259, 400, 559, 504, 607, 541]","[5, 5, 5, 3, 5, 5, 4, 5, 2, 3, -1, 4, 0, -1, 4, -3, 5, 2]","[-2, 0, 0, -4, -3, -3, -4, -3, -5, -4, -5, -3, -5, -5, -3, -4, -1, -5]"
328,126.54,9,False,458,384,-9,-4,[619],[455],[5],[2],"[1007, 925, 672, 592, 481]","[660, 667, 757, 721, 742]","[124, 294, -247, 376, 317]","[97, 58, 102, 126, 33]","[877, 1086, 979, 1383, 1437, 1124, 1458, 952, 898, 1172, 930, 891, 814, 892, 842, 641, 430, 964, 859, 712, 591, 495]","[618, 419, 55, 4, 421, 157, 361, 125, 301, 114, 306, 159, 300, 499, 424, 587, 441, 611, 606, 745, 664, 726]","[4, 5, 5, 3, 4, 3, 4, 1, 3, -2, 4, 0, -1, 4, -3, 5, 2, -3, -1, -5, 4, 4]","[-3, 0, 0, -4, -3, -4, -3, -5, -4, -5, -3, -5, -5, -3, -4, -1, -5, -4, -5, -2, -4, -3]"
329,126.88,8,False,287,327,-9,-1,[719],[497],[5],[3],"[1031, 1019, 572, 732, 601]","[680, 675, 778, 761, 742]","[44, 230, -242, 374, 341]","[77, 38, 62, 101, 13]","[928, 1186, 1079, 1517, 1184, 1538, 972, 958, 1123, 1010, 891, 794, 972, 782, 741, 904, 839, 612, 667, 575]","[530, 419, 61, 361, 77, 299, 25, 221, 16, 246, 59, 200, 435, 344, 567, 531, 506, 705, 584, 666]","[1, 5, 5, 4, 3, 4, 1, 3, -3, 4, 0, -1, 4, -3, 5, -3, -1, -5, 3, 4]","[-5, 0, 1, -3, -4, -4, -5, -4, -4, -3, -5, -5, -4, -4, -1, -4, -5, -2, -4, -3]"
330,127.21,8,False,179,446,0,0,[819],[557],[5],[3],"[1022, 1086, 472, 869, 721]","[700, 675, 784, 781, 735]","[-36, 150, -217, 344, 338]","[57, 18, 22, 61, -7]","[913, 1286, 1167, 1597, 1018, 1090, 771, 1046, 716, 841, 844, 813, 512, 727, 655, 1042, 1068, 516, 835, 697]","[430, 413, 111, 294, 141, 186, 100, 355, 264, 547, 451, 406, 665, 504, 604, 729, 703, 791, 794, 753]","[-2, 5, 3, 4, 3, 4, -2, 3, -4, 5, -3, -2, -5, 3, 4, -5, -5, -3, -5, -4]","[-5, -1, 4, -4, -4, -3, -5, -4, -4, -1, -4, -5, -2, -4, -4, -2, -1, -4, -3, -4]"
331,127.54,8,False,192,482,3,-9,[900],[617],[4],[3],"[982, 1117, 384, 985, 841]","[707, 673, 775, 786, 715]","[-109, 58, -173, 290, 312]","[37, -2, -18, 21, -27]","[838, 1322, 1161, 1078, 1170, 1106, 636, 941, 766, 773, 412, 787, 735, 942, 968, 456, 735, 617]","[359, 377, 211, 61, 126, 271, 184, 527, 371, 306, 625, 422, 524, 700, 683, 711, 734, 673]","[-5, -5, -2, 3, 4, 3, -4, 5, -4, -2, -5, 3, 4, -5, -5, -3, -5, -4]","[-3, 0, 5, -4, -3, -5, -4, -1, -4, -5, -2, -5, -4, -1, -1, -4, -3, -4]"
332,127.87,8,False,305,345,9,-3,[980],[677],[4],[3],"[915, 1109, 317, 1076, 947]","[707, 653, 751, 776, 695]","[-169, -42, -113, 214, 263]","[17, -22, -58, -19, -47]","[738, 1222, 1090, 1250, 1144, 556, 1041, 686, 719, 312, 838, 812, 842, 868, 396, 635, 537]","[321, 377, 287, 58, 171, 104, 505, 291, 208, 585, 322, 444, 680, 663, 631, 674, 593]","[-5, -5, -4, 4, 1, -4, 5, -4, -3, -5, 2, 3, -5, -5, -3, -5, -4]","[-1, 0, 3, -4, -5, -4, -2, -4, -4, -2, -5, -4, -1, -1, -4, -3, -4]"
333,128.21,8,False,485,346,9,3,[],[],[],[],"[835, 1070, 282, 1140, 358]","[707, 638, 717, 756, 796]","[-179, -93, -6, 155, 85]","[31, 9, -45, -25, -1]","[638, 1122, 1001, 1154, 476, 1141, 606, 659, 212, 878, 872, 742, 768, 336, 535, 457, 883, 1064, 321, 1049, 377]","[301, 377, 344, 71, 24, 465, 211, 128, 545, 222, 364, 642, 643, 551, 614, 513, 674, 696, 707, 780, 780]","[-5, -5, -5, 0, -4, 5, -4, -3, -5, 2, 3, -5, -5, -3, -5, -4, -3, -5, -2, -5, 0]","[-1, 0, 2, -5, -4, -2, -4, -4, -2, -5, -4, -2, -1, -4, -3, -4, -4, 0, -5, -2, -5]"
334,128.54,8,False,665,405,9,0,[],[],[],[],"[755, 1013, 296, 1179, 404]","[709, 638, 697, 736, 776]","[-168, -133, 114, 95, 184]","[51, 49, -25, -11, -1]","[538, 1022, 901, 1241, 526, 599, 112, 918, 932, 642, 668, 276, 435, 377, 823, 964, 287, 949, 377]","[281, 377, 384, 425, 131, 48, 505, 122, 284, 602, 623, 471, 554, 433, 594, 696, 607, 740, 680]","[-5, -5, -5, 5, -4, -3, -5, 2, 3, -5, -5, -3, -5, -4, -3, -5, -1, -5, 0]","[-1, 0, 2, -2, -4, -4, -2, -5, -4, -2, -1, -4, -3, -4, -4, 0, -5, -2, -5]"
335,128.87,8,False,690,229,5,-8,[],[],[],[],"[680, 945, 354, 1194, 485]","[729, 658, 677, 726, 756]","[-142, -158, 217, 35, 264]","[71, 82, -5, 9, -1]","[438, 922, 801, 1341, 446, 15, 951, 992, 542, 568, 216, 349, 309, 763, 864, 267, 849, 377, 727, 976, 404, 1193, 506]","[261, 377, 424, 385, 51, 449, 22, 204, 562, 586, 391, 494, 353, 514, 696, 507, 680, 580, 730, 680, 706, 754, 769]","[-5, -5, -5, 5, -4, -4, 1, 3, -5, -5, -3, -4, -3, -3, -5, -1, -5, 0, -2, -5, 4, -5, 1]","[-1, 0, 2, -2, -4, -3, -5, -4, -2, -2, -4, -3, -4, -4, 0, -5, -3, -5, -5, -2, -3, -1, -5]"
336,129.21,8,False,859,166,9,0,[],[],[],[],"[620, 865, 451, 1185, 595]","[749, 681, 673, 726, 750]","[-102, -170, 308, -25, 328]","[91, 102, 15, 29, 13]","[338, 822, 701, 1441, 1052, 442, 468, 156, 269, 249, 703, 764, 247, 749, 377, 687, 876, 484, 1093, 542]","[241, 377, 459, 341, 115, 522, 546, 301, 434, 273, 434, 683, 407, 620, 480, 630, 627, 646, 724, 669]","[-5, -5, -5, 5, 3, -5, -5, -3, -4, -3, -3, -5, -1, -5, 0, -2, -5, 4, -5, 2]","[-1, 0, 1, -3, -5, -2, -2, -5, -3, -4, -4, -1, -5, -3, -5, -5, -3, -3, -2, -5]"
337,129.54,8,False,876,288,-6,7,[],[],[],[],"[580, 785, 581, 1153, 725]","[769, 721, 673, 726, 750]","[-52, -167, 377, -85, 366]","[93, 122, 35, 49, 33]","[245, 722, 601, 1532, 1112, 342, 368, 113, 189, 189, 643, 664, 229, 649, 377, 647, 776, 564, 993, 582]","[199, 377, 479, 281, 15, 482, 506, 201, 374, 193, 354, 663, 307, 560, 380, 530, 567, 586, 684, 569]","[-4, -5, -5, 4, 3, -5, -5, -2, -4, -3, -3, -5, 0, -5, 0, -2, -5, 4, -5, 2]","[-3, 0, 1, -3, -5, -2, -2, -5, -3, -4, -4, -1, -5, -3, -5, -5, -3, -3, -2, -5]"
338,129.88,8,False,861,378,8,-4,[859],[424],[-3],[4],"[560, 705, 721, 1091, 861]","[789, 761, 673, 731, 750]","[-26, -181, 384, -177, 343]","[59, 103, 21, 35, 19]","[622, 501, 242, 268, 73, 109, 129, 583, 564, 229, 567, 377, 607, 692, 644, 893, 622, 642, 867, 712, 1124, 839]","[377, 499, 442, 466, 101, 308, 97, 274, 643, 207, 500, 280, 430, 507, 526, 644, 469, 737, 708, 640, 709, 717]","[-5, -5, -5, -5, -2, -4, -3, -3, -5, 0, -4, 0, -2, -4, 4, -5, 2, 1, 3, 4, -4, 3]","[0, 1, -2, -2, -5, -4, -5, -4, -1, -5, -3, -5, -5, -3, -3, -2, -5, -5, -4, -4, -4, -4]"
339,130.21,8,False,1021,278,8,-5,[799],[504],[-3],[4],"[540, 625, 861, 994, 977]","[793, 782, 673, 731, 749]","[-6, -183, 356, -256, 290]","[19, 63, 1, 15, -1]","[522, 401, 142, 168, 52, 29, 523, 464, 229, 487, 379, 571, 612, 724, 793, 662, 662, 927, 792, 1049, 899]","[377, 519, 402, 426, 1, 228, 194, 623, 107, 440, 180, 330, 447, 466, 604, 369, 637, 610, 560, 629, 632]","[-5, -5, -5, -5, -1, -4, -3, -5, 0, -4, 1, -1, -4, 4, -5, 2, 1, 3, 4, -3, 3]","[0, 1, -2, -2, -5, -4, -4, -1, -5, -3, -5, -5, -3, -3, -2, -5, -5, -5, -4, -4, -5]"
340,130.54,8,False,1102,194,0,0,[739],[584],[-3],[4],"[535, 545, 984, 868, 1068]","[782, 788, 654, 726, 729]","[14, -170, 303, -312, 215]","[-21, 23, -19, -5, -21]","[422, 317, 42, 68, 463, 364, 229, 407, 399, 551, 532, 804, 693, 702, 694, 987, 872, 989, 959, 584, 632, 1009, 952, 1093]","[354, 510, 360, 386, 108, 600, 7, 380, 80, 230, 387, 406, 564, 269, 537, 510, 480, 549, 532, 788, 795, 672, 731, 742]","[-5, 1, -5, -5, -3, -5, 0, -4, 1, -1, -4, 4, -5, 2, 2, 3, 4, -3, 3, 2, 4, 3, 1, 1]","[-2, -4, -3, -2, -5, -2, -5, -3, -5, -5, -3, -3, -2, -5, -5, -5, -4, -4, -5, -5, -4, -4, -5, -5]"
341,130.88,8,False,1234,257,0,0,[679],[664],[-3],[4],"[535, 470, 1079, 728, 1126]","[756, 779, 634, 706, 709]","[34, -142, 227, -342, 125]","[-61, -17, -23, -25, -41]","[371, 407, 412, 264, 327, 531, 452, 884, 593, 747, 734, 1047, 952, 929, 1019, 624, 712, 1069, 972, 1113]","[277, 463, 8, 560, 320, 130, 323, 346, 524, 169, 437, 410, 400, 469, 432, 688, 715, 592, 631, 642]","[1, 5, -2, -5, -4, -1, -4, 4, -5, 3, 2, 3, 4, -3, 3, 2, 4, 3, 1, 1]","[-5, -2, -5, -2, -3, -5, -4, -3, -2, -5, -5, -5, -4, -4, -5, -5, -4, -4, -5, -5]"
342,131.21,8,False,1324,305,7,6,[],[],[],[],"[540, 410, 1141, 1146]","[716, 755, 614, 678]","[54, -102, 133, 25]","[-84, -57, -23, -61]","[454, 507, 164, 247, 511, 372, 964, 493, 807, 774, 1107, 1032, 869, 1079, 664, 792, 1129, 1012, 1133]","[224, 442, 520, 249, 30, 243, 286, 471, 78, 337, 320, 320, 389, 352, 588, 635, 512, 531, 542]","[5, 5, -5, -4, -1, -4, 4, -5, 3, 2, 3, 4, -3, 3, 2, 4, 3, 2, 1]","[-1, -1, -2, -4, -5, -4, -3, -3, -4, -5, -4, -4, -4, -4, -5, -4, -4, -5, -5]"
343,131.54,8,False,1254,413,-7,6,[1320],[444],[-4],[3],"[563, 378, 1170, 1132, 1501]","[676, 720, 600, 643, 693]","[108, -13, 67, -41, -119]","[-70, -46, 11, -41, 17]","[607, 73, 167, 312, 1044, 406, 814, 1167, 1112, 809, 1139, 704, 872, 1189, 1052, 1153, 675, 536, 1247, 1232, 1497]","[422, 461, 169, 163, 226, 411, 237, 240, 245, 298, 272, 488, 555, 432, 431, 442, 720, 762, 572, 620, 677]","[5, -4, -4, -3, 4, -4, 2, 3, 4, -3, 3, 2, 4, 3, 2, 1, 5, 5, 3, 3, -4]","[-1, -3, -4, -4, -3, -3, -5, -4, -3, -5, -4, -5, -4, -4, -5, -5, -2, -2, -5, -5, -3]"
344,131.87,8,False,1315,270,4,-8,[1240],[504],[-4],[3],"[610, 384, 1175, 1095, 1419]","[640, 700, 601, 623, 693]","[165, 87, 7, -99, -240]","[-43, -26, 51, -1, 37]","[707, 105, 258, 1124, 326, 854, 1227, 1192, 757, 1199, 753, 952, 1249, 1092, 1173, 775, 636, 1307, 1292, 1417]","[411, 89, 70, 166, 351, 137, 160, 185, 198, 192, 388, 475, 352, 331, 342, 680, 722, 472, 520, 617]","[5, -3, -2, 4, -4, 2, 3, 4, -2, 3, 3, 4, 3, 2, 1, 5, 5, 3, 3, -4]","[0, -4, -5, -3, -3, -5, -4, -3, -5, -4, -5, -4, -4, -5, -5, -2, -2, -5, -5, -3]"
345,132.21,8,False,1368,195,-7,6,[1160],[564],[-4],[3],"[673, 429, 1156, 1035, 1291]","[620, 680, 621, 623, 701]","[205, 177, -53, -139, -343]","[-3, -6, 91, 39, 57]","[807, 46, 1221, 246, 913, 1287, 1272, 717, 1259, 813, 1032, 1309, 1132, 1193, 875, 736, 1367, 1351, 1337, 724, 490, 1226, 1116, 1387]","[399, 1, 106, 278, 37, 80, 125, 98, 112, 288, 395, 272, 231, 242, 640, 682, 372, 420, 549, 649, 709, 629, 637, 700]","[5, -2, 5, -4, 3, 3, 4, -2, 3, 3, 4, 3, 2, 1, 5, 5, 3, 2, -4, 4, 5, 2, 4, 2]","[-1, -5, -3, -4, -5, -4, -3, -5, -4, -5, -4, -4, -5, -5, -2, -2, -5, -5, -4, -3, -3, -5, -3, -5]"
346,132.54,7,False,1212,298,-8,5,[1080],[627],[-4],[4],"[753, 506, 1111, 960, 1127]","[619, 675, 657, 638, 721]","[232, 256, -113, -169, -415]","[37, 14, 128, 79, 77]","[907, 1321, 183, 1352, 1319, 873, 1112, 1172, 1213, 975, 836, 1427, 1391, 1257, 804, 590, 1266, 1196, 1423]","[379, 46, 198, 65, 32, 197, 315, 131, 142, 600, 642, 272, 320, 469, 589, 649, 529, 577, 600]","[5, 5, -3, 4, 3, 3, 4, 2, 1, 5, 5, 3, 2, -4, 4, 5, 2, 4, 1]","[-1, -3, -4, -3, -4, -4, -4, -5, -5, -2, -2, -5, -5, -4, -3, -3, -5, -3, -5]"
347,132.87,7,False,1038,366,-9,3,[1000],[707],[-4],[4],"[833, 612, 1047, 880, 944]","[633, 675, 697, 668, 741]","[244, 315, -157, -184, -453]","[77, 34, 148, 111, 97]","[1007, 133, 1432, 933, 1192, 1229, 1233, 1075, 936, 1481, 1431, 1177, 884, 690, 1306, 1276, 1443]","[359, 102, 5, 117, 235, 31, 42, 560, 602, 172, 220, 389, 529, 589, 429, 503, 500]","[5, -2, 4, 3, 4, 3, 1, 5, 5, 2, 2, -4, 4, 5, 2, 4, 1]","[-1, -5, -3, -4, -4, -5, -5, -2, -2, -5, -5, -4, -3, -3, -5, -4, -5]"
348,133.21,6,False,881,300,-6,-7,[920],[787],[-4],[4],"[913, 732, 959, 791, 744]","[653, 675, 740, 705, 762]","[207, 316, -223, -217, -487]","[81, 20, 134, 97, 72]","[101, 993, 1272, 1175, 1036, 1521, 1471, 1097, 964, 790, 1346, 1356, 1463, 891, 739, 1029, 945, 959]","[2, 37, 155, 520, 562, 72, 120, 309, 469, 529, 329, 423, 400, 594, 659, 689, 638, 699]","[-1, 3, 4, 5, 5, 2, 2, -4, 4, 5, 2, 4, 1, 0, 4, -3, 2, 1]","[-5, -4, -4, -2, -2, -5, -5, -4, -3, -3, -5, -4, -5, -5, -3, -4, -5, -5]"
349,133.54,6,False,735,226,-7,6,[840],[867],[-4],[4],"[974, 846, 848, 691, 544]","[673, 675, 780, 725, 773]","[147, 288, -275, -236, -487]","[61, 0, 100, 77, 32]","[1352, 1275, 1136, 1511, 1017, 1044, 890, 1370, 1436, 1483, 891, 819, 969, 975, 979]","[75, 480, 522, 20, 232, 408, 469, 229, 343, 300, 494, 599, 609, 538, 599]","[4, 5, 5, 2, -4, 4, 5, 1, 4, 1, 0, 4, -3, 1, 1]","[-4, -2, -2, -5, -3, -4, -3, -5, -4, -5, -5, -3, -4, -5, -5]"
350,133.87,6,False,707,380,-9,0,[782],[402],[1],[5],"[1009, 942, 725, 591, 346]","[684, 655, 800, 745, 769]","[81, 239, -303, -235, -447]","[41, -20, 60, 57, -8]","[1375, 1236, 937, 1124, 977, 1390, 1499, 1503, 891, 899, 909, 995, 999, 1002, 957, 797, 676, 467]","[440, 482, 172, 328, 409, 129, 263, 200, 394, 539, 529, 438, 499, 705, 667, 799, 745, 787]","[5, 5, -4, 4, 4, 1, 3, 1, 0, 4, -3, 1, 1, -5, 0, -1, 2, 4]","[-2, -2, -3, -4, -3, -5, -4, -5, -5, -3, -4, -5, -5, -2, -5, -5, -5, -3]"
351,134.21,6,False,527,385,-9,1,[802],[502],[1],[5],"[1016, 1015, 585, 491, 173]","[684, 635, 805, 751, 749]","[1, 175, -305, -214, -370]","[21, -25, 20, 23, -47]","[1475, 1336, 857, 1204, 1057, 1395, 1559, 1506, 891, 979, 849, 1015, 1003, 902, 957, 777, 716, 547]","[400, 442, 112, 248, 349, 29, 183, 100, 294, 479, 449, 338, 399, 665, 567, 699, 645, 727]","[5, 5, -4, 4, 4, 0, 3, 0, 0, 4, -3, 1, 0, -5, 0, -1, 2, 4]","[-2, -2, -3, -4, -3, -5, -4, -5, -5, -3, -4, -5, -5, -2, -5, -5, -5, -3]"
352,134.54,6,False,383,401,0,0,[822],[602],[1],[5],"[988, 1059, 461, 405, 37]","[684, 615, 795, 742, 712]","[-73, 95, -279, -174, -260]","[1, -25, -20, -9, -67]","[1575, 1436, 777, 1284, 1137, 890, 1059, 789, 1020, 1003, 802, 953, 757, 756, 627]","[340, 392, 52, 168, 289, 194, 419, 369, 238, 299, 625, 467, 599, 545, 667]","[5, 5, -4, 4, 4, -1, 4, -3, 0, 0, -5, -1, -1, 2, 4]","[-3, -3, -3, -4, -3, -5, -3, -4, -5, -5, -2, -5, -5, -5, -3]"
353,134.87,6,False,473,407,9,0,[856],[702],[2],[5],"[948, 1078, 354, 343, 0]","[681, 600, 775, 728, 672]","[-99, 49, -196, -82, -94]","[15, 9, -26, 5, -53]","[1536, 1347, 1217, 870, 1139, 729, 1020, 1003, 702, 933, 718, 796, 707, 942, 1027, 528, 397, 95]","[332, 88, 229, 94, 342, 289, 138, 199, 585, 367, 499, 445, 607, 694, 660, 748, 695, 664]","[5, 3, 4, -1, 4, -3, 0, 0, -5, -1, -2, 2, 4, -5, -5, 3, -2, 2]","[-3, -4, -3, -5, -4, -4, -5, -5, -2, -5, -5, -5, -3, -2, 0, -5, -5, -5]"
354,135.21,6,False,392,423,-9,2,[896],[802],[2],[5],"[889, 1078, 287, 321, 5]","[681, 600, 755, 728, 650]","[-116, 9, -91, 18, 82]","[35, 49, -26, 25, -33]","[1407, 1297, 1219, 656, 1015, 1003, 602, 909, 678, 824, 787, 842, 927, 573, 357, 150]","[8, 169, 262, 209, 38, 99, 545, 267, 399, 345, 547, 654, 660, 648, 595, 564]","[3, 4, 4, -4, -1, 0, -5, -2, -2, 1, 4, -5, -5, 2, -2, 3]","[-4, -3, -4, -4, -5, -5, -2, -5, -5, -5, -3, -2, 0, -5, -5, -5]"
355,135.54,6,False,442,361,8,4,[],[],[],[],"[829, 1062, 266, 339, 61]","[687, 620, 735, 728, 634]","[-116, -31, 29, 118, 242]","[55, 89, -11, 45, 7]","[1377, 1286, 576, 502, 869, 638, 844, 867, 742, 827, 613, 317, 210, 854, 1082, 337, 392, 116]","[109, 182, 129, 505, 167, 299, 245, 487, 614, 660, 548, 495, 464, 688, 656, 762, 742, 673]","[4, 3, -4, -5, -2, -2, 1, 4, -5, -5, 2, -2, 3, -4, -5, 3, 4, 5]","[-3, -4, -4, -2, -5, -5, -5, -3, -2, 0, -5, -5, -5, -4, -1, -4, -3, -1]"
356,135.88,5,False,621,389,9,-2,[],[],[],[],"[769, 1031, 292, 397, 180]","[707, 655, 725, 744, 634]","[-106, -71, 149, 218, 390]","[75, 127, 9, 65, 47]","[1457, 1346, 496, 402, 825, 598, 864, 947, 642, 727, 283, 270, 774, 982, 397, 472, 216]","[49, 102, 64, 465, 67, 199, 145, 427, 574, 660, 395, 376, 608, 636, 682, 682, 653]","[4, 3, -4, -5, -3, -2, 1, 4, -5, -5, -1, 3, -4, -5, 3, 4, 5]","[-3, -4, -3, -2, -5, -5, -5, -3, -2, 0, -5, -4, -4, -1, -4, -3, -1]"
357,136.21,5,False,692,259,-6,-7,[],[],[],[],"[724, 985, 364, 490, 352]","[727, 695, 725, 764, 653]","[-86, -106, 252, 299, 508]","[95, 147, 29, 72, 85]","[1406, 416, 302, 558, 884, 1027, 542, 627, 263, 330, 694, 882, 457, 552, 316]","[15, 4, 425, 99, 45, 351, 534, 660, 295, 296, 528, 616, 602, 622, 633]","[3, -4, -5, -2, 1, 4, -5, -5, -1, 3, -4, -5, 3, 4, 5]","[-5, -3, -2, -5, -5, -4, -2, 0, -5, -4, -4, -1, -4, -3, -1]"
358,136.54,5,False,823,260,3,9,[],[],[],[],"[684, 921, 468, 610, 557]","[747, 736, 725, 778, 673]","[-92, -160, 306, 326, 554]","[81, 133, 15, 38, 71]","[202, 1107, 442, 527, 243, 390, 614, 782, 517, 632, 416, 780, 953, 470, 554, 481]","[381, 271, 494, 660, 195, 216, 448, 596, 522, 562, 613, 693, 692, 692, 723, 610]","[-5, 4, -5, -5, -1, 3, -4, -5, 3, 4, 5, 1, -4, 3, 0, 3]","[-3, -4, -2, 0, -5, -4, -4, -1, -4, -3, -1, -5, -4, -4, -5, -5]"
359,136.87,5,False,844,396,8,-5,[852],[446],[-1],[5],"[644, 838, 588, 730, 777]","[764, 776, 720, 777, 693]","[-92, -206, 332, 322, 552]","[45, 101, -5, -2, 51]","[108, 1187, 342, 427, 223, 463, 534, 682, 582, 712, 516, 800, 873, 530, 554, 541]","[321, 191, 454, 660, 95, 136, 368, 576, 442, 502, 593, 593, 612, 612, 623, 510]","[-4, 4, -5, -5, -1, 4, -4, -5, 4, 4, 5, 1, -4, 3, 0, 3]","[-3, -4, -2, 0, -5, -4, -4, -1, -4, -3, -1, -5, -4, -4, -5, -5]"
360,137.21,5,False,1018,326,9,-1,[832],[546],[-1],[5],"[604, 738, 708, 847, 979]","[764, 796, 700, 757, 694]","[-92, -234, 334, 294, 508]","[5, 61, -25, -42, 31]","[28, 1267, 242, 327, 543, 454, 582, 662, 792, 616, 820, 793, 590, 554, 601, 672, 830, 740, 882, 926]","[261, 111, 414, 657, 62, 288, 556, 362, 442, 573, 493, 532, 532, 523, 410, 764, 803, 725, 780, 702]","[-4, 4, -5, -5, 4, -4, -5, 4, 4, 5, 1, -4, 3, 0, 3, 3, 3, 4, 4, -4]","[-3, -4, -2, -1, -3, -4, -1, -4, -3, -1, -5, -4, -4, -5, -5, -5, -4, -3, -4, -4]"
361,137.54,5,False,1196,339,8,5,[812],[646],[-1],[5],"[564, 638, 828, 945, 1156]","[746, 801, 680, 721, 694]","[-74, -242, 310, 245, 425]","[-31, 21, -45, -68, 11]","[1347, 142, 227, 623, 393, 482, 742, 872, 716, 847, 713, 650, 554, 661, 732, 890, 820, 962, 846]","[31, 370, 637, 2, 208, 529, 282, 382, 553, 393, 452, 452, 423, 319, 664, 723, 665, 700, 622]","[4, -5, -5, 4, -3, -5, 4, 4, 5, 2, -4, 3, 0, 3, 3, 3, 4, 4, -4]","[-4, -3, -1, -3, -4, -2, -4, -3, -1, -5, -4, -4, -5, -4, -5, -4, -3, -4, -4]"
362,137.87,5,False,1261,422,0,0,[792],[746],[-1],[5],"[524, 538, 933, 1019, 1294]","[725, 791, 645, 681, 685]","[-54, -230, 264, 179, 311]","[-51, -19, -63, -88, -9]","[45, 127, 333, 382, 822, 952, 816, 887, 644, 724, 554, 721, 792, 950, 900, 1042, 781]","[310, 617, 128, 489, 212, 322, 533, 293, 372, 372, 323, 239, 564, 643, 605, 620, 542]","[-4, -5, -3, -5, 4, 4, 5, 2, -3, 4, 0, 3, 3, 3, 4, 4, -3]","[-3, -1, -4, -2, -3, -3, -1, -5, -4, -4, -5, -4, -5, -4, -3, -4, -4]"
363,138.21,5,False,1270,323,2,-9,[772],[846],[-1],[5],"[502, 448, 1021, 1070, 1386]","[699, 771, 616, 641, 671]","[0, -164, 233, 133, 207]","[-37, -25, -29, -70, 5]","[27, 273, 282, 902, 1032, 916, 927, 584, 804, 554, 781, 852, 1010, 980, 1122, 721, 631, 644, 1049, 1164, 1305]","[597, 47, 449, 152, 262, 513, 193, 292, 292, 223, 159, 484, 563, 545, 540, 461, 712, 777, 614, 687, 654]","[-5, -3, -5, 4, 4, 5, 2, -3, 4, 0, 3, 3, 3, 4, 4, -3, 4, 5, 3, 5, -3]","[-1, -5, -2, -3, -3, -1, -5, -4, -4, -5, -4, -4, -4, -3, -4, -5, -3, -3, -4, -2, -4]"
364,138.54,5,False,1155,310,-9,0,[],[],[],[],"[506, 390, 1097, 1106, 1435]","[679, 751, 602, 612, 671]","[60, -79, 193, 89, 92]","[-17, -25, 11, -30, 25]","[189, 982, 1112, 1016, 967, 524, 884, 558, 841, 912, 1070, 1060, 1202, 673, 711, 744, 1109, 1264, 1245]","[394, 92, 202, 493, 93, 209, 222, 123, 79, 404, 483, 485, 460, 361, 652, 717, 534, 647, 574]","[-4, 4, 4, 5, 2, -3, 4, 1, 3, 3, 3, 4, 4, -2, 4, 5, 3, 5, -3]","[-3, -3, -3, -1, -5, -5, -3, -5, -4, -4, -4, -3, -4, -5, -3, -3, -4, -2, -4]"
365,138.87,5,False,1011,313,9,3,[],[],[],[],"[533, 370, 1152, 1119, 1437]","[663, 731, 603, 600, 671]","[120, 21, 135, 29, -28]","[3, -6, 51, 10, 45]","[109, 1074, 1202, 1116, 471, 964, 578, 972, 1130, 1140, 1282, 633, 791, 844, 1169, 1364, 1185, 596, 441, 1139, 1133, 1456]","[327, 32, 142, 468, 109, 162, 23, 324, 403, 425, 380, 261, 592, 657, 454, 597, 494, 691, 758, 637, 607, 671]","[-4, 5, 5, 5, -2, 4, 1, 3, 3, 4, 4, -2, 4, 5, 3, 5, -3, 4, 3, -5, -3, -3]","[-4, -3, -3, -2, -5, -3, -5, -4, -4, -3, -4, -5, -3, -3, -4, -3, -4, -3, -4, 0, -4, -5]"
366,139.21,5,False,968,369,-9,1,[],[],[],[],"[584, 390, 1183, 1108, 1392]","[663, 726, 623, 601, 687]","[180, 121, 75, -31, -146]","[23, 14, 91, 50, 65]","[45, 1302, 1216, 431, 1044, 1032, 1190, 1220, 1362, 608, 871, 944, 1229, 1451, 1125, 676, 501, 1039, 1073, 1396]","[243, 82, 428, 9, 102, 244, 323, 365, 300, 161, 532, 597, 374, 537, 414, 631, 678, 627, 527, 572]","[-3, 5, 5, -2, 4, 3, 3, 4, 4, -1, 4, 5, 3, 4, -3, 4, 3, -5, -3, -3]","[-5, -3, -2, -5, -3, -4, -4, -3, -4, -5, -3, -3, -4, -3, -4, -3, -4, -1, -4, -4]"
367,139.54,5,False,788,348,-9,0,[],[],[],[],"[658, 447, 1191, 1074, 1302]","[663, 726, 659, 621, 707]","[226, 207, 15, -78, -246]","[43, 34, 127, 90, 85]","[14, 1402, 1316, 1124, 1092, 1250, 1300, 1442, 588, 951, 1044, 1289, 1531, 1065, 756, 561, 939, 1013, 1336]","[143, 22, 388, 42, 164, 240, 302, 220, 61, 472, 537, 294, 477, 334, 571, 598, 607, 447, 492]","[-1, 5, 5, 4, 3, 3, 4, 4, -1, 4, 5, 3, 4, -3, 4, 3, -5, -3, -3]","[-5, -3, -2, -3, -4, -5, -4, -4, -5, -3, -3, -4, -3, -4, -3, -4, -1, -4, -4]"
368,139.87,5,False,608,351,-9,1,[],[],[],[],"[738, 527, 1169, 1020, 1169]","[663, 726, 699, 641, 727]","[223, 247, -79, -152, -357]","[29, 20, 113, 96, 71]","[16, 1416, 1152, 1310, 1380, 1510, 1031, 1127, 1341, 1005, 836, 621, 839, 953, 1276, 743, 498, 1141, 1062, 1267]","[43, 348, 84, 140, 222, 140, 412, 477, 194, 254, 511, 518, 587, 367, 412, 613, 676, 668, 604, 683]","[1, 5, 3, 3, 4, 3, 4, 4, 2, -3, 4, 3, -5, -3, -3, 2, 0, -5, -3, -3]","[-5, -2, -4, -5, -4, -4, -3, -3, -5, -4, -3, -4, -1, -4, -4, -5, -5, -2, -4, -4]"
369,140.21,5,False,567,424,9,4,[606],[466],[5],[2],"[817, 625, 1107, 934, 997]","[663, 726, 732, 661, 747]","[199, 263, -179, -217, -446]","[9, 0, 93, 86, 51]","[1516, 1212, 1360, 1458, 1570, 1111, 1207, 1379, 945, 916, 681, 739, 893, 1216, 783, 498, 1041, 985, 1207]","[308, 4, 40, 142, 60, 352, 417, 94, 174, 435, 438, 567, 287, 332, 513, 576, 628, 524, 603]","[5, 3, 2, 3, 3, 4, 4, 1, -3, 4, 3, -5, -3, -3, 2, 0, -5, -4, -3]","[-2, -4, -5, -4, -4, -3, -3, -5, -4, -4, -4, -1, -4, -4, -5, -5, -2, -4, -4]"
370,140.54,5,False,445,362,-8,-4,[706],[506],[5],[2],"[877, 725, 1008, 827, 798]","[652, 706, 752, 681, 748]","[159, 259, -261, -264, -496]","[-11, -20, 72, 66, 31]","[1518, 1191, 1287, 869, 996, 741, 639, 833, 1156, 818, 498, 941, 905, 1127, 868, 715, 1047, 868, 879]","[62, 292, 357, 94, 355, 358, 547, 207, 252, 413, 476, 588, 444, 523, 702, 725, 787, 701, 748]","[3, 4, 4, -4, 4, 3, -5, -3, -3, 1, 0, -5, -4, -4, -5, -3, -5, -5, -2]","[-4, -3, -3, -4, -4, -4, -1, -4, -4, -5, -5, -2, -4, -4, 0, -4, 0, -2, -5]"
371,140.87,5,False,272,293,-9,-2,[806],[546],[5],[2],"[921, 814, 880, 707, 582]","[632, 686, 763, 697, 748]","[109, 236, -321, -289, -505]","[-13, -40, 32, 46, 11]","[1271, 1367, 789, 1057, 801, 539, 761, 1076, 838, 498, 841, 825, 1047, 768, 655, 947, 768, 839]","[232, 297, 19, 275, 278, 527, 127, 172, 313, 376, 548, 364, 443, 702, 645, 787, 661, 648]","[4, 4, -4, 3, 3, -5, -4, -4, 1, 0, -5, -4, -4, -5, -3, -5, -5, -2]","[-3, -3, -3, -4, -4, -1, -4, -4, -5, -5, -2, -4, -4, 0, -4, 0, -2, -5]"
372,141.21,5,False,102,358,-7,6,[906],[586],[5],[2],"[943, 892, 737, 587, 378]","[612, 656, 759, 697, 739]","[49, 196, -353, -289, -471]","[-13, -60, -8, 26, -9]","[1351, 1447, 1107, 861, 439, 681, 996, 858, 498, 741, 745, 967, 668, 595, 847, 668, 799]","[172, 226, 180, 198, 507, 47, 94, 213, 276, 508, 288, 363, 683, 565, 787, 621, 548]","[4, 4, 2, 3, -5, -4, -4, 1, 0, -5, -4, -4, -5, -3, -5, -5, -2]","[-3, -4, -5, -4, -1, -4, -3, -5, -5, -2, -3, -4, -1, -4, 0, -2, -5]"
373,141.54,5,False,258,343,9,-3,[],[],[],[],"[952, 591, 473, 199]","[627, 739, 697, 725]","[173, -323, -230, -366]","[-29, -3, 40, 5]","[1431, 1523, 1129, 921, 339, 916, 867, 498, 641, 665, 887, 568, 535, 747, 568, 759, 893, 867, 659, 513, 308]","[92, 146, 80, 98, 487, 34, 113, 176, 468, 228, 288, 663, 485, 779, 581, 448, 592, 682, 777, 681, 705]","[4, 3, 0, 3, -5, -4, 0, 0, -5, -4, -4, -5, -3, -5, -5, -2, -5, -5, -5, -5, -4]","[-4, -4, -5, -5, -1, -3, -5, -5, -2, -3, -3, -1, -4, -1, -2, -5, -3, -1, -1, -3, -4]"
374,141.87,5,False,438,302,9,-2,[],[],[],[],"[1012, 464, 387, 72]","[613, 737, 708, 725]","[150, -257, -147, -221]","[11, 17, 60, 25]","[1509, 1583, 239, 867, 498, 541, 585, 807, 468, 475, 647, 468, 710, 793, 767, 559, 413, 228]","[12, 66, 460, 13, 76, 428, 168, 228, 643, 405, 759, 541, 348, 532, 662, 757, 621, 625]","[3, 3, -5, 0, 0, -5, -4, -4, -5, -3, -5, -5, -3, -5, -5, -5, -5, -4]","[-4, -4, -2, -5, -5, -2, -3, -3, -1, -4, -1, -2, -5, -3, -1, -1, -3, -4]"
375,142.21,5,False,588,305,5,8,[],[],[],[],"[1052, 370, 339, 7, 217]","[614, 737, 728, 725, 643]","[110, -170, -47, -61, 42]","[51, 37, 80, 45, 14]","[139, 441, 505, 727, 368, 415, 547, 368, 650, 693, 667, 459, 314, 148, 1047, 429, 397, 83, 259]","[420, 388, 108, 168, 623, 325, 739, 501, 248, 472, 642, 737, 561, 545, 620, 737, 734, 739, 643]","[-5, -5, -4, -4, -5, -3, -5, -5, -3, -5, -5, -5, -4, -4, -4, 0, 0, 4, 1]","[-2, -2, -3, -3, -1, -4, -1, -2, -5, -3, -1, -1, -3, -4, -4, -5, -5, -3, -5]"
376,142.54,5,False,747,346,9,-2,[],[],[],[],"[1077, 314, 331, 9, 250]","[634, 745, 749, 741, 646]","[70, -70, 53, 106, 162]","[91, 57, 100, 65, 54]","[39, 341, 425, 647, 268, 355, 447, 268, 590, 593, 567, 359, 234, 76, 967, 430, 397, 163, 279]","[380, 348, 48, 108, 603, 245, 719, 449, 148, 412, 622, 717, 501, 465, 540, 637, 634, 679, 543]","[-5, -5, -4, -4, -5, -3, -5, -5, -3, -5, -5, -5, -4, -3, -4, 1, 0, 4, 1]","[-2, -2, -3, -3, -1, -4, -1, -3, -5, -3, -1, -1, -3, -4, -4, -5, -5, -3, -5]"
377,142.87,5,False,798,400,-6,7,[854],[441],[-4],[4],"[1087, 298, 363, 76, 330]","[670, 765, 789, 761, 666]","[30, 39, 153, 266, 277]","[122, 63, 101, 75, 79]","[241, 567, 168, 295, 347, 176, 530, 493, 467, 259, 154, 16, 887, 450, 397, 243, 299]","[308, 48, 581, 165, 699, 389, 48, 352, 602, 697, 441, 385, 460, 537, 534, 619, 443]","[-5, -4, -5, -3, -5, -4, -3, -5, -5, -5, -4, -3, -4, 1, 0, 4, 1]","[-2, -3, -2, -4, -1, -3, -5, -3, -1, -1, -3, -4, -4, -5, -5, -3, -5]"
378,143.21,5,False,855,279,7,-7,[784],[521],[-3],[4],"[1076, 321, 430, 198, 445]","[710, 774, 812, 776, 686]","[-44, 109, 212, 377, 336]","[108, 29, 67, 41, 65]","[141, 68, 235, 247, 96, 396, 367, 159, 74, 807, 470, 397, 323, 330, 1037, 418, 470, 222, 476]","[268, 541, 85, 679, 329, 292, 582, 677, 381, 380, 437, 434, 559, 343, 705, 750, 772, 772, 694]","[-5, -5, -3, -5, -4, -4, -5, -5, -4, -4, 1, 0, 4, 2, -5, 4, 3, 5, 5]","[-2, -2, -4, -1, -3, -3, -1, -1, -3, -4, -5, -5, -3, -5, -1, -4, -4, -2, -1]"
379,143.54,5,False,1021,214,9,0,[724],[601],[-3],[4],"[1031, 368, 511, 354, 579]","[738, 768, 815, 776, 701]","[-124, 169, 250, 452, 365]","[88, -11, 27, 1, 45]","[41, 175, 147, 16, 316, 267, 59, 727, 490, 397, 403, 370, 937, 498, 530, 322, 576]","[223, 5, 640, 261, 232, 562, 638, 300, 337, 334, 499, 243, 685, 670, 692, 732, 674]","[-5, -3, -5, -4, -4, -5, -5, -4, 1, 0, 4, 2, -5, 4, 3, 5, 5]","[-3, -4, -2, -4, -3, -1, -2, -4, -5, -5, -3, -5, -1, -4, -4, -2, -1]"
380,143.87,5,False,1201,218,9,0,[664],[681],[-3],[4],"[957, 438, 611, 534, 719]","[758, 748, 808, 756, 701]","[-194, 220, 268, 495, 367]","[61, -49, -13, -39, 25]","[47, 236, 167, 648, 512, 397, 483, 410, 837, 578, 590, 422, 676, 1044, 484, 657, 554, 740]","[600, 172, 542, 220, 237, 234, 439, 143, 658, 590, 612, 692, 642, 766, 768, 841, 787, 715]","[-5, -4, -5, -3, 2, 0, 4, 2, -5, 4, 3, 5, 5, 3, 4, 5, 5, 4]","[-2, -3, -1, -4, -5, -5, -3, -5, -2, -4, -4, -2, -2, -4, -4, -2, -2, -3]"
381,144.21,5,False,1321,277,0,0,[604],[761],[-3],[4],"[859, 524, 711, 730, 853]","[763, 709, 786, 721, 701]","[-246, 256, 266, 501, 339]","[21, -69, -53, -65, 5]","[156, 67, 588, 552, 413, 566, 459, 737, 658, 650, 522, 776, 1104, 564, 757, 654, 820]","[110, 505, 140, 137, 134, 379, 43, 618, 510, 532, 652, 602, 686, 688, 801, 747, 655]","[-4, -5, -3, 2, 1, 5, 3, -5, 4, 3, 5, 5, 3, 4, 5, 5, 4]","[-4, -2, -4, -5, -5, -3, -5, -2, -4, -4, -2, -2, -4, -4, -2, -2, -3]"
382,144.54,5,False,1250,147,-9,0,[544],[841],[-3],[4],"[741, 624, 807, 911, 968]","[753, 669, 746, 681, 686]","[-277, 272, 245, 468, 287]","[-19, -89, -91, -85, -15]","[77, 533, 592, 433, 666, 648, 738, 725, 622, 876, 1164, 644, 857, 754, 900]","[30, 48, 37, 34, 319, 561, 430, 452, 612, 562, 606, 625, 753, 707, 595]","[-3, -2, 2, 1, 5, -4, 4, 4, 5, 5, 3, 4, 5, 5, 4]","[-4, -5, -5, -5, -3, -3, -4, -4, -2, -2, -4, -3, -3, -2, -3]"
383,144.87,5,False,1142,280,-3,9,[1189],[309],[-2],[5],"[622, 727, 887, 1082, 1067]","[733, 629, 706, 641, 666]","[-250, 302, 239, 432, 248]","[-8, -65, -77, -67, -1]","[766, 571, 818, 805, 722, 976, 1224, 724, 957, 854, 980, 791, 774, 904, 1039, 1063]","[259, 487, 357, 372, 572, 522, 526, 565, 693, 667, 535, 704, 672, 700, 646, 638]","[5, -3, 4, 4, 5, 5, 3, 4, 5, 5, 4, 2, 5, 2, 3, 2]","[-3, -4, -3, -4, -2, -2, -4, -3, -3, -2, -3, -5, -2, -5, -4, -5]"
384,145.21,5,False,1072,161,4,-8,[1149],[409],[-2],[5],"[524, 847, 967, 1233, 1146]","[726, 602, 666, 613, 666]","[-195, 315, 223, 371, 197]","[12, -25, -57, -27, 19]","[866, 512, 898, 885, 822, 1076, 1284, 804, 1057, 954, 1060, 831, 874, 944, 1099, 1103]","[199, 402, 297, 292, 532, 482, 431, 505, 633, 627, 475, 604, 632, 600, 549, 538]","[5, -2, 4, 4, 5, 5, 3, 4, 5, 5, 4, 2, 5, 2, 3, 2]","[-3, -5, -3, -4, -2, -2, -5, -3, -3, -2, -3, -5, -2, -5, -5, -5]"
385,145.54,5,False,1191,197,0,9,[1120],[509],[-1],[5],"[452, 967, 1043, 1354, 1201]","[726, 600, 640, 600, 666]","[-121, 304, 192, 282, 137]","[32, 15, -27, 13, 39]","[966, 478, 978, 965, 922, 1176, 1344, 884, 1145, 1054, 1140, 871, 974, 984, 1159, 1143, 533, 980, 1065, 1322, 1208]","[152, 302, 237, 212, 492, 442, 331, 445, 573, 587, 415, 504, 592, 500, 449, 438, 733, 600, 653, 620, 666]","[5, -1, 4, 4, 5, 5, 3, 4, 4, 5, 4, 2, 5, 2, 3, 2, 4, 2, 0, -5, -2]","[-2, -5, -3, -4, -2, -2, -5, -3, -3, -2, -3, -5, -2, -5, -5, -5, -4, -5, -5, -3, -5]"
386,145.87,5,False,1022,230,-9,-2,[],[],[],[],"[410, 1103, 1435, 1230]","[729, 627, 602, 676]","[-41, 152, 173, 57]","[52, 13, 53, 59]","[1066, 471, 1058, 1045, 1022, 1276, 1391, 964, 1225, 1154, 1220, 911, 1074, 1024, 1219, 1183, 613, 1020, 1065, 1222, 1168]","[112, 202, 177, 143, 452, 402, 231, 385, 513, 547, 355, 404, 552, 400, 349, 338, 653, 500, 553, 560, 566]","[5, 0, 4, 4, 5, 5, 2, 4, 4, 5, 4, 2, 5, 2, 3, 2, 4, 2, 0, -5, -2]","[-2, -5, -3, -3, -2, -2, -5, -3, -3, -2, -3, -5, -2, -5, -5, -5, -4, -5, -5, -3, -5]"
387,146.21,5,False,842,187,-9,0,[],[],[],[],"[400, 1140, 1470, 1225]","[749, 629, 622, 696]","[49, 92, 53, -23]","[72, 53, 93, 79]","[1166, 475, 1138, 1125, 1122, 1376, 1431, 1044, 1305, 1254, 1300, 951, 1174, 1064, 1279, 1223, 693, 1060, 1065, 1122, 1128]","[72, 102, 117, 83, 412, 362, 131, 325, 453, 489, 295, 304, 512, 300, 249, 238, 573, 400, 453, 500, 466]","[5, 1, 4, 4, 5, 5, 2, 4, 4, 5, 4, 2, 5, 2, 3, 2, 4, 2, 0, -5, -2]","[-2, -5, -3, -3, -2, -2, -5, -3, -3, -3, -3, -5, -2, -5, -5, -5, -4, -5, -5, -3, -5]"
388,146.54,5,False,714,291,-2,9,[754],[337],[-1],[5],"[420, 1148, 1449, 1183, 1145]","[764, 649, 642, 716, 725]","[96, -2, -101, -132, -85]","[40, 59, 99, 65, -17]","[1266, 498, 1218, 1205, 1222, 1476, 1471, 1124, 1385, 1354, 1380, 991, 1274, 1104, 1331, 1263, 773, 1100, 1065, 1022, 1085, 538, 1125, 1437, 1202, 1166]","[32, 2, 57, 13, 372, 303, 31, 251, 393, 429, 235, 204, 472, 200, 149, 138, 493, 300, 353, 440, 366, 767, 614, 610, 698, 722]","[5, 2, 4, 4, 5, 5, 2, 4, 4, 5, 4, 2, 5, 2, 2, 2, 4, 2, 0, -5, -3, 5, -4, -4, -4, -3]","[-2, -5, -3, -4, -2, -3, -5, -4, -3, -3, -3, -5, -2, -5, -5, -5, -4, -5, -5, -3, -5, -3, -4, -3, -3, -4]"
389,146.87,5,False,587,380,-9,0,[734],[437],[-1],[5],"[459, 1116, 1366, 1099, 1081]","[764, 660, 662, 731, 705]","[136, -102, -255, -232, -181]","[0, 41, 88, 45, -37]","[1322, 1556, 1204, 1465, 1434, 1460, 1031, 1374, 1144, 1371, 1303, 853, 1140, 1065, 922, 1025, 638, 1045, 1357, 1122, 1106]","[320, 243, 171, 330, 369, 170, 104, 432, 100, 49, 38, 413, 200, 253, 380, 267, 707, 534, 550, 638, 642]","[5, 4, 4, 4, 4, 4, 2, 5, 2, 2, 2, 4, 2, 0, -5, -3, 5, -4, -4, -4, -3]","[-3, -3, -4, -4, -3, -4, -5, -2, -5, -5, -5, -4, -5, -5, -3, -4, -3, -4, -3, -3, -4]"
390,147.21,5,False,407,418,-9,3,[714],[537],[-1],[5],"[513, 1046, 1226, 980, 982]","[744, 660, 682, 731, 678]","[172, -188, -386, -310, -258]","[-34, 21, 68, 25, -57]","[1418, 1284, 1545, 1514, 1540, 1071, 1474, 933, 1180, 1065, 822, 965, 738, 965, 1277, 1042, 1046, 511, 1070, 1279, 1026, 1025]","[260, 91, 250, 309, 90, 4, 383, 333, 100, 153, 321, 187, 647, 454, 490, 578, 562, 773, 695, 702, 745, 735]","[4, 4, 4, 4, 4, 2, 5, 4, 2, 0, -5, -3, 5, -4, -4, -4, -3, -4, -5, -5, -4, -5]","[-3, -4, -4, -3, -4, -5, -3, -4, -5, -5, -2, -4, -3, -4, -3, -3, -4, -3, 0, -2, -3, 0]"
391,147.54,5,False,227,458,-9,4,[694],[637],[-1],[5],"[573, 946, 1040, 834, 856]","[720, 660, 700, 731, 638]","[192, -258, -484, -362, -312]","[-54, 1, 48, 5, -71]","[1498, 1364, 1594, 1569, 1013, 1065, 722, 899, 832, 885, 1197, 962, 986, 431, 970, 1179, 945, 925]","[200, 11, 248, 323, 253, 53, 281, 107, 587, 374, 430, 518, 482, 713, 695, 662, 685, 735]","[4, 4, 4, 4, 4, 0, -5, -4, 4, -4, -4, -4, -3, -4, -5, -5, -5, -5]","[-3, -4, -4, -3, -4, -5, -2, -4, -3, -4, -3, -3, -4, -3, 0, -2, -3, 0]"
392,147.87,5,False,213,419,6,-7,[],[],[],[],"[823, 824, 674, 716]","[641, 700, 716, 600]","[-306, -542, -384, -340]","[-10, 28, -15, -71]","[1578, 1093, 622, 819, 912, 805, 1114, 882, 907, 351, 870, 1079, 845, 825]","[131, 173, 241, 36, 527, 314, 370, 458, 402, 653, 695, 622, 625, 716]","[4, 4, -5, -4, 4, -4, -5, -4, -4, -4, -5, -5, -5, -5]","[-4, -4, -2, -3, -3, -3, -3, -3, -4, -3, 0, -2, -3, -1]"
393,148.2,5,False,379,388,9,1,[],[],[],[],"[688, 604, 518, 576, 1068]","[634, 700, 696, 600, 770]","[-294, -523, -340, -306, -34]","[24, 42, -1, -37, 0]","[1172, 522, 992, 725, 1014, 802, 827, 271, 770, 979, 745, 725, 750, 747, 613, 646, 1034]","[93, 201, 467, 254, 310, 398, 322, 593, 695, 582, 565, 696, 643, 684, 683, 643, 771]","[3, -5, 4, -4, -5, -4, -4, -4, -5, -5, -5, -5, -5, -4, -4, -5, -5]","[-4, -2, -3, -3, -3, -3, -4, -3, 0, -2, -3, -1, -2, -3, -4, 0, -2]"
394,148.54,5,False,479,474,5,-8,[523],[517],[2],[5],"[569, 397, 388, 458, 1036]","[642, 713, 696, 600, 770]","[-249, -454, -261, -239, -74]","[64, 62, 19, 3, 0]","[1232, 422, 1072, 645, 914, 713, 747, 191, 670, 879, 645, 625, 650, 667, 533, 546, 934]","[13, 161, 407, 194, 250, 338, 243, 520, 695, 542, 505, 676, 603, 624, 603, 643, 731]","[3, -5, 4, -4, -5, -5, -4, -4, -5, -5, -5, -5, -5, -4, -4, -5, -5]","[-4, -2, -3, -3, -3, -3, -3, -4, 0, -2, -3, -1, -2, -3, -4, 0, -2]"
395,148.87,5,False,540,300,4,-8,[563],[617],[2],[5],"[474, 228, 294, 369, 989]","[662, 733, 696, 600, 770]","[-183, -345, -160, -152, -111]","[93, 82, 39, 43, 0]","[322, 1152, 565, 814, 613, 667, 111, 570, 779, 545, 525, 550, 587, 453, 446, 834, 519, 342, 388, 463, 1021]","[140, 344, 134, 201, 278, 183, 440, 695, 502, 445, 656, 563, 564, 523, 643, 691, 662, 745, 717, 621, 777]","[-5, 4, -4, -5, -5, -4, -4, -5, -5, -5, -5, -5, -4, -4, -5, -5, -3, 4, 5, 5, -3]","[-1, -4, -3, -2, -3, -3, -4, 0, -2, -3, -1, -2, -3, -4, 0, -2, -5, -3, -2, -2, -4]"
396,149.21,4,False,707,257,9,-1,[589],[717],[1],[5],"[406, 108, 246, 319, 929]","[696, 756, 706, 617, 770]","[-103, -209, -40, -52, -131]","[113, 100, 59, 83, 0]","[222, 1232, 485, 714, 587, 44, 470, 679, 445, 425, 450, 507, 373, 346, 734, 464, 422, 488, 563, 961]","[120, 264, 74, 161, 123, 360, 691, 462, 385, 636, 523, 504, 443, 643, 651, 562, 685, 677, 570, 697]","[-5, 4, -4, -5, -4, -3, -5, -5, -5, -5, -5, -4, -4, -5, -5, -2, 4, 5, 5, -3]","[-1, -4, -3, -2, -3, -4, -1, -2, -3, -1, -2, -3, -4, 0, -2, -5, -3, -2, -3, -4]"
397,149.54,4,False,810,335,-8,5,[604],[817],[0],[5],"[375, 47, 246, 309, 869]","[736, 796, 726, 649, 770]","[-6, -51, 80, 48, -141]","[133, 100, 79, 123, 0]","[122, 1312, 405, 614, 507, 370, 579, 356, 325, 350, 427, 307, 246, 634, 424, 502, 588, 663, 901]","[100, 184, 14, 121, 63, 671, 422, 325, 616, 483, 444, 363, 623, 611, 462, 625, 637, 510, 617]","[-5, 4, -4, -5, -4, -5, -5, -4, -5, -5, -4, -3, -5, -5, -2, 4, 5, 5, -3]","[-1, -4, -3, -2, -3, -1, -2, -3, -1, -2, -3, -4, -1, -2, -5, -3, -2, -3, -4]"
398,149.87,4,False,755,374,8,-5,[],[],[],[],"[378, 45, 288, 334, 796]","[776, 802, 746, 689, 753]","[60, 75, 166, 114, -174]","[107, 66, 65, 110, -34]","[22, 1383, 514, 427, 270, 479, 276, 225, 250, 347, 247, 146, 534, 384, 582, 688, 763, 841, 477, 160, 332, 444, 884]","[80, 104, 81, 3, 651, 382, 265, 596, 443, 384, 283, 603, 571, 362, 565, 597, 450, 537, 711, 784, 692, 669, 728]","[-5, 3, -5, -4, -5, -5, -4, -5, -5, -4, -3, -5, -5, -2, 4, 5, 5, -3, 4, 4, 2, 5, -1]","[-1, -4, -2, -3, -1, -2, -3, -1, -2, -3, -4, -1, -2, -5, -3, -2, -3, -4, -4, -4, -5, -2, -5]"
399,150.21,4,False,924,304,9,-2,[],[],[],[],"[405, 89, 359, 383, 716]","[799, 805, 756, 719, 726]","[118, 195, 231, 174, -194]","[67, 26, 30, 90, -57]","[1443, 414, 170, 379, 196, 125, 150, 267, 187, 46, 434, 344, 662, 788, 863, 781, 557, 240, 392, 544, 864]","[24, 41, 631, 342, 205, 559, 403, 324, 203, 583, 531, 262, 505, 557, 390, 457, 631, 704, 592, 629, 628]","[3, -5, -5, -5, -4, -5, -5, -4, -3, -5, -5, -2, 4, 5, 5, -3, 4, 4, 3, 5, -1]","[-4, -2, -1, -2, -3, -2, -2, -3, -4, -1, -2, -5, -3, -2, -3, -4, -4, -4, -5, -2, -5]"
400,150.54,4,False,1080,355,5,8,[],[],[],[],"[450, 179, 453, 454, 636]","[806, 798, 751, 739, 686]","[158, 298, 281, 220, -198]","[27, -14, -10, 70, -77]","[314, 70, 279, 116, 25, 54, 187, 127, 334, 316, 742, 888, 963, 721, 637, 320, 452, 644, 844, 503, 211, 493, 507, 714]","[1, 598, 293, 142, 519, 345, 255, 118, 491, 162, 445, 517, 330, 377, 551, 624, 492, 589, 528, 827, 817, 777, 761, 710]","[-5, -5, -5, -4, -5, -4, -4, -3, -5, -1, 4, 5, 5, -3, 4, 4, 3, 5, -1, 5, 3, 5, 5, 1]","[-2, -2, -3, -4, -2, -3, -4, -5, -2, -5, -3, -2, -3, -4, -4, -4, -5, -2, -5, -2, -4, -2, -2, -5]"
401,150.87,4,False,1072,492,-9,2,[],[],[],[],"[510, 308, 564, 537, 556]","[799, 776, 731, 755, 646]","[195, 381, 311, 252, -187]","[-13, -54, -31, 42, -95]","[179, 39, 107, 79, 234, 296, 822, 988, 1063, 661, 717, 400, 512, 744, 824, 603, 271, 593, 607, 746]","[233, 62, 175, 18, 451, 62, 385, 477, 274, 297, 471, 544, 408, 549, 428, 787, 737, 737, 721, 610]","[-5, -3, -4, -2, -5, -1, 4, 5, 5, -3, 4, 4, 3, 5, -1, 5, 3, 5, 5, 2]","[-3, -4, -4, -5, -2, -5, -3, -2, -2, -4, -4, -4, -4, -2, -5, -2, -4, -2, -2, -5]"
402,151.21,4,False,1059,477,9,-4,[1004],[555],[-5],[1],"[586, 462, 684, 637, 476]","[777, 736, 710, 755, 606]","[215, 434, 318, 265, -161]","[-53, -87, -51, 2, -95]","[81, 27, 134, 902, 1088, 1163, 601, 797, 480, 572, 844, 804, 703, 338, 693, 707, 786]","[173, 95, 408, 325, 437, 234, 216, 401, 484, 328, 509, 328, 747, 657, 697, 681, 510]","[-4, -4, -5, 4, 5, 5, -3, 4, 4, 3, 5, -1, 5, 4, 5, 5, 2]","[-3, -4, -3, -3, -2, -2, -5, -3, -3, -4, -2, -5, -2, -4, -2, -2, -5]"
403,151.54,4,False,1210,446,0,0,[904],[575],[-5],[1],"[668, 637, 804, 737, 416]","[737, 696, 684, 747, 600]","[253, 489, 335, 292, -87]","[-53, -73, -37, 10, -61]","[1, 34, 982, 1188, 1263, 541, 877, 560, 632, 944, 789, 803, 418, 793, 807, 826, 717, 604, 837, 783, 592]","[113, 348, 265, 397, 194, 116, 341, 424, 248, 469, 228, 707, 577, 657, 641, 410, 748, 702, 695, 777, 630]","[-4, -5, 4, 5, 5, -3, 4, 4, 3, 5, 0, 5, 4, 5, 5, 2, 4, 4, 5, 5, 5]","[-3, -3, -3, -2, -2, -5, -3, -3, -4, -2, -5, -2, -4, -2, -2, -5, -4, -4, -3, -1, -1]"
404,151.87,4,False,1161,546,-9,-2,[804],[595],[-5],[1],"[768, 832, 924, 850, 390]","[715, 656, 664, 747, 600]","[280, 513, 332, 304, 5]","[-33, -53, -17, 30, -21]","[1069, 1288, 1363, 487, 957, 640, 700, 1044, 789, 903, 498, 893, 907, 866, 797, 684, 937, 883, 692]","[205, 357, 158, 16, 281, 364, 168, 429, 128, 667, 497, 617, 601, 310, 668, 622, 635, 757, 610]","[5, 5, 5, -2, 4, 4, 4, 5, 0, 5, 4, 5, 5, 2, 4, 4, 5, 5, 5]","[-3, -2, -1, -5, -3, -3, -4, -2, -5, -2, -4, -2, -2, -5, -4, -4, -3, -1, -1]"
405,152.21,4,False,996,460,-8,-5,[704],[615],[-5],[1],"[868, 1030, 1044, 963, 404]","[695, 634, 649, 748, 600]","[287, 497, 305, 293, 104]","[-13, -17, 9, 50, 19]","[1169, 1388, 1463, 1038, 720, 780, 1144, 789, 1003, 578, 993, 1007, 923, 877, 764, 1037, 983, 792, 914, 1038, 1048, 982, 459]","[145, 317, 138, 221, 304, 88, 389, 28, 627, 417, 577, 561, 210, 588, 542, 575, 737, 590, 742, 657, 725, 747, 607]","[5, 5, 5, 5, 4, 4, 5, 0, 5, 4, 5, 5, 3, 4, 4, 5, 5, 5, 5, 4, 0, 2, 4]","[-3, -2, -1, -3, -3, -4, -2, -5, -2, -4, -2, -2, -5, -4, -4, -3, -1, -1, 0, -3, 5, -5, -4]"
406,152.54,4,False,821,391,-9,-3,[604],[635],[-5],[1],"[968, 1208, 1146, 1063, 453]","[683, 626, 649, 768, 605]","[274, 445, 256, 261, 184]","[7, 23, 49, 53, 59]","[1269, 1488, 1563, 1138, 800, 860, 1244, 1103, 658, 1093, 1107, 983, 957, 844, 1137, 1083, 892, 1014, 1118, 1036, 1022, 539]","[97, 277, 123, 161, 244, 8, 349, 587, 337, 537, 521, 121, 508, 462, 515, 717, 570, 742, 597, 824, 647, 527]","[5, 5, 5, 5, 4, 4, 5, 5, 4, 5, 5, 3, 4, 4, 5, 5, 5, 5, 4, -2, 2, 4]","[-2, -2, 0, -3, -3, -4, -2, -2, -4, -2, -2, -4, -4, -4, -3, -1, -1, 0, -3, 4, -5, -4]"
407,152.87,4,False,641,408,-9,0,[],[],[],[],"[1063, 1359, 1225, 1148]","[683, 633, 669, 788]","[241, 357, 190, 210]","[27, 63, 71, 53]","[1369, 1588, 1238, 880, 1344, 1203, 738, 1193, 1207, 1043, 1037, 924, 1224, 1183, 992, 1114, 1198, 947, 1062, 619]","[57, 237, 101, 184, 309, 547, 265, 493, 481, 41, 428, 382, 455, 697, 550, 742, 533, 838, 547, 447]","[5, 5, 5, 4, 5, 5, 4, 5, 5, 3, 4, 4, 4, 5, 5, 5, 4, -5, 2, 4]","[-2, -2, -3, -3, -2, -2, -3, -3, -2, -4, -4, -4, -3, -1, -1, 0, -4, -2, -5, -4]"
408,153.21,3,False,461,341,-9,-2,[],[],[],[],"[1134, 1463, 1268, 1204, 449]","[683, 653, 689, 792, 604]","[157, 210, 76, 115, 34]","[13, 67, 57, 19, 0]","[1469, 1337, 976, 1444, 1303, 818, 1290, 1307, 1117, 1004, 1304, 1283, 1092, 1214, 1278, 864, 1086, 1029, 1339, 1196, 1122, 552]","[13, 41, 124, 269, 507, 205, 433, 441, 348, 302, 395, 673, 522, 742, 453, 782, 447, 701, 660, 700, 802, 588]","[5, 4, 4, 5, 5, 4, 4, 5, 4, 4, 4, 5, 5, 5, 4, -4, 1, -5, -5, -5, -5, 4]","[-3, -3, -3, -2, -2, -3, -3, -2, -4, -4, -3, -2, -2, 0, -4, -3, -5, -1, -1, -1, -2, -3]"
409,153.54,3,False,337,405,6,7,[],[],[],[],"[1166, 1503, 1264, 1215, 462]","[676, 670, 696, 781, 604]","[57, 47, -44, -5, 74]","[-7, 47, 37, -21, 0]","[1056, 1544, 1403, 898, 1370, 1407, 1185, 1084, 1384, 1383, 1192, 1314, 1340, 784, 1106, 929, 1239, 1096, 1022, 632]","[64, 224, 467, 128, 373, 401, 268, 222, 335, 633, 482, 729, 373, 722, 347, 681, 640, 680, 762, 528]","[4, 5, 5, 4, 4, 5, 3, 4, 4, 5, 5, 5, 3, -4, 1, -5, -5, -5, -5, 4]","[-3, -3, -2, -4, -3, -2, -4, -4, -3, -2, -2, -1, -4, -3, -5, -1, -1, -1, -2, -3]"
410,153.87,3,True,402,489,-9,0,[482],[550],[4],[4],"[1158, 1476, 1211, 1178, 490]","[656, 670, 696, 755, 604]","[-43, -121, -164, -116, 114]","[-27, 27, 17, -61, 0]","[1136, 1503, 978, 1450, 1507, 1245, 1147, 1464, 1483, 1292, 1414, 1392, 704, 1115, 829, 1139, 996, 922, 712, 1178, 1491, 1232, 1206, 548]","[4, 427, 48, 301, 359, 188, 142, 268, 589, 442, 706, 278, 662, 247, 661, 620, 660, 722, 468, 711, 698, 731, 814, 639]","[4, 5, 4, 4, 5, 3, 3, 4, 5, 5, 5, 2, -4, 0, -5, -5, -5, -5, 4, -5, -5, -5, -5, 5]","[-3, -2, -4, -4, -3, -4, -4, -4, -3, -2, -2, -5, -3, -5, -1, -1, -1, -2, -3, 0, -1, 0, 0, 0]"
411,154.21,3,True,330,393,-1,-9,[],[],[],[],"[1110, 1384, 1113, 1100]","[636, 670, 693, 715]","[-143, -279, -267, -216]","[-33, 7, -3, -84]","[1514, 1305, 1207, 1544, 1567, 1392, 1512, 1424, 624, 1115, 729, 1039, 896, 822, 792, 1078, 1391, 1132, 1106, 648]","[220, 108, 62, 188, 529, 402, 661, 178, 602, 147, 641, 600, 640, 682, 401, 711, 678, 731, 801, 636]","[3, 3, 3, 4, 4, 5, 4, 1, -4, 0, -5, -5, -5, -5, 4, -5, -5, -5, -5, 5]","[-5, -4, -4, -4, -3, -2, -3, -5, -3, -5, -1, -1, -1, -2, -4, 0, -1, 0, -1, -1]"
412,154.54,3,True,392,281,9,0,[],[],[],[],"[1024, 1235, 980, 988]","[616, 657, 673, 671]","[-226, -412, -348, -294]","[-33, -13, -23, -104]","[1549, 1365, 1488, 1578, 1429, 544, 1115, 629, 939, 796, 722, 872, 978, 1291, 1032, 1006, 748]","[120, 14, 348, 582, 78, 542, 47, 612, 580, 620, 642, 321, 711, 658, 731, 781, 616]","[1, 3, 4, 2, 0, -4, 0, -5, -5, -5, -5, 4, -5, -5, -5, -5, 5]","[-5, -5, -3, -5, -5, -3, -5, -2, -1, -1, -2, -4, 0, -1, 0, -1, -1]"
413,154.87,3,True,572,300,9,0,[],[],[],[],"[917, 1044, 820, 850, 1499]","[600, 645, 653, 623, 830]","[-257, -477, -364, -313, -119]","[1, 14, -9, -77, 0]","[1548, 1568, 1584, 464, 529, 839, 696, 622, 938, 878, 1191, 932, 906, 848, 960, 1153, 936, 923, 1478]","[20, 285, 482, 482, 572, 560, 600, 602, 241, 711, 638, 731, 761, 591, 636, 675, 623, 671, 831]","[-1, 4, -1, -4, -5, -5, -5, -5, 3, -5, -5, -5, -5, 5, -5, -5, -3, -5, -5]","[-5, -4, -5, -3, -2, -1, -1, -2, -4, 0, -1, 0, -1, -2, -1, -1, -5, -2, -2]"
414,155.21,3,True,752,300,9,0,[],[],[],[],"[797, 844, 665, 710, 1417]","[600, 648, 648, 600, 830]","[-260, -497, -342, -301, -239]","[41, 54, 28, -37, 0]","[1541, 388, 429, 739, 596, 522, 998, 778, 1091, 832, 806, 948, 860, 1053, 876, 823, 1378]","[386, 403, 532, 540, 580, 562, 161, 711, 618, 731, 741, 551, 605, 643, 539, 631, 791]","[-3, -3, -5, -5, -5, -5, 3, -5, -5, -5, -5, 5, -5, -5, -3, -5, -5]","[-4, -4, -2, -1, -1, -2, -4, 0, -1, 0, -1, -2, -2, -2, -4, -2, -2]"
415,155.54,6,False,913,297,-1,9,[],[],[],[],"[688, 644, 528, 590, 1289]","[616, 668, 658, 600, 830]","[-238, -477, -292, -262, -341]","[81, 77, 61, 3, 0]","[1455, 344, 329, 619, 476, 422, 1058, 658, 971, 712, 686, 1048, 749, 933, 816, 723, 1274]","[310, 297, 485, 500, 546, 502, 61, 711, 578, 731, 721, 492, 565, 603, 439, 571, 751]","[-5, 0, -5, -6, -6, -5, 3, -6, -6, -6, -6, 5, -5, -6, -3, -5, -5]","[-3, -6, -3, -2, -2, -3, -5, 0, -2, 0, -1, -3, -2, -2, -5, -3, -2]"
416,155.87,6,False,815,352,2,-9,[867],[453],[-4],[4],"[590, 454, 417, 488, 1126]","[647, 688, 678, 600, 830]","[-196, -417, -217, -200, -413]","[121, 97, 81, 43, 0]","[1355, 375, 229, 512, 361, 322, 538, 851, 592, 566, 1134, 649, 825, 756, 623, 1174, 670, 568, 523, 552, 1207]","[260, 187, 425, 460, 506, 442, 711, 538, 731, 684, 416, 525, 563, 339, 511, 711, 638, 686, 692, 593, 823]","[-5, 4, -5, -5, -5, -5, -6, -6, -6, -6, 4, -5, -5, -3, -5, -5, 1, 3, 5, 0, -1]","[-2, -4, -3, -2, -2, -3, 0, -2, 0, -2, -4, -2, -2, -5, -3, -2, -6, -5, -3, -6, -6]"
417,156.21,6,False,930,208,7,-6,[787],[533],[-4],[4],"[515, 296, 339, 416, 946]","[687, 726, 700, 617, 830]","[-136, -324, -121, -120, -450]","[143, 117, 101, 83, 0]","[1235, 471, 149, 412, 261, 236, 418, 731, 472, 459, 1203, 549, 725, 696, 523, 1074, 690, 628, 623, 558, 1187]","[231, 129, 342, 418, 464, 362, 697, 498, 715, 644, 324, 466, 523, 239, 451, 671, 518, 586, 632, 473, 703]","[-6, 6, -3, -5, -5, -4, -6, -6, -6, -5, 3, -5, -5, -3, -5, -5, 1, 3, 5, 1, -1]","[-1, -2, -5, -3, -3, -4, -1, -2, -1, -2, -5, -3, -2, -5, -3, -2, -6, -5, -3, -6, -6]"
418,156.54,6,False,1054,159,-1,9,[707],[613],[-4],[4],"[458, 176, 295, 370, 746]","[727, 764, 727, 637, 809]","[-95, -234, -53, -60, -484]","[129, 96, 87, 89, -34]","[1115, 591, 114, 312, 161, 165, 298, 627, 352, 359, 1242, 456, 625, 645, 437, 974, 715, 688, 723, 578, 1167, 556, 287, 382, 457, 858]","[211, 106, 232, 358, 403, 271, 669, 458, 690, 589, 216, 397, 472, 139, 373, 618, 398, 486, 572, 353, 583, 742, 784, 733, 650, 811]","[-6, 6, 0, -5, -5, -3, -6, -5, -6, -5, 1, -4, -5, -2, -4, -5, 2, 3, 5, 1, -1, 5, 5, 4, 4, 2]","[-1, -1, -6, -3, -4, -5, -2, -2, -2, -3, -6, -4, -3, -5, -4, -3, -6, -5, -3, -6, -6, -3, -2, -5, -4, -6]"
419,156.88,5,False,1022,339,3,9,[634],[711],[-3],[5],"[418, 94, 282, 348, 546]","[767, 784, 747, 657, 777]","[-55, -132, 27, 0, -484]","[101, 56, 67, 83, -74]","[711, 143, 228, 82, 127, 198, 527, 247, 268, 1255, 385, 525, 605, 362, 874, 755, 748, 823, 612, 1147, 656, 387, 462, 537, 898]","[105, 120, 280, 320, 161, 618, 417, 647, 517, 96, 306, 412, 30, 285, 558, 279, 386, 512, 234, 463, 682, 744, 641, 570, 691]","[6, 3, -4, -3, -1, -5, -5, -5, -4, 0, -3, -5, -2, -3, -5, 2, 3, 5, 2, -1, 5, 5, 4, 4, 2]","[0, -5, -4, -5, -6, -3, -3, -3, -4, -6, -5, -3, -6, -5, -3, -5, -5, -3, -5, -6, -3, -2, -4, -4, -6]"
420,157.28,5,False,1147,241,9,-2,[560],[808],[-4],[4],"[396, 56, 299, 352, 349]","[787, 787, 757, 677, 730]","[-11, -12, 107, 60, -444]","[61, 16, 31, 63, -108]","[831, 233, 173, 39, 132, 114, 427, 150, 196, 349, 429, 309, 774, 795, 808, 923, 659, 1127, 756, 487, 542, 617, 938, 479, 139, 354, 418, 491]","[105, 49, 178, 213, 41, 540, 357, 582, 427, 196, 344, 184, 498, 179, 286, 452, 134, 343, 622, 698, 561, 490, 571, 795, 808, 764, 692, 784]","[6, 5, -1, -1, 2, -3, -5, -4, -3, 0, -4, -2, -5, 2, 3, 5, 3, -1, 5, 5, 4, 4, 2, 4, 6, 4, 5, 6]","[0, -2, -6, -6, -6, -5, -3, -4, -5, -6, -4, -6, -3, -5, -5, -3, -5, -6, -3, -3, -4, -4, -6, -5, -2, -4, -2, -1]"
421,157.62,5,False,1272,363,4,9,[480],[888],[-4],[4],"[393, 67, 346, 379, 177]","[792, 775, 752, 690, 670]","[49, 108, 168, 120, -368]","[21, -24, -9, 43, -128]","[951, 348, 184, 60, 84, 327, 84, 161, 370, 350, 296, 674, 855, 877, 1023, 723, 1107, 856, 587, 622, 702, 978, 559, 250, 434, 518, 611]","[117, 19, 62, 98, 428, 297, 490, 316, 81, 261, 64, 431, 79, 189, 392, 35, 223, 562, 640, 481, 410, 451, 707, 768, 684, 652, 745]","[6, 6, 3, 3, 0, -5, -2, 0, 3, -3, 0, -5, 3, 4, 5, 4, -1, 5, 5, 4, 5, 2, 4, 6, 4, 5, 6]","[1, -1, -5, -5, -6, -3, -5, -6, -5, -5, -6, -4, -5, -4, -3, -4, -6, -3, -2, -4, -4, -6, -4, -2, -4, -2, -2]"
422,157.96,5,False,1261,490,-9,3,[],[],[],[],"[413, 126, 416, 430, 41]","[782, 748, 732, 690, 610]","[97, 222, 225, 171, -259]","[-19, -63, -31, 23, -135]","[1071, 468, 149, 120, 240, 76, 176, 460, 300, 594, 957, 1123, 1087, 956, 687, 702, 802, 1018, 639, 370, 521, 618, 731, 498, 193, 469, 489, 166]","[140, 16, 28, 318, 220, 370, 198, 14, 157, 351, 109, 332, 103, 502, 600, 401, 341, 343, 627, 728, 604, 612, 705, 823, 808, 759, 725, 675]","[6, 6, 5, 4, -4, 1, 2, 6, -1, -4, 4, 5, -1, 5, 5, 4, 5, 2, 4, 6, 5, 5, 6, 6, 6, 5, 6, 6]","[2, 0, -2, -5, -4, -6, -5, -2, -6, -4, -4, -3, -6, -3, -2, -4, -3, -5, -4, -2, -4, -2, -2, -2, 0, -3, 0, 0]"
423,158.29,5,False,1158,513,7,-6,[1158],[583],[-6],[2],"[458, 232, 509, 502, 0]","[762, 710, 712, 690, 600]","[171, 351, 298, 245, -93]","[-25, -49, -17, 37, -101]","[1178, 588, 268, 212, 169, 134, 250, 580, 301, 514, 1046, 1223, 1056, 787, 787, 902, 1058, 719, 490, 621, 721, 851, 618, 313, 569, 609, 286]","[181, 16, 8, 250, 129, 272, 111, 2, 37, 271, 34, 281, 442, 560, 321, 281, 243, 547, 688, 539, 572, 665, 783, 808, 699, 725, 675]","[5, 6, 6, 5, -3, 4, 5, 6, 2, -4, 5, 5, 5, 5, 5, 5, 2, 4, 6, 5, 6, 6, 6, 6, 5, 6, 6]","[3, 0, 0, -2, -5, -4, -3, 0, -6, -4, -3, -2, -3, -2, -4, -3, -5, -4, -2, -3, -2, -2, -2, 0, -3, 0, 0]"
424,158.63,5,False,1212,479,0,0,[1038],[608],[-6],[1],"[531, 387, 632, 603, 5]","[742, 690, 696, 698, 600]","[244, 461, 354, 305, 83]","[-17, -29, 3, 57, -61]","[1278, 708, 388, 326, 144, 232, 357, 700, 448, 1323, 1156, 887, 887, 1002, 1105, 799, 610, 721, 841, 971, 738, 433, 669, 729, 406, 584, 417, 675, 647, 77]","[241, 36, 8, 217, 16, 215, 66, 8, 174, 241, 396, 520, 256, 221, 143, 467, 648, 479, 532, 625, 743, 808, 639, 725, 675, 776, 728, 738, 712, 628]","[5, 6, 6, 6, 0, 5, 6, 6, -3, 5, 5, 5, 5, 5, 3, 4, 6, 5, 6, 6, 6, 6, 5, 6, 6, 5, 6, 6, 5, 6]","[3, 1, 0, -1, -6, -2, -1, 1, -5, -2, -2, -2, -3, -3, -5, -4, -2, -3, -2, -2, -2, 0, -3, 0, 0, -2, -1, 0, -3, -1]"
425,159.01,5,False,1085,361,-9,-3,[918],[630],[-6],[2],"[630, 578, 772, 723, 61]","[726, 670, 696, 718, 600]","[299, 536, 384, 342, 243]","[3, -9, 23, 77, -21]","[1371, 828, 508, 446, 351, 477, 820, 409, 1438, 1256, 987, 987, 1102, 1165, 897, 730, 821, 961, 1091, 857, 553, 769, 849, 526, 684, 537, 795, 747, 197]","[311, 60, 13, 204, 188, 54, 30, 65, 201, 356, 480, 196, 161, 43, 391, 608, 419, 492, 585, 703, 808, 579, 725, 675, 736, 708, 738, 652, 608]","[4, 6, 6, 6, 6, 6, 6, -1, 6, 5, 5, 5, 5, 3, 5, 6, 5, 6, 6, 5, 6, 5, 6, 6, 5, 6, 6, 5, 6]","[4, 2, 1, 0, -1, 0, 2, -6, -2, -2, -2, -3, -3, -5, -3, -2, -3, -2, -2, -2, 0, -3, 0, 0, -2, -1, 0, -3, -1]"
426,159.36,4,False,918,279,-8,-5,[],[],[],[],"[750, 912, 856, 180]","[726, 696, 738, 600]","[331, 388, 355, 391]","[23, 43, 97, 19]","[1451, 948, 628, 566, 471, 597, 934, 1558, 1356, 1087, 1087, 1202, 850, 921, 1081, 1210, 957, 673, 869, 969, 646, 784, 657, 915, 847, 317, 791, 769, 919, 868, 215]","[392, 100, 33, 204, 177, 54, 70, 161, 316, 440, 136, 101, 568, 359, 452, 545, 663, 789, 519, 725, 675, 696, 688, 736, 592, 588, 747, 655, 689, 737, 628]","[4, 6, 6, 6, 6, 6, 5, 6, 5, 5, 5, 5, 6, 5, 6, 5, 5, 6, 5, 6, 6, 5, 6, 6, 5, 6, 6, 1, 2, 2, 6]","[5, 2, 1, 0, 0, 0, 2, -2, -2, -2, -3, -3, -2, -3, -2, -2, -2, -1, -3, 0, 0, -2, -1, -1, -3, -1, -2, -6, -6, -5, -1]"
427,159.74,4,False,748,310,-9,4,[],[],[],[],"[870, 1052, 988, 352]","[726, 710, 776, 605]","[340, 361, 342, 509]","[43, 63, 105, 59]","[1500, 1050, 748, 686, 591, 717, 1034, 1456, 1187, 1187, 1302, 964, 1021, 1185, 1310, 1057, 793, 969, 1089, 766, 884, 777, 1035, 947, 437, 902, 789, 949, 908, 335]","[496, 140, 53, 204, 177, 54, 115, 256, 400, 76, 41, 528, 299, 412, 505, 623, 769, 459, 719, 675, 637, 668, 716, 532, 568, 707, 535, 569, 637, 608]","[1, 5, 6, 6, 6, 6, 5, 5, 5, 5, 5, 5, 5, 5, 5, 5, 6, 5, 6, 6, 5, 6, 6, 5, 6, 5, 1, 1, 2, 6]","[6, 2, 1, 0, 0, 0, 3, -3, -2, -3, -3, -2, -3, -2, -2, -2, -1, -3, -1, 0, -3, -1, -1, -3, -1, -2, -6, -6, -5, -1]"
428,160.08,4,False,568,331,-9,0,[],[],[],[],"[987, 1171, 1100, 558, 1377]","[726, 729, 801, 625, 797]","[292, 275, 271, 555, -49]","[29, 49, 71, 65, -15]","[1473, 1150, 868, 806, 711, 837, 1133, 1556, 1287, 1287, 1064, 1121, 1285, 1410, 1157, 913, 1069, 1209, 886, 984, 897, 1155, 1047, 557, 1002, 806, 965, 948, 455, 975, 1152, 1083, 537, 1397]","[606, 194, 88, 204, 177, 63, 178, 196, 346, 16, 488, 239, 372, 451, 564, 749, 399, 699, 675, 577, 644, 692, 472, 548, 658, 415, 449, 537, 588, 726, 736, 808, 615, 858]","[-4, 5, 6, 6, 6, 6, 4, 5, 5, 5, 5, 5, 5, 5, 5, 6, 5, 6, 6, 5, 6, 6, 5, 6, 5, 0, 0, 2, 6, -2, -4, -4, 1, -5]","[4, 3, 2, 0, 0, 1, 4, -3, -3, -3, -2, -3, -2, -3, -3, -1, -3, -1, 0, -3, -2, -2, -3, -1, -3, -6, -6, -5, -1, -5, -4, -4, -6, -3]"
429,160.43,4,False,456,378,8,5,[],[],[],[],"[1078, 1249, 1178, 778, 1318]","[726, 729, 811, 645, 774]","[215, 162, 172, 552, -189]","[9, 29, 31, 65, -55]","[1366, 1241, 969, 926, 831, 957, 1206, 1387, 1164, 1221, 1385, 1507, 1257, 1033, 1169, 1329, 1006, 1084, 1017, 1263, 1142, 677, 1102, 806, 965, 988, 575, 935, 1072, 1003, 557, 1297]","[648, 265, 133, 204, 177, 89, 266, 286, 445, 179, 317, 385, 504, 729, 339, 675, 670, 517, 604, 652, 400, 528, 595, 295, 329, 417, 568, 626, 656, 728, 495, 798]","[-6, 4, 5, 6, 6, 6, 3, 5, 5, 5, 5, 4, 5, 6, 5, 6, 6, 5, 6, 5, 4, 6, 5, 0, 0, 2, 6, -2, -4, -4, 1, -5]","[1, 4, 3, 0, 0, 2, 5, -3, -3, -3, -3, -4, -3, -1, -3, -2, -1, -3, -2, -2, -4, -1, -4, -6, -6, -6, -1, -5, -4, -4, -6, -3]"
430,160.77,3,False,454,396,-9,-4,[620],[486],[5],[3],"[1135, 1279, 1215, 980, 1205]","[715, 729, 799, 665, 734]","[122, 42, 62, 508, -313]","[-11, 9, -9, 51, -87]","[1246, 1301, 1066, 1046, 951, 1058, 1229, 1483, 1264, 1313, 1485, 1581, 1346, 1153, 1262, 1439, 1126, 1177, 1118, 1363, 1222, 797, 1182, 802, 945, 1008, 695, 875, 986, 923, 1197, 1125, 1275, 1209, 916, 1253]","[651, 362, 198, 215, 184, 140, 381, 219, 385, 102, 257, 298, 428, 690, 264, 635, 650, 443, 564, 592, 320, 508, 515, 175, 209, 297, 548, 526, 576, 648, 738, 765, 750, 825, 697, 769]","[-6, 2, 4, 6, 6, 5, 0, 4, 5, 4, 5, 3, 4, 6, 4, 5, 6, 4, 5, 5, 4, 6, 4, -1, -2, 1, 6, -3, -5, -4, -5, -6, -5, -5, -6, -5]","[0, 6, 4, 1, 1, 3, 6, -4, -3, -4, -3, -5, -4, -2, -4, -2, -1, -4, -2, -3, -4, -1, -4, -6, -6, -6, -1, -5, -4, -4, -3, 0, -2, -3, 0, -3]"
431,161.16,3,False,274,376,-9,2,[720],[536],[5],[2],"[1153, 1261, 1205, 1157, 1050]","[695, 718, 779, 666, 687]","[22, -78, -58, 425, -408]","[-31, -11, -49, 31, -107]","[1126, 1306, 1138, 1156, 1065, 1130, 1197, 1557, 1364, 1393, 1565, 1420, 1260, 1342, 1538, 1246, 1257, 1218, 1437, 1299, 917, 1237, 766, 889, 1021, 815, 815, 886, 843, 1097, 1005, 1175, 1109, 796, 1153]","[651, 482, 287, 255, 214, 228, 492, 132, 325, 20, 174, 340, 650, 184, 575, 630, 363, 509, 504, 235, 488, 413, 64, 110, 177, 515, 426, 507, 568, 678, 765, 710, 765, 697, 709]","[-6, -1, 3, 5, 5, 2, -3, 3, 5, 4, 3, 3, 5, 4, 4, 6, 4, 5, 3, 3, 6, 2, -3, -4, 0, 6, -3, -5, -4, -5, -6, -5, -5, -6, -5]","[0, 6, 5, 3, 2, 5, 5, -5, -3, -5, -5, -5, -2, -4, -4, -1, -4, -3, -5, -5, -1, -6, -5, -4, -6, -2, -5, -3, -4, -3, 0, -2, -3, 0, -3]"
432,161.64,3,False,280,320,6,-7,[820],[580],[5],[3],"[1131, 1196, 1149, 1295, 862]","[674, 698, 739, 666, 627]","[-78, -197, -161, 311, -471]","[-51, -31, -84, 11, -120]","[1006, 1242, 1160, 1200, 1138, 1136, 1107, 1574, 1448, 1586, 1460, 1360, 1398, 1366, 1319, 1310, 1451, 1352, 1037, 1243, 796, 1021, 931, 744, 786, 763, 997, 885, 1075, 1009, 676, 1053, 1157, 1227, 1176, 1259, 930]","[651, 575, 402, 354, 298, 346, 563, 17, 246, 61, 231, 596, 82, 599, 264, 438, 388, 134, 449, 293, 43, 57, 475, 331, 447, 488, 618, 747, 670, 723, 697, 667, 709, 725, 792, 687, 674]","[-6, -5, 0, -1, 1, -1, -5, -1, 4, -1, 1, 5, 2, 6, 2, 4, -1, 2, 6, -1, -5, 0, 5, -4, -5, -4, -5, -6, -5, -5, -6, -5, -5, -5, -6, -5, -5]","[0, 4, 6, 6, 6, 6, 3, -6, -4, -6, -6, -3, -6, -2, -5, -4, -6, -6, -2, -6, -2, -6, -2, -4, -3, -4, -3, -1, -2, -2, 0, -2, -3, -3, -1, -2, -2]"
433,162.08,3,False,364,387,6,7,[920],[640],[5],[3],"[1076, 1091, 1060, 1387, 662]","[648, 678, 699, 666, 600]","[-136, -262, -219, 206, -461]","[-35, -17, -70, 25, -86]","[886, 1138, 1127, 1124, 1102, 1074, 995, 1501, 1450, 1452, 1467, 1343, 1373, 1399, 1366, 1142, 1195, 682, 1031, 664, 686, 670, 897, 765, 975, 909, 556, 953, 1057, 1127, 1056, 1159, 830]","[639, 624, 513, 434, 403, 441, 598, 142, 111, 526, 551, 148, 343, 287, 14, 409, 188, 11, 433, 251, 387, 408, 558, 727, 630, 683, 697, 627, 649, 665, 772, 647, 634]","[-6, -6, -3, -5, -4, -4, -6, 1, -2, 4, 5, 0, 2, -4, 0, 5, -4, -6, 5, -4, -5, -5, -5, -6, -5, -5, -6, -5, -5, -5, -6, -5, -5]","[-1, 2, 5, 3, 4, 4, 1, -6, -6, -4, -3, -6, -5, -4, -6, -2, -4, -1, -3, -4, -3, -4, -3, -1, -2, -2, 0, -2, -3, -3, -1, -2, -2]"
434,162.44,3,False,517,423,6,-7,[],[],[],[],"[1003, 971, 1436, 477]","[631, 662, 666, 600]","[-176, -298, 91, -406]","[5, 3, 45, -46]","[766, 1018, 1045, 1014, 1005, 978, 875, 1495, 1382, 1523, 1557, 1330, 1387, 1305, 1242, 1104, 562, 1131, 584, 586, 570, 797, 645, 875, 809, 436, 853, 957, 1027, 936, 1059, 730, 1034, 1005, 1007, 1419, 530]","[619, 646, 594, 473, 464, 507, 618, 23, 20, 435, 480, 29, 224, 221, 354, 118, 7, 373, 171, 327, 337, 498, 707, 590, 643, 685, 587, 589, 605, 752, 607, 594, 662, 697, 688, 694, 642]","[-6, -6, -5, -6, -5, -5, -6, -2, -5, 3, 4, -2, 0, -5, 5, -5, -6, 5, -4, -5, -5, -5, -6, -5, -5, -6, -5, -5, -5, -6, -5, -5, -5, -6, -4, -6, -6]","[-1, 1, 3, 1, 2, 3, 1, -5, -4, -5, -4, -5, -6, -2, -3, -3, 0, -3, -4, -3, -3, -3, -1, -2, -2, -1, -2, -3, -3, -1, -2, -2, -2, -1, -4, -1, 0]"
435,162.78,3,False,596,254,5,-8,[],[],[],[],"[923, 833, 1437, 323]","[631, 662, 682, 600]","[-197, -309, -29, -316]","[45, 23, 65, -6]","[646, 898, 944, 894, 894, 875, 755, 1561, 1347, 1193, 1337, 993, 442, 1228, 492, 486, 470, 697, 525, 775, 709, 316, 753, 857, 927, 816, 959, 630, 934, 885, 927, 1299, 410]","[599, 652, 646, 493, 499, 552, 618, 325, 115, 183, 288, 81, 20, 308, 91, 267, 277, 438, 687, 550, 587, 665, 547, 529, 545, 722, 567, 554, 622, 661, 608, 674, 637]","[-6, -6, -6, -6, -6, -6, -6, 1, -3, -6, 4, -6, -6, 4, -5, -5, -5, -5, -6, -5, -5, -6, -5, -5, -5, -6, -5, -5, -5, -6, -4, -6, -6]","[-1, 0, 2, 1, 1, 2, 0, -6, -5, -1, -4, -1, 1, -4, -4, -3, -3, -3, -1, -2, -3, -1, -2, -3, -3, -2, -2, -2, -2, -2, -4, -1, -1]"
436,163.12,3,False,656,298,3,-9,[682],[387],[0],[6],"[826, 700, 1391, 210, 402]","[649, 662, 702, 600, 786]","[-203, -294, -146, -200, 28]","[85, 43, 85, 34, 0]","[526, 778, 824, 774, 774, 755, 635, 1559, 1257, 1073, 1404, 873, 334, 1305, 392, 386, 370, 597, 405, 675, 609, 202, 653, 757, 827, 696, 859, 530, 834, 765, 847, 1179, 320, 897, 736, 1418, 302, 444]","[567, 652, 668, 496, 512, 576, 618, 205, 44, 163, 197, 63, 63, 223, 27, 207, 206, 378, 654, 510, 527, 629, 496, 469, 485, 682, 527, 495, 564, 621, 528, 654, 572, 642, 676, 719, 607, 779]","[-6, -6, -6, -6, -6, -6, -6, -1, -5, -6, 2, -6, -5, 3, -5, -5, -5, -5, -6, -5, -5, -5, -5, -5, -5, -6, -5, -5, -5, -6, -4, -6, -3, 0, -5, -5, 4, 1]","[-2, 0, 0, 0, 0, 1, 0, -6, -3, -1, -5, 0, 3, -5, -3, -3, -4, -3, -2, -2, -3, -2, -3, -3, -3, -2, -2, -3, -3, -2, -4, -1, -5, -6, -3, -3, -4, -6]"
437,163.48,3,False,811,227,9,1,[682],[507],[0],[6],"[738, 580, 1301, 149, 420]","[677, 676, 728, 613, 786]","[-189, -251, -246, -63, 108]","[107, 63, 105, 74, 0]","[422, 658, 704, 654, 654, 635, 515, 1515, 1147, 953, 1414, 753, 250, 1349, 286, 279, 497, 296, 575, 509, 102, 553, 657, 727, 586, 759, 430, 734, 659, 767, 1059, 307, 897, 639, 1318, 382, 464]","[525, 642, 668, 496, 512, 580, 606, 98, 6, 145, 79, 63, 140, 116, 147, 126, 318, 614, 455, 467, 575, 436, 409, 425, 642, 484, 435, 504, 581, 448, 630, 457, 522, 607, 659, 527, 659]","[-5, -6, -6, -6, -6, -6, -6, -3, -6, -6, -1, -6, -3, 1, -5, -4, -5, -5, -5, -5, -5, -5, -5, -5, -5, -5, -5, -5, -5, -4, -6, 1, 0, -4, -5, 4, 1]","[-3, -1, 0, 0, 0, 0, -1, -5, -1, 0, -6, 0, 5, -6, -3, -4, -3, -2, -3, -3, -3, -3, -3, -3, -2, -3, -3, -3, -2, -4, -2, -6, -6, -4, -3, -4, -6]"
438,163.84,3,False,991,271,9,3,[682],[627],[0],[6],"[658, 480, 1168, 137, 463]","[710, 695, 759, 633, 769]","[-193, -221, -357, 43, 154]","[93, 49, 83, 80, -34]","[324, 544, 588, 534, 534, 515, 407, 1438, 833, 633, 232, 187, 199, 397, 196, 475, 412, 28, 453, 557, 627, 486, 659, 330, 634, 559, 687, 939, 365, 897, 559, 1218, 462, 495, 745, 570, 1217, 214, 516]","[461, 609, 644, 483, 496, 572, 563, 13, 145, 63, 254, 83, 46, 258, 560, 395, 400, 487, 376, 349, 365, 600, 424, 375, 444, 535, 362, 590, 360, 402, 527, 599, 447, 539, 711, 696, 772, 655, 787]","[-4, -5, -5, -6, -6, -6, -5, -4, -6, -6, 1, -4, -4, -5, -5, -5, -4, -3, -5, -5, -5, -5, -5, -5, -5, -5, -4, -6, 4, 0, -4, -5, 4, 2, 3, 3, -5, 6, 3]","[-4, -2, -2, -1, -2, -1, -3, -4, 0, 0, 6, -4, -4, -3, -3, -3, -4, -5, -3, -3, -3, -3, -3, -3, -3, -3, -5, -2, -4, -6, -4, -3, -4, -6, -5, -5, -3, -1, -5]"
439,164.2,3,False,1171,305,9,0,[682],[747],[0],[6],"[578, 390, 996, 165, 523]","[730, 695, 775, 653, 737]","[-188, -179, -446, 143, 187]","[73, 29, 43, 78, -68]","[256, 451, 502, 439, 454, 424, 334, 713, 516, 302, 297, 104, 379, 332, 15, 358, 457, 527, 386, 559, 243, 534, 459, 626, 823, 461, 897, 486, 1118, 542, 535, 805, 630, 1117, 334, 576]","[371, 543, 571, 423, 424, 509, 477, 145, 85, 342, 197, 490, 328, 320, 370, 307, 287, 305, 540, 364, 298, 384, 475, 262, 550, 297, 282, 437, 539, 367, 430, 611, 596, 712, 635, 687]","[-2, -4, -3, -3, -1, -2, -2, -6, -5, 5, -5, -4, -4, -4, 1, -4, -5, -5, -5, -5, -4, -5, -5, -3, -5, 5, 0, -3, -5, 4, 2, 3, 3, -5, 6, 3]","[-5, -4, -5, -5, -6, -5, -6, 0, 2, 3, -4, -4, -4, -4, -6, -4, -4, -3, -3, -3, -4, -3, -3, -5, -2, -2, -6, -5, -3, -4, -5, -5, -5, -3, -1, -5]"
440,164.56,3,False,1284,373,-5,8,[682],[847],[0],[5],"[498, 321, 797, 233, 591]","[750, 695, 775, 673, 697]","[-168, -119, -496, 235, 207]","[53, 9, 3, 58, -88]","[240, 401, 481, 429, 473, 420, 327, 613, 441, 382, 217, 44, 311, 273, 47, 291, 377, 447, 306, 479, 183, 454, 379, 586, 726, 554, 897, 441, 1038, 622, 575, 865, 670, 1037, 434, 636, 599, 402, 920, 282, 649]","[272, 463, 476, 328, 331, 411, 377, 145, 138, 384, 137, 414, 268, 240, 280, 246, 227, 245, 480, 311, 225, 324, 415, 182, 510, 262, 182, 357, 479, 307, 350, 531, 516, 652, 615, 607, 779, 716, 789, 695, 742]","[0, -2, 0, 1, 3, 1, 0, -5, -3, 4, -4, -3, -3, -2, 2, -3, -4, -4, -4, -4, -3, -4, -4, -2, -4, 5, 0, -2, -4, 4, 2, 3, 2, -4, 5, 3, 5, 4, 4, 5, 5]","[-5, -4, -5, -5, -4, -5, -5, 0, 4, 2, -3, -4, -3, -4, -4, -4, -3, -3, -3, -3, -4, -3, -3, -4, -2, -1, -5, -4, -3, -3, -4, -4, -4, -3, -1, -4, -1, -2, -3, -2, -2]"
441,164.93,3,False,1208,502,9,2,[],[],[],[],"[430, 276, 581, 334, 671]","[752, 684, 756, 681, 649]","[-128, -47, -505, 310, 210]","[14, -11, -37, 38, -108]","[251, 389, 497, 492, 548, 479, 364, 513, 418, 479, 155, 251, 233, 111, 231, 307, 367, 226, 399, 127, 381, 303, 546, 646, 654, 897, 403, 958, 702, 615, 925, 724, 957, 534, 696, 699, 482, 1000, 382, 749]","[172, 363, 379, 262, 277, 338, 289, 148, 230, 418, 75, 188, 159, 209, 166, 167, 185, 420, 251, 145, 264, 355, 98, 470, 242, 82, 267, 419, 247, 270, 451, 436, 592, 595, 527, 759, 676, 729, 655, 702]","[2, 0, 2, 4, 4, 4, 3, -5, 0, 5, -3, -3, -2, 4, -3, -3, -4, -4, -4, -2, -3, -3, -2, -4, 5, 0, -1, -4, 4, 2, 3, 3, -4, 5, 3, 5, 4, 4, 5, 5]","[-5, -5, -4, -2, -2, -3, -4, 1, 5, 1, -4, -4, -5, -3, -4, -3, -3, -3, -3, -4, -3, -3, -5, -2, -1, -5, -5, -3, -3, -4, -4, -4, -3, -1, -4, -1, -2, -3, -2, -2]"
442,165.3,3,False,1300,378,0,0,[],[],[],[],"[378, 265, 377, 461, 749]","[739, 664, 723, 681, 600]","[-78, 33, -471, 362, 198]","[-15, -31, -63, 18, -108]","[305, 408, 553, 587, 647, 564, 436, 421, 445, 579, 203, 210, 191, 182, 247, 298, 153, 319, 89, 321, 243, 566, 754, 383, 878, 782, 672, 985, 784, 877, 634, 756, 799, 562, 1080, 482, 849]","[97, 268, 305, 236, 254, 298, 227, 178, 321, 438, 108, 59, 159, 86, 98, 125, 360, 191, 59, 197, 285, 430, 232, 167, 359, 196, 190, 371, 356, 532, 575, 447, 739, 636, 669, 615, 662]","[4, 2, 4, 5, 5, 5, 4, -4, 3, 5, -2, 0, 4, -2, -3, -3, -3, -4, -1, -3, -3, -4, 5, -1, -4, 4, 3, 3, 3, -4, 5, 3, 5, 4, 4, 5, 5]","[-3, -4, -3, -1, -1, -1, -2, 2, 4, 1, -4, -5, -2, -4, -4, -3, -3, -3, -5, -4, -4, -2, 0, -5, -3, -2, -4, -4, -4, -3, -1, -4, -1, -2, -3, -2, -2]"
443,165.71,3,False,1172,461,-3,-9,[1247],[521],[-4],[3],"[356, 290, 198, 609, 822]","[719, 644, 685, 681, 600]","[16, 147, -365, 421, 207]","[-1, -11, -49, 32, -74]","[385, 470, 633, 687, 747, 664, 524, 366, 511, 679, 179, 283, 187, 238, 93, 239, 261, 189, 486, 854, 382, 798, 862, 732, 1045, 844, 797, 734, 816, 899, 642, 1160, 582, 949, 485, 400, 446, 609, 895]","[49, 197, 255, 234, 254, 278, 192, 252, 389, 458, 11, 125, 18, 54, 285, 131, 117, 205, 390, 232, 67, 299, 156, 110, 291, 276, 472, 555, 367, 719, 596, 609, 575, 622, 748, 692, 722, 699, 666]","[4, 4, 4, 5, 5, 5, 5, -1, 4, 5, 0, 5, -3, -3, -3, -4, -3, -2, -4, 5, 0, -4, 4, 3, 3, 3, -4, 5, 3, 5, 4, 4, 5, 5, 4, 5, 4, 5, 5]","[-2, -3, -2, 0, 0, -1, -1, 5, 3, 1, -5, -1, -4, -4, -4, -3, -4, -4, -2, 0, -5, -3, -2, -4, -4, -4, -3, -1, -4, -1, -2, -3, -2, -2, -2, -1, -2, -1, 1]"
444,166.1,3,False,1249,297,5,-8,[1167],[581],[-4],[3],"[374, 362, 71, 773, 902]","[719, 639, 665, 684, 600]","[116, 251, -220, 453, 207]","[19, 29, -29, 52, -34]","[485, 550, 727, 787, 847, 764, 624, 380, 591, 779, 383, 40, 169, 216, 156, 406, 954, 718, 942, 792, 1105, 904, 720, 834, 876, 999, 722, 1240, 682, 1049, 565, 500, 526, 709, 995]","[26, 152, 225, 234, 254, 277, 172, 347, 442, 478, 105, 205, 71, 37, 115, 350, 232, 239, 116, 34, 211, 196, 412, 535, 305, 699, 556, 549, 535, 582, 708, 672, 682, 679, 670]","[5, 4, 5, 5, 5, 5, 5, 2, 4, 5, 5, -2, -3, -2, -1, -4, 5, -4, 4, 3, 3, 3, -3, 5, 3, 5, 4, 4, 5, 5, 4, 5, 4, 5, 5]","[-1, -2, -1, 0, 0, 0, -1, 4, 2, 1, -1, -4, -3, -4, -5, -2, 0, -3, -2, -3, -4, -4, -3, -1, -3, -1, -2, -3, -2, -2, -2, -1, -2, -1, 0]"
445,166.47,3,False,1349,249,0,0,[1087],[641],[-4],[3],"[430, 472, 7, 953, 969]","[719, 649, 645, 704, 600]","[207, 339, -60, 452, 187]","[39, 69, -4, 72, 6]","[649, 827, 887, 947, 864, 724, 450, 678, 879, 483, 8, 150, 326, 1054, 638, 1022, 1165, 964, 660, 934, 936, 1099, 802, 1320, 782, 1149, 645, 600, 606, 809, 1095, 480, 511, 98, 952, 1009]","[127, 205, 234, 254, 277, 167, 409, 480, 495, 91, 113, 15, 297, 232, 179, 76, 141, 116, 350, 515, 245, 679, 516, 489, 495, 542, 668, 652, 642, 659, 670, 747, 676, 688, 709, 616]","[5, 5, 5, 5, 5, 5, 4, 5, 5, 5, -1, 0, -4, 5, -4, 4, 3, 3, -3, 5, 3, 5, 4, 4, 5, 5, 4, 5, 4, 5, 5, 5, 5, 5, 2, 2]","[-1, -1, 0, 0, 0, 0, 2, 1, 0, 0, -5, -5, -3, 0, -3, -2, -3, -4, -4, -1, -3, -1, -2, -3, -2, -2, -2, -1, -2, -1, 0, -1, -1, -1, -4, -4]"
446,166.83,3,False,1349,249,0,0,[1007],[701],[-4],[3],"[520, 612, 9, 1115, 1029]","[729, 669, 644, 724, 600]","[284, 403, 107, 417, 158]","[59, 91, 36, 92, 46]","[749, 927, 987, 1047, 964, 824, 542, 778, 979, 583, 3, 246, 1154, 558, 1114, 1225, 1024, 600, 1034, 1009, 1199, 882, 1400, 882, 1249, 725, 700, 686, 909, 1195, 580, 611, 198, 992, 1049]","[108, 188, 234, 254, 277, 167, 440, 500, 495, 91, 13, 237, 232, 119, 36, 81, 54, 270, 495, 185, 643, 476, 429, 455, 502, 628, 632, 602, 639, 670, 727, 656, 668, 629, 536]","[5, 5, 5, 5, 5, 5, 5, 5, 5, 5, 0, -4, 5, -4, 5, 3, 3, -3, 5, 4, 5, 4, 4, 5, 5, 4, 5, 4, 5, 5, 5, 5, 5, 2, 2]","[0, 0, 0, 0, 0, 0, 1, 1, 0, 0, -5, -3, 0, -3, -2, -3, -3, -4, -1, -3, -2, -2, -3, -2, -2, -2, -1, -2, -1, 0, -1, -1, -1, -4, -4]"
447,167.18,3,False,1208,279,-9,1,[927],[761],[-4],[3],"[635, 772, 76, 1259, 1073]","[749, 701, 658, 757, 619]","[339, 435, 267, 349, 118]","[79, 111, 69, 109, 86]","[849, 1027, 1087, 1147, 1064, 924, 642, 878, 1079, 683, 185, 1254, 498, 1285, 540, 1134, 1089, 1299, 962, 1480, 982, 1332, 805, 800, 766, 1009, 1295, 680, 711, 298, 1032, 1089]","[108, 188, 234, 254, 277, 167, 456, 511, 495, 91, 167, 232, 59, 21, 190, 475, 125, 603, 436, 369, 415, 462, 588, 612, 562, 619, 670, 707, 636, 648, 549, 456]","[5, 5, 5, 5, 5, 5, 5, 5, 5, 5, -3, 5, -3, 3, -3, 5, 4, 5, 4, 4, 5, 4, 4, 5, 4, 5, 5, 5, 5, 5, 2, 2]","[0, 0, 0, 0, 0, 0, 0, 0, 0, 0, -4, 0, -3, -3, -4, -1, -3, -2, -2, -3, -2, -2, -2, -1, -2, -1, 0, -1, -1, -1, -4, -4]"
448,167.53,2,False,1028,268,-9,-3,[847],[821],[-4],[3],"[755, 932, 198, 1363, 1097]","[767, 738, 678, 784, 639]","[336, 402, 378, 222, 44]","[47, 97, 55, 75, 92]","[1187, 1247, 1024, 742, 978, 1179, 783, 133, 1354, 497, 1234, 1169, 1380, 1042, 1560, 1082, 1412, 885, 900, 846, 1109, 1395, 780, 811, 398, 1072, 1129, 767, 897, 205, 1334, 1196]","[234, 254, 167, 456, 511, 495, 91, 87, 232, 110, 455, 65, 563, 396, 309, 375, 422, 548, 592, 522, 599, 670, 687, 616, 628, 469, 376, 742, 683, 669, 724, 619]","[5, 5, 5, 5, 5, 5, 5, -2, 5, -2, 5, 4, 4, 4, 4, 5, 4, 4, 5, 4, 5, 5, 5, 5, 5, 2, 2, 4, 3, 4, 0, 4]","[0, 0, 0, 0, 0, 0, 0, -4, 0, -4, -1, -3, -2, -2, -3, -2, -2, -2, -1, -2, -1, 0, -1, -1, -1, -4, -4, -3, -4, -2, -5, -3]"
449,167.86,2,False,848,244,-9,0,[767],[881],[-4],[3],"[875, 1067, 355, 1412, 1088]","[767, 758, 683, 796, 659]","[304, 332, 453, 75, -36]","[7, 70, 35, 35, 84]","[1287, 1347, 1124, 842, 1078, 1279, 883, 1454, 457, 1334, 1249, 1460, 1122, 1182, 1492, 965, 1000, 926, 1209, 1495, 880, 911, 498, 1112, 1169, 846, 954, 285, 1334, 1276]","[234, 254, 167, 456, 511, 495, 91, 232, 30, 435, 5, 523, 356, 335, 382, 508, 572, 482, 579, 652, 667, 596, 608, 389, 296, 682, 603, 629, 624, 559]","[5, 5, 5, 5, 5, 5, 5, 5, -2, 5, 4, 4, 4, 5, 4, 4, 5, 4, 5, 5, 5, 5, 5, 2, 2, 3, 2, 4, 0, 4]","[0, 0, 0, 0, 0, 0, 0, 0, -4, -1, -3, -2, -2, -2, -2, -2, -1, -2, -1, -1, -1, -1, -1, -4, -4, -3, -4, -2, -5, -3]"
450,168.19,2,False,668,264,-9,2,[],[],[],[],"[976, 1171, 535, 1399, 1047]","[750, 768, 683, 793, 679]","[249, 238, 496, -85, -116]","[-33, 30, 15, -5, 64]","[1224, 942, 1178, 1379, 983, 1554, 1434, 1540, 1202, 1282, 1572, 1045, 1100, 1006, 1309, 1590, 980, 1011, 598, 1152, 1209, 906, 994, 365, 1334, 1351, 981, 1165, 516, 1424, 1089]","[167, 456, 511, 495, 91, 232, 415, 481, 316, 295, 342, 454, 532, 442, 559, 623, 647, 576, 588, 309, 216, 622, 523, 589, 524, 499, 762, 775, 683, 803, 692]","[5, 5, 5, 5, 5, 5, 5, 4, 4, 5, 4, 4, 5, 4, 5, 4, 5, 5, 5, 2, 2, 3, 2, 4, 0, 3, -1, -2, 0, -3, -3]","[0, 0, 0, 0, 0, 0, -1, -3, -2, -2, -2, -3, -2, -2, -1, -2, -1, -1, -1, -4, -4, -3, -4, -2, -5, -3, -5, -4, -5, -4, -4]"
451,168.52,2,False,709,378,-4,9,[749],[407],[4],[3],"[1050, 1234, 732, 1326, 975]","[727, 763, 678, 773, 693]","[176, 126, 500, -225, -190]","[-53, -10, -5, -45, 44]","[1324, 1042, 1278, 1479, 1083, 1534, 1282, 1377, 1125, 1200, 1086, 1409, 1080, 1111, 698, 1192, 1249, 966, 1034, 445, 1334, 1411, 961, 1125, 516, 1364, 1029]","[167, 456, 511, 495, 91, 394, 276, 255, 394, 492, 402, 539, 627, 556, 568, 217, 136, 553, 443, 549, 424, 429, 662, 695, 583, 723, 612]","[5, 5, 5, 5, 5, 5, 4, 4, 4, 5, 4, 5, 5, 5, 5, 2, 2, 3, 2, 4, 0, 3, -1, -2, 0, -3, -3]","[0, 0, 0, 0, 0, -2, -2, -2, -3, -2, -2, -1, -1, -1, -1, -5, -4, -4, -4, -2, -5, -4, -5, -4, -5, -4, -4]"
452,168.86,2,False,529,326,-9,-2,[829],[467],[4],[3],"[1095, 1250, 912, 1200, 878]","[687, 743, 658, 735, 693]","[96, 6, 467, -350, -246]","[-73, -43, -25, -78, 24]","[1424, 1142, 1378, 1579, 1183, 1362, 1457, 1205, 1291, 1166, 1509, 1180, 1211, 798, 1228, 1289, 1026, 1074, 525, 1334, 1471, 941, 1085, 516, 1304, 969]","[179, 456, 502, 489, 91, 236, 215, 334, 452, 362, 501, 607, 536, 548, 117, 56, 473, 363, 509, 324, 349, 562, 615, 483, 643, 532]","[5, 5, 5, 5, 5, 4, 4, 4, 4, 4, 5, 5, 5, 5, 1, 2, 3, 2, 4, 0, 3, -1, -2, 0, -3, -3]","[1, 0, -1, -1, 0, -2, -2, -3, -2, -2, -2, -1, -1, -1, -5, -4, -4, -4, -2, -5, -4, -5, -4, -5, -4, -4]"
453,169.19,2,False,349,301,-9,1,[909],[527],[4],[3],"[1110, 1223, 1082, 1035, 765]","[647, 723, 639, 695, 693]","[36, -80, 431, -409, -246]","[-58, -29, 1, -64, 38]","[1242, 1462, 1283, 1442, 1537, 1285, 1371, 1246, 1594, 1280, 1311, 898, 1248, 1086, 1114, 605, 1334, 1514, 921, 1045, 516, 1244, 909, 1077, 1228, 919, 1142, 823]","[449, 462, 98, 183, 175, 274, 412, 322, 461, 567, 508, 528, 17, 393, 283, 469, 224, 269, 462, 535, 383, 563, 452, 674, 754, 659, 735, 677]","[5, 3, 5, 4, 4, 4, 4, 4, 4, 5, 5, 5, 1, 3, 2, 4, 0, 2, -1, -2, 0, -3, -3, -4, -4, -4, -4, -4]","[-1, -4, 1, -3, -2, -3, -2, -2, -2, -2, -2, -1, -5, -4, -4, -2, -5, -4, -5, -4, -5, -4, -4, -3, -2, -2, -2, -3]"
454,169.52,2,False,215,417,-3,9,[989],[587],[4],[3],"[1102, 1168, 1233, 855, 665]","[624, 703, 639, 662, 702]","[-24, -150, 370, -428, -219]","[-18, -9, 41, -44, 58]","[1315, 1441, 1383, 1522, 1365, 1451, 1326, 1365, 1406, 998, 1137, 1148, 685, 1334, 1539, 901, 1005, 516, 1184, 849, 997, 1148, 839, 1062, 743]","[400, 380, 120, 123, 214, 372, 267, 527, 468, 508, 313, 183, 429, 124, 170, 362, 455, 283, 501, 372, 614, 714, 619, 695, 617]","[1, -4, 5, 4, 4, 4, 4, 4, 4, 5, 2, 1, 4, 0, 1, -1, -2, 0, -3, -3, -4, -4, -4, -4, -4]","[-5, -3, 2, -3, -3, -2, -3, -2, -2, -1, -4, -5, -2, -5, -5, -5, -4, -5, -3, -4, -3, -2, -2, -2, -3]"
455,169.86,2,False,278,462,3,-9,[1069],[647],[4],[3],"[1074, 1084, 1354, 675, 576]","[616, 695, 655, 642, 722]","[-66, -207, 281, -413, -173]","[22, 11, 77, -16, 78]","[1245, 1348, 1462, 1427, 1531, 1406, 1445, 1486, 1098, 1177, 1168, 765, 1320, 1539, 872, 958, 516, 1114, 789, 917, 1068, 759, 982, 663, 1086, 1112, 1327, 733, 607]","[353, 353, 169, 153, 332, 207, 487, 428, 488, 233, 83, 389, 24, 70, 262, 375, 183, 441, 292, 554, 674, 579, 655, 557, 651, 723, 682, 694, 751]","[-5, -5, 3, 3, 4, 4, 4, 4, 5, 2, 1, 4, -1, 0, -2, -3, 0, -4, -3, -4, -4, -4, -4, -4, -5, -5, -5, -5, -5]","[-1, -1, 3, -4, -2, -3, -2, -2, -1, -4, -5, -2, -5, -5, -5, -4, -5, -3, -4, -3, -2, -2, -2, -3, 0, -1, -1, 1, -1]"
456,170.19,2,False,311,339,0,0,[],[],[],[],"[984, 1435, 509, 509]","[695, 675, 635, 742]","[-244, 172, -362, -113]","[31, 97, 24, 98]","[1145, 1248, 1497, 1487, 1486, 1525, 1566, 1198, 1205, 845, 832, 898, 516, 1034, 729, 837, 988, 679, 902, 583, 986, 1012, 1227, 633, 507]","[353, 352, 257, 73, 147, 443, 388, 456, 134, 349, 174, 295, 83, 381, 230, 494, 634, 539, 615, 497, 651, 703, 662, 714, 731]","[-5, -5, 0, 3, 4, 4, 4, 5, 1, 4, -2, -3, 0, -4, -3, -4, -4, -4, -4, -4, -5, -5, -5, -5, -5]","[0, 0, 5, -4, -3, -3, -2, -2, -5, -2, -4, -4, -5, -3, -3, -3, -2, -2, -2, -3, 0, -1, -1, 1, -1]"
457,170.52,2,False,423,271,9,-1,[],[],[],[],"[870, 1470, 371, 470]","[697, 713, 643, 781]","[-259, 52, -280, -36]","[51, 117, 64, 103]","[1045, 1148, 1477, 1548, 1298, 1218, 925, 792, 838, 954, 669, 757, 908, 599, 822, 503, 886, 912, 1127, 533, 407]","[353, 352, 351, 81, 416, 34, 309, 94, 215, 321, 170, 434, 594, 499, 575, 437, 651, 683, 642, 723, 711]","[-5, -5, -2, 3, 5, 0, 4, -2, -3, -4, -3, -4, -4, -4, -4, -4, -5, -5, -5, -5, -5]","[0, 0, 4, -4, -2, -5, -2, -4, -4, -3, -3, -3, -2, -2, -2, -3, 0, -1, -1, 0, -1]"
458,170.85,2,False,575,284,9,-4,[],[],[],[],"[750, 1449, 264, 456, 451]","[704, 753, 663, 805, 814]","[-285, -102, -207, 10, 34]","[37, 102, 58, 69, -35]","[945, 1048, 1408, 1388, 1005, 752, 778, 874, 609, 677, 828, 519, 742, 423, 786, 812, 1027, 433, 307, 835, 1437, 387, 529, 486]","[353, 352, 418, 376, 269, 14, 135, 261, 110, 374, 554, 459, 535, 377, 651, 644, 622, 723, 688, 690, 705, 602, 750, 780]","[-5, -5, -4, 4, 4, -2, -3, -4, -3, -4, -4, -4, -4, -4, -5, -5, -5, -5, -5, -3, -4, 0, 1, 0]","[0, 0, 3, -2, -2, -4, -4, -3, -3, -3, -2, -2, -2, -3, 0, -2, -1, 0, -2, -3, -3, -5, -5, -5]"
459,171.19,2,False,684,352,2,9,[],[],[],[],"[630, 1366, 189, 457, 464]","[704, 774, 671, 814, 781]","[-294, -256, -124, 50, 74]","[17, 62, 38, 29, -75]","[845, 948, 1328, 1468, 1085, 718, 794, 531, 597, 748, 439, 662, 343, 686, 712, 927, 333, 214, 775, 1357, 387, 549, 490]","[353, 352, 461, 336, 229, 55, 201, 50, 314, 514, 419, 495, 317, 651, 604, 602, 723, 648, 630, 645, 502, 650, 680]","[-5, -5, -4, 4, 4, -3, -4, -4, -4, -4, -4, -4, -4, -5, -5, -5, -5, -4, -3, -4, 0, 1, 1]","[0, 0, 2, -2, -2, -4, -3, -3, -3, -2, -2, -2, -3, 0, -2, -1, 0, -2, -3, -3, -5, -5, -5]"
460,171.52,2,False,840,399,7,-6,[],[],[],[],"[510, 1225, 151, 477, 492]","[701, 780, 671, 798, 733]","[-279, -387, -24, 90, 114]","[-3, 22, 18, -11, -110]","[745, 848, 1232, 1548, 1165, 714, 517, 668, 359, 582, 263, 586, 612, 827, 233, 134, 715, 1277, 387, 569, 510, 609, 1280, 220, 534, 563]","[353, 352, 494, 296, 189, 141, 254, 474, 367, 455, 257, 635, 564, 582, 723, 608, 570, 585, 402, 550, 580, 718, 794, 685, 828, 792]","[-5, -5, -5, 4, 4, -4, -4, -4, -4, -4, -4, -5, -5, -5, -5, -4, -3, -4, 0, 1, 1, 4, -4, 4, 4, 5]","[0, 0, 1, -2, -2, -3, -3, -2, -3, -2, -3, -1, -2, -1, 0, -2, -3, -3, -5, -5, -5, -3, -3, -3, -3, -1]"
461,171.85,2,False,959,285,1,9,[],[],[],[],"[395, 1039, 153, 513, 532]","[681, 771, 669, 777, 673]","[-240, -484, 76, 124, 139]","[-23, -18, -2, -51, -130]","[645, 748, 1132, 1245, 634, 437, 588, 279, 502, 185, 486, 512, 727, 133, 54, 655, 1197, 396, 607, 530, 689, 1200, 300, 614, 663]","[353, 352, 514, 149, 81, 194, 434, 307, 415, 197, 615, 524, 562, 723, 561, 510, 525, 302, 450, 480, 658, 734, 625, 768, 772]","[-5, -5, -5, 4, -4, -4, -4, -4, -4, -3, -5, -5, -5, -5, -4, -3, -4, 1, 2, 1, 4, -4, 4, 4, 5]","[0, 0, 1, -2, -3, -3, -2, -3, -2, -3, -1, -2, -1, 0, -3, -3, -3, -5, -5, -5, -3, -3, -3, -3, -1]"
462,172.19,2,False,863,394,9,-2,[917],[425],[-3],[3],"[302, 823, 195, 553, 582]","[661, 747, 649, 737, 613]","[-180, -541, 176, 144, 159]","[-43, -57, -21, -85, -138]","[545, 648, 1032, 1325, 554, 357, 508, 199, 422, 125, 386, 428, 627, 33, 595, 1117, 416, 647, 550, 769, 1120, 380, 694, 763]","[353, 352, 534, 109, 21, 134, 394, 247, 375, 131, 595, 484, 542, 723, 431, 465, 202, 350, 380, 598, 674, 565, 708, 752]","[-5, -5, -5, 4, -4, -4, -4, -4, -4, -3, -5, -4, -5, -5, -3, -4, 1, 2, 1, 4, -4, 4, 4, 5]","[0, 0, 1, -2, -3, -3, -2, -3, -2, -4, -1, -2, -1, 0, -4, -3, -5, -5, -5, -3, -3, -3, -3, -1]"
463,172.52,2,False,1043,328,9,-3,[857],[485],[-3],[3],"[242, 603, 279, 610, 643]","[641, 715, 636, 697, 600]","[-67, -522, 292, 195, 200]","[-20, -43, 13, -71, -104]","[445, 548, 932, 1405, 277, 428, 119, 342, 65, 286, 348, 527, 535, 1037, 438, 687, 570, 849, 1040, 460, 774, 863, 396, 837, 319, 661, 720]","[353, 352, 549, 69, 74, 354, 187, 315, 51, 575, 444, 522, 351, 405, 102, 260, 280, 538, 614, 505, 648, 729, 648, 695, 638, 709, 616]","[-5, -5, -5, 4, -4, -4, -4, -4, -3, -5, -4, -5, -3, -4, 2, 2, 1, 4, -4, 4, 4, 5, 4, 1, 4, 3, 4]","[0, 0, 0, -2, -3, -2, -3, -3, -4, -1, -2, -1, -4, -3, -5, -4, -5, -3, -3, -3, -3, -2, -3, -5, -3, -4, -2]"
464,172.85,2,False,1223,278,9,-1,[797],[545],[-3],[3],"[230, 396, 408, 688, 723]","[632, 695, 638, 657, 600]","[53, -453, 395, 235, 235]","[20, -23, 53, -51, -64]","[448, 832, 1485, 198, 348, 52, 262, 186, 268, 427, 475, 957, 478, 727, 599, 929, 960, 540, 854, 963, 476, 857, 399, 721, 800]","[352, 549, 29, 14, 304, 125, 255, 555, 404, 502, 271, 345, 14, 180, 180, 478, 554, 445, 588, 689, 588, 595, 578, 629, 576]","[-5, -5, 4, -3, -4, -3, -4, -5, -4, -5, -3, -4, 2, 2, 2, 4, -4, 4, 4, 5, 4, 1, 4, 3, 4]","[0, 0, -2, -3, -3, -4, -3, -1, -2, -1, -4, -3, -4, -4, -5, -3, -3, -3, -3, -2, -3, -5, -3, -4, -2]"
465,173.19,2,False,1401,323,8,4,[737],[605],[-3],[3],"[267, 228, 573, 778, 809]","[638, 675, 658, 637, 600]","[173, -344, 467, 259, 254]","[60, -3, 86, -18, -24]","[348, 732, 268, 182, 86, 188, 327, 415, 877, 767, 639, 1009, 880, 620, 934, 1063, 556, 877, 479, 781, 880, 321, 348, 593, 803, 856]","[352, 549, 244, 195, 528, 364, 482, 191, 285, 100, 95, 418, 494, 393, 528, 649, 528, 495, 518, 549, 536, 660, 713, 684, 656, 635]","[-5, -5, -4, -4, -5, -4, -5, -3, -4, 2, 2, 4, -4, 4, 4, 5, 4, 1, 4, 3, 4, 5, 5, 5, 2, 5]","[0, 0, -3, -3, -2, -2, -1, -4, -3, -4, -4, -3, -3, -2, -3, -2, -3, -5, -3, -4, -2, -1, -1, -1, -4, -1]"
466,173.52,2,False,1353,353,-8,-5,[677],[665],[-3],[3],"[350, 109, 759, 878, 909]","[658, 673, 685, 629, 600]","[283, -208, 506, 264, 253]","[93, 17, 106, 22, 16]","[632, 188, 114, 1, 108, 227, 368, 797, 815, 682, 1089, 808, 700, 1014, 1160, 636, 907, 559, 841, 960, 421, 448, 693, 846, 956]","[549, 184, 135, 488, 315, 443, 111, 225, 20, 15, 358, 434, 353, 468, 609, 468, 395, 460, 486, 496, 640, 693, 664, 576, 615]","[-5, -4, -3, -4, -4, -5, -2, -4, 3, 3, 4, -3, 4, 4, 4, 4, 2, 4, 3, 4, 5, 5, 5, 3, 5]","[0, -3, -3, -2, -3, -2, -4, -3, -4, -4, -3, -3, -2, -3, -2, -3, -5, -2, -3, -2, -1, -1, -1, -4, -1]"
467,173.85,2,False,1289,244,8,4,[617],[729],[-3],[3],"[473, 49, 959, 977, 992]","[692, 673, 725, 636, 604]","[372, -50, 506, 249, 233]","[113, 37, 126, 62, 56]","[557, 110, 54, 28, 134, 328, 717, 1169, 748, 780, 1094, 1240, 716, 947, 639, 911, 1040, 521, 548, 793, 906, 1056]","[502, 124, 55, 255, 403, 31, 165, 298, 374, 313, 408, 569, 421, 307, 420, 426, 456, 620, 673, 644, 496, 588]","[-1, -3, -3, -4, -4, -2, -4, 4, -3, 4, 4, 4, 4, 2, 4, 4, 4, 5, 5, 5, 3, 5]","[-5, -3, -4, -3, -2, -4, -3, -3, -3, -2, -3, -2, -2, -4, -2, -3, -2, -1, -1, -1, -4, -2]"
468,174.19,2,False,1297,341,-9,-3,[],[],[],[],"[47, 1139, 1052, 1062]","[673, 765, 656, 624]","[76, 433, 181, 162]","[23, 105, 63, 62]","[600, 50, 54, 637, 1249, 688, 860, 1174, 1320, 796, 987, 719, 991, 1120, 621, 648, 893, 966, 1156, 595, 165, 1074, 1086, 1054]","[424, 56, 363, 105, 244, 297, 273, 348, 529, 381, 227, 380, 366, 416, 600, 653, 624, 416, 548, 683, 691, 706, 614, 565]","[4, -3, -4, -4, 4, -3, 4, 4, 4, 4, 2, 4, 4, 4, 5, 5, 5, 3, 5, 3, 5, 2, 3, 1]","[-3, -4, -2, -3, -2, -4, -2, -3, -2, -2, -4, -2, -3, -2, -1, -1, -1, -4, -2, -3, -1, -4, -4, -5]"
469,174.52,2,False,1363,280,6,7,[],[],[],[],"[92, 1280, 1099, 1100]","[673, 787, 669, 644]","[196, 321, 101, 82]","[3, 65, 43, 62]","[681, 557, 1329, 628, 940, 1254, 1400, 876, 1027, 799, 1071, 1200, 721, 748, 993, 1026, 1256, 655, 265, 1114, 1146, 1074]","[383, 45, 204, 217, 233, 288, 489, 341, 147, 340, 306, 376, 580, 633, 604, 336, 508, 623, 671, 626, 534, 465]","[5, -4, 4, -3, 4, 4, 4, 4, 2, 4, 4, 4, 5, 5, 5, 3, 5, 3, 5, 2, 3, 1]","[-2, -3, -2, -4, -2, -3, -2, -2, -4, -2, -3, -2, -1, -1, -1, -4, -2, -3, -1, -4, -4, -5]"
470,174.85,2,False,1244,359,-9,1,[],[],[],[],"[182, 1370, 1109, 1102, 934]","[656, 794, 669, 663, 701]","[299, 185, 3, -17, -21]","[-17, 25, 23, 49, -7]","[1409, 568, 1020, 1334, 1480, 956, 1078, 879, 1151, 1282, 821, 848, 1093, 1086, 1344, 715, 365, 1154, 1206, 1094, 221, 1384, 1144, 1120, 1010]","[164, 137, 193, 228, 449, 301, 67, 300, 246, 336, 560, 613, 584, 256, 468, 563, 651, 546, 454, 365, 689, 794, 669, 665, 728]","[4, -3, 4, 4, 4, 4, 3, 4, 4, 5, 5, 5, 5, 3, 4, 3, 5, 2, 3, 1, 4, 0, 0, -3, 3]","[-2, -4, -2, -3, -2, -2, -4, -2, -3, -2, -1, -1, -1, -4, -2, -3, -1, -4, -4, -5, -2, -5, -5, -4, -4]"
471,175.19,2,False,1094,334,-6,7,[],[],[],[],"[311, 1405, 1080, 1069, 903]","[636, 786, 669, 663, 681]","[382, 39, -86, -99, -81]","[-23, -15, 3, 29, -27]","[1489, 515, 1100, 1414, 1560, 1036, 959, 1231, 1375, 921, 948, 1193, 1146, 1424, 775, 465, 1194, 1266, 1114, 301, 1384, 1144, 1072, 1070]","[124, 57, 153, 168, 409, 261, 260, 186, 296, 540, 593, 564, 176, 428, 503, 631, 466, 374, 265, 649, 694, 569, 585, 648]","[4, -2, 4, 4, 4, 4, 4, 4, 4, 5, 5, 5, 3, 4, 3, 5, 2, 3, 1, 4, 0, 0, -2, 3]","[-2, -4, -2, -3, -2, -2, -2, -3, -2, -1, -1, -1, -4, -2, -3, -1, -4, -4, -5, -2, -5, -5, -4, -4]"
472,175.52,2,False,919,355,-9,-3,[],[],[],[],"[466, 1378, 1019, 1001, 851]","[616, 763, 652, 663, 661]","[434, -110, -166, -179, -123]","[-23, -55, -17, 9, -47]","[1569, 1180, 1494, 1116, 1039, 1311, 1455, 1021, 1048, 1293, 1206, 1504, 835, 565, 1234, 1326, 1134, 381, 1384, 1144, 1032, 1130]","[84, 113, 108, 221, 220, 126, 256, 520, 573, 544, 96, 388, 443, 611, 386, 294, 165, 609, 594, 469, 505, 568]","[4, 4, 4, 4, 4, 4, 4, 5, 5, 5, 3, 4, 3, 5, 2, 3, 1, 4, 0, 0, -2, 3]","[-2, -2, -3, -2, -2, -3, -2, -1, -1, -1, -4, -2, -3, -1, -4, -4, -5, -2, -5, -5, -4, -4]"
473,175.85,2,False,757,375,-5,8,[804],[423],[-3],[4],"[641, 1300, 939, 915, 791]","[602, 726, 640, 663, 641]","[489, -216, -197, -206, -126]","[11, -48, 15, 23, -24]","[1260, 1574, 1196, 1119, 1391, 1535, 1121, 1148, 1393, 1266, 1584, 895, 665, 1274, 1386, 1154, 461, 1384, 1144, 992, 1190, 605, 1346, 960, 986, 832]","[73, 48, 181, 180, 66, 216, 500, 553, 524, 16, 348, 383, 591, 306, 214, 65, 569, 494, 369, 425, 488, 617, 769, 656, 630, 633]","[4, 4, 4, 4, 4, 4, 5, 5, 5, 3, 4, 3, 5, 2, 3, 1, 4, 0, 0, -2, 3, 4, -4, -5, -2, -3]","[-2, -3, -2, -2, -3, -2, -1, -1, -1, -4, -2, -3, -1, -4, -4, -5, -2, -5, -5, -4, -4, -2, -2, -2, -4, -4]"
474,176.19,2,False,595,401,-9,-3,[744],[503],[-3],[4],"[836, 1188, 842, 815, 731]","[603, 706, 643, 663, 630]","[513, -294, -206, -209, -106]","[51, -28, 55, 43, 16]","[1340, 1276, 1199, 1471, 1221, 1248, 1493, 955, 765, 1305, 1444, 541, 1384, 1144, 941, 1241, 685, 1266, 860, 946, 772]","[33, 141, 140, 6, 480, 533, 504, 323, 571, 210, 134, 529, 394, 269, 345, 408, 577, 729, 616, 550, 553]","[4, 4, 4, 4, 5, 5, 5, 3, 5, 1, 2, 4, 0, 0, -3, 2, 4, -4, -5, -2, -3]","[-2, -2, -2, -3, -1, -1, -1, -3, -1, -5, -4, -2, -5, -5, -4, -4, -2, -2, -2, -4, -4]"
475,176.52,2,False,415,354,-9,-1,[684],[583],[-3],[4],"[1034, 1050, 748, 724, 686]","[623, 686, 663, 677, 634]","[497, -347, -195, -192, -79]","[91, -8, 83, 63, 56]","[1356, 1279, 1321, 1348, 1593, 1015, 865, 1316, 1484, 621, 1384, 1132, 881, 1281, 765, 1186, 760, 906, 712, 979, 1104, 806, 755, 698]","[101, 100, 460, 513, 484, 263, 551, 110, 54, 489, 294, 169, 267, 328, 526, 689, 576, 470, 473, 648, 718, 663, 713, 651]","[4, 4, 5, 5, 5, 3, 5, 0, 2, 4, 0, -1, -3, 2, 4, -4, -5, -2, -3, -5, -4, -1, -5, -5]","[-2, -2, -1, -1, -1, -3, -1, -5, -4, -2, -5, -5, -3, -4, -3, -2, -2, -4, -4, -1, -2, -5, 0, -2]"
476,176.89,2,False,235,342,-9,0,[629],[663],[-2],[4],"[1212, 891, 668, 644, 652]","[659, 679, 687, 697, 654]","[444, -373, -167, -158, -39]","[127, 12, 103, 83, 93]","[1436, 1359, 1421, 1448, 1075, 965, 1310, 701, 1373, 1097, 809, 1321, 845, 1106, 660, 858, 652, 879, 1024, 786, 655, 600]","[61, 60, 440, 493, 200, 531, 10, 449, 194, 81, 207, 244, 466, 649, 536, 390, 393, 628, 678, 563, 713, 611]","[4, 4, 5, 5, 3, 5, -1, 4, -1, -2, -4, 2, 4, -4, -5, -3, -3, -5, -4, -1, -5, -4]","[-2, -2, -1, -1, -4, -1, -5, -2, -5, -4, -3, -5, -3, -2, -2, -4, -4, -1, -2, -5, 0, -2]"
477,177.22,2,False,158,429,6,7,[],[],[],[],"[1363, 731, 600, 633]","[699, 679, 727, 688]","[356, -365, -127, 1]","[147, 32, 123, 113]","[1516, 1439, 1521, 1548, 1135, 1065, 781, 1353, 1034, 729, 1346, 925, 1026, 560, 798, 592, 779, 944, 766, 555, 520]","[12, 20, 420, 467, 120, 511, 409, 94, 9, 158, 144, 406, 609, 496, 310, 313, 608, 638, 463, 705, 571]","[4, 4, 5, 5, 3, 5, 4, -1, -4, -4, 1, 4, -4, -5, -3, -3, -5, -4, -1, -5, -4]","[-3, -2, -1, -2, -4, -1, -2, -5, -3, -2, -5, -3, -2, -2, -4, -4, -1, -2, -5, -1, -2]"
478,177.55,2,False,250,505,-6,-7,[],[],[],[],"[1466, 571, 540, 633, 412]","[740, 679, 767, 727, 624]","[209, -360, -101, 7, 34]","[133, 18, 101, 99, 0]","[1195, 1165, 861, 638, 1360, 1005, 946, 460, 738, 532, 679, 858, 728, 455, 429, 1347, 649, 551, 600, 447]","[40, 491, 369, 124, 44, 346, 569, 456, 230, 245, 588, 598, 363, 685, 531, 752, 697, 749, 697, 744]","[3, 5, 4, -5, 0, 4, -4, -5, -3, -3, -5, -5, -2, -5, -5, -5, -5, -5, -4, 0]","[-4, -1, -2, -1, -5, -3, -2, -2, -4, -3, -1, -2, -5, -1, -2, 0, -1, -2, -2, 5]"
479,177.89,2,False,246,329,4,-8,[],[],[],[],"[1506, 422, 500, 633, 425]","[779, 677, 787, 747, 624]","[43, -329, -81, 7, 74]","[99, -2, 61, 79, 0]","[1265, 941, 538, 1076, 866, 360, 678, 465, 579, 758, 688, 355, 329, 1247, 549, 451, 520, 428]","[471, 329, 104, 286, 529, 416, 166, 185, 568, 558, 281, 665, 491, 752, 677, 709, 657, 844]","[5, 4, -5, 3, -4, -5, -3, -4, -5, -5, -2, -5, -5, -5, -5, -5, -4, -1]","[-1, -2, -1, -3, -2, -2, -3, -3, -1, -2, -4, -1, -2, 0, -1, -2, -2, 5]"
480,178.22,2,False,369,396,3,9,[412],[441],[1],[5],"[1474, 292, 465, 633, 453]","[799, 657, 792, 763, 624]","[-125, -272, -41, 7, 114]","[59, -22, 21, 43, 0]","[1365, 1021, 438, 1136, 786, 260, 603, 385, 479, 658, 648, 255, 246, 1147, 449, 359, 440, 1502, 368, 493, 661, 448]","[451, 289, 98, 213, 489, 376, 106, 125, 548, 518, 201, 645, 451, 752, 657, 669, 617, 840, 668, 799, 761, 638]","[5, 4, -5, 3, -4, -5, -4, -4, -5, -5, -2, -5, -4, -5, -5, -4, -4, -5, 0, -2, -1, -4]","[-1, -2, 0, -4, -2, -2, -3, -3, -1, -2, -4, -1, -2, 0, -1, -2, -2, 0, -5, -4, -5, -3]"
481,178.55,2,False,439,293,6,-7,[432],[541],[1],[5],"[1381, 190, 445, 633, 496]","[803, 637, 782, 763, 624]","[-282, -190, -1, 7, 154]","[19, -29, -19, 3, 0]","[1465, 1101, 338, 1196, 706, 160, 523, 305, 379, 558, 608, 155, 166, 1047, 349, 279, 360, 1402, 368, 453, 641, 368]","[426, 248, 98, 133, 449, 336, 46, 65, 528, 478, 121, 625, 411, 752, 637, 629, 577, 840, 568, 719, 661, 578]","[5, 4, -5, 3, -4, -5, -4, -4, -5, -5, -2, -5, -4, -5, -5, -4, -4, -5, 0, -2, -1, -4]","[-2, -3, 0, -4, -2, -2, -3, -3, -1, -2, -4, -1, -2, 0, -1, -2, -2, 0, -5, -4, -5, -3]"
482,178.89,2,False,605,217,9,-2,[452],[641],[1],[5],"[1229, 126, 445, 633, 556]","[792, 617, 757, 744, 624]","[-414, -90, 39, 7, 176]","[-21, -29, -59, -31, 0]","[1565, 1181, 238, 1244, 626, 65, 225, 279, 465, 568, 58, 86, 947, 249, 199, 280, 1302, 368, 413, 621, 288]","[386, 188, 98, 53, 409, 296, 5, 508, 438, 41, 592, 371, 752, 612, 589, 527, 828, 468, 639, 561, 518]","[5, 4, -5, 2, -4, -4, -4, -5, -4, -2, -4, -4, -5, -5, -4, -4, -5, 0, -2, -1, -4]","[-2, -3, 0, -4, -2, -2, -3, -1, -2, -4, -2, -2, 0, -2, -2, -3, -1, -5, -4, -5, -3]"
483,179.22,2,False,785,215,9,2,[],[],[],[],"[1037, 107, 633, 627]","[772, 600, 724, 624]","[-478, 44, 41, 224]","[-27, 5, -17, 34]","[1261, 138, 546, 179, 385, 6, 847, 149, 119, 200, 1202, 368, 373, 601, 220, 1164, 229, 514, 685, 671]","[128, 98, 369, 477, 398, 331, 746, 572, 549, 467, 808, 368, 540, 461, 458, 793, 609, 716, 690, 608]","[4, -5, -4, -5, -4, -4, -5, -5, -4, -4, -5, 0, -2, -1, -3, -4, 4, 2, 1, 4]","[-3, 0, -2, -2, -2, -2, -1, -2, -2, -3, -1, -5, -5, -5, -3, -2, -3, -4, -5, -3]"
484,179.55,2,False,965,253,9,2,[],[],[],[],"[837, 145, 649, 715]","[752, 600, 708, 637]","[-496, 184, 81, 262]","[-27, 45, 3, 74]","[1341, 38, 466, 93, 305, 747, 67, 39, 120, 1102, 372, 345, 581, 160, 1084, 309, 554, 705, 751]","[68, 109, 329, 437, 358, 726, 532, 491, 407, 788, 268, 440, 361, 379, 753, 549, 636, 590, 548]","[4, -5, -4, -4, -4, -5, -4, -4, -4, -5, 1, -1, -1, -3, -4, 4, 2, 1, 4]","[-3, 1, -2, -2, -2, -1, -2, -3, -3, -1, -5, -5, -5, -4, -2, -3, -4, -5, -3]"
485,179.89,2,False,993,354,-7,6,[],[],[],[],"[637, 238, 680, 815, 510]","[732, 618, 708, 665, 824]","[-474, 318, 121, 280, 21]","[-9, 85, 23, 107, -1]","[1421, 386, 13, 225, 647, 40, 1002, 392, 325, 561, 113, 1004, 389, 594, 725, 831, 749, 280, 738, 858, 552]","[8, 289, 397, 318, 706, 347, 768, 168, 340, 261, 299, 699, 489, 556, 490, 488, 748, 646, 736, 684, 830]","[4, -4, -4, -4, -5, -4, -5, 1, -1, -1, -2, -4, 4, 2, 1, 4, 2, 5, 5, 4, 1]","[-3, -2, -2, -2, -1, -3, -1, -5, -5, -5, -4, -3, -3, -4, -5, -3, -4, -1, -1, -2, -5]"
486,180.22,2,False,1022,394,9,-3,[971],[472],[-3],[3],"[448, 379, 723, 915, 521]","[724, 651, 708, 705, 793]","[-413, 428, 152, 278, 81]","[11, 125, 43, 127, -1]","[306, 145, 547, 902, 412, 305, 541, 83, 924, 469, 635, 759, 911, 789, 380, 838, 938, 572]","[249, 278, 686, 748, 68, 240, 161, 204, 639, 429, 476, 390, 428, 668, 626, 716, 644, 730]","[-4, -4, -5, -5, 1, -1, -1, -1, -4, 4, 3, 2, 4, 2, 5, 5, 4, 1]","[-2, -2, -1, -1, -5, -5, -5, -5, -3, -3, -4, -5, -3, -4, -1, -1, -2, -5]"
487,180.55,2,False,1190,320,8,-4,[911],[538],[-3],[4],"[292, 557, 783, 1015, 555]","[724, 691, 722, 745, 773]","[-318, 505, 172, 256, 141]","[31, 145, 63, 147, -1]","[226, 65, 447, 802, 296, 540, 77, 844, 549, 695, 799, 991, 829, 480, 938, 1018, 592]","[192, 238, 666, 728, 140, 61, 104, 579, 369, 396, 290, 368, 588, 606, 696, 604, 630]","[-4, -4, -5, -5, 0, 0, 0, -4, 4, 3, 2, 4, 2, 5, 5, 4, 1]","[-3, -2, -1, -1, -5, -5, -5, -3, -3, -4, -5, -3, -4, -1, -1, -2, -5]"
488,180.89,2,False,1317,219,3,-9,[851],[618],[-3],[4],"[175, 757, 840, 1093, 613]","[724, 731, 741, 786, 753]","[-227, 511, 144, 182, 163]","[17, 131, 49, 116, -35]","[146, 347, 702, 296, 94, 764, 629, 755, 839, 1071, 869, 580, 1038, 1098, 628, 369, 689, 890, 1081, 677]","[132, 646, 708, 40, 6, 519, 309, 316, 200, 308, 508, 586, 676, 564, 530, 725, 672, 702, 716, 762]","[-4, -5, -5, 0, 2, -4, 4, 3, 2, 4, 2, 5, 5, 4, 2, 4, 3, 3, 0, 4]","[-3, -1, -1, -5, -4, -3, -3, -4, -4, -3, -4, -1, -1, -2, -5, -2, -4, -4, -5, -3]"
489,181.22,2,False,1268,320,-9,3,[791],[698],[-3],[4],"[95, 945, 880, 1137, 673]","[721, 771, 741, 802, 725]","[-126, 472, 104, 85, 163]","[-3, 101, 29, 76, -58]","[78, 247, 602, 684, 709, 815, 879, 1151, 909, 680, 1138, 1178, 668, 449, 749, 950, 1081, 757]","[70, 618, 688, 459, 249, 236, 120, 248, 428, 566, 653, 517, 435, 685, 603, 622, 616, 702]","[-3, -5, -5, -4, 4, 3, 2, 4, 2, 5, 5, 4, 2, 4, 3, 3, 0, 4]","[-4, -2, -1, -3, -3, -4, -4, -3, -4, -1, -2, -3, -4, -2, -3, -4, -5, -3]"
490,181.55,2,False,1097,292,-6,-7,[],[],[],[],"[59, 1111, 902, 1141, 1264]","[701, 791, 741, 807, 795]","[-6, 398, 63, -15, -42]","[-23, 61, 9, 36, -14]","[157, 502, 604, 789, 875, 919, 1231, 949, 780, 1238, 1258, 708, 529, 809, 1010, 1081, 837, 142, 1096, 959, 1172, 1326]","[578, 668, 399, 189, 167, 40, 188, 348, 546, 613, 457, 355, 645, 543, 542, 516, 642, 742, 789, 755, 807, 815]","[-4, -5, -4, 4, 3, 2, 4, 2, 5, 5, 4, 2, 4, 3, 3, 0, 4, 4, -1, 4, -1, 1]","[-2, -1, -3, -3, -3, -4, -3, -4, -1, -2, -3, -4, -2, -3, -4, -5, -3, -2, -5, -3, -5, -5]"
491,181.89,2,False,1098,284,-9,1,[],[],[],[],"[73, 1238, 906, 1105, 1212]","[681, 796, 730, 805, 773]","[114, 292, 3, -115, -162]","[-43, 21, -11, -4, -54]","[77, 402, 539, 869, 935, 1311, 995, 880, 1337, 1338, 748, 609, 869, 1070, 1081, 917, 222, 1076, 1039, 1152, 1346]","[538, 636, 339, 130, 107, 128, 268, 526, 573, 397, 275, 605, 483, 462, 416, 582, 702, 689, 695, 707, 715]","[-4, -5, -3, 4, 3, 4, 3, 5, 4, 4, 2, 4, 3, 3, 0, 4, 4, -1, 4, -1, 1]","[-2, -2, -3, -2, -3, -3, -4, -1, -2, -3, -4, -2, -3, -4, -5, -3, -2, -5, -3, -5, -5]"
492,182.22,2,False,918,291,-9,-1,[],[],[],[],"[134, 1320, 887, 1033, 1116]","[648, 786, 710, 785, 733]","[225, 166, -44, -197, -265]","[-62, -19, -31, -44, -86]","[303, 479, 949, 1012, 1391, 1055, 980, 1417, 1418, 788, 689, 929, 1130, 1081, 997, 302, 1056, 1107, 1132, 1347]","[596, 274, 90, 47, 68, 188, 506, 533, 337, 195, 565, 423, 382, 316, 522, 662, 589, 635, 607, 615]","[-4, -3, 4, 4, 4, 3, 5, 4, 4, 2, 4, 3, 3, 0, 4, 4, -1, 3, -1, 0]","[-2, -4, -2, -3, -3, -4, -1, -2, -3, -4, -2, -3, -4, -5, -3, -2, -5, -3, -5, -5]"
493,182.55,2,False,763,314,0,9,[],[],[],[],"[240, 1354, 867, 933, 989]","[620, 766, 690, 765, 693]","[353, 60, -50, -230, -313]","[-28, -25, -17, -50, -72]","[223, 419, 1029, 1471, 1111, 1080, 1497, 1498, 828, 769, 989, 1190, 1081, 1077, 382, 1036, 1167, 1112, 1347, 265, 1343, 960, 1054, 1153]","[556, 194, 50, 8, 108, 486, 493, 277, 115, 525, 363, 302, 216, 462, 622, 489, 571, 507, 515, 653, 761, 670, 737, 684]","[-4, -3, 4, 4, 2, 5, 4, 4, 2, 4, 3, 3, 0, 4, 4, -1, 3, -1, 0, 4, -2, 1, 0, 1]","[-2, -4, -2, -3, -4, -1, -2, -3, -4, -2, -3, -4, -5, -3, -2, -5, -4, -5, -5, -2, -4, -5, -5, -5]"
494,182.89,2,False,775,370,-8,-4,[889],[468],[3],[4],"[396, 1348, 847, 833, 849]","[607, 746, 674, 745, 653]","[462, -40, -50, -237, -326]","[12, -21, 3, -45, -52]","[143, 359, 1109, 1151, 1180, 1577, 1575, 868, 849, 1049, 1250, 1081, 1157, 462, 1016, 1227, 1092, 1347, 345, 1293, 980, 1054, 1155]","[516, 114, 10, 28, 454, 453, 217, 35, 485, 303, 222, 116, 402, 582, 389, 491, 407, 415, 613, 681, 570, 637, 584]","[-4, -3, 4, 2, 5, 4, 3, 2, 4, 3, 3, 0, 4, 4, -1, 3, -1, 0, 4, -3, 1, 0, 0]","[-2, -4, -2, -4, -2, -2, -3, -4, -2, -3, -4, -5, -3, -2, -5, -4, -5, -5, -2, -4, -5, -5, -5]"
495,183.22,2,False,607,292,-9,-3,[949],[548],[3],[4],"[587, 1302, 827, 733, 709]","[609, 726, 674, 725, 632]","[535, -140, -50, -224, -313]","[52, -1, 23, -25, -14]","[63, 299, 1280, 929, 1109, 1300, 1081, 1237, 542, 996, 1287, 1072, 1339, 425, 1233, 1000, 1054, 1155, 562, 1329, 875, 804, 784]","[476, 34, 414, 445, 230, 142, 16, 342, 542, 289, 411, 307, 315, 573, 601, 470, 537, 484, 607, 769, 674, 737, 643]","[-4, -3, 5, 4, 3, 2, 0, 4, 4, -1, 3, -1, -1, 4, -3, 1, 0, 0, 0, -5, 1, 0, -1]","[-2, -4, -2, -2, -4, -4, -5, -3, -2, -5, -4, -5, -5, -2, -4, -5, -5, -5, -5, -1, -5, -5, -5]"
496,183.55,2,False,427,264,-9,1,[1009],[628],[3],[4],"[801, 1218, 807, 638, 582]","[629, 726, 674, 705, 626]","[568, -221, -50, -191, -272]","[92, 19, 43, -5, 26]","[1380, 1009, 1169, 1340, 1317, 622, 976, 1336, 1045, 1314, 505, 1173, 1020, 1054, 1155, 562, 1229, 895, 804, 764]","[374, 405, 150, 58, 282, 502, 189, 331, 207, 215, 533, 521, 370, 437, 384, 507, 746, 574, 637, 543]","[5, 4, 3, 2, 4, 4, -1, 2, -2, -2, 4, -3, 1, 0, 0, 0, -5, 1, 0, -1]","[-2, -2, -4, -5, -3, -2, -5, -4, -5, -5, -2, -4, -5, -5, -5, -5, -2, -5, -5, -5]"
497,183.89,2,False,369,339,0,0,[],[],[],[],"[1106, 787, 562, 475]","[726, 688, 701, 635]","[-285, -37, -141, -207]","[39, 63, 15, 66]","[1463, 1089, 1229, 1397, 702, 942, 1375, 1005, 1272, 585, 1113, 1040, 1042, 1153, 562, 1129, 898, 804, 744]","[334, 359, 70, 222, 452, 89, 244, 114, 135, 493, 441, 270, 337, 284, 407, 706, 474, 537, 443]","[4, 4, 3, 4, 4, -2, 1, -2, -3, 4, -3, 1, -1, -1, 0, -5, 0, 0, -1]","[-2, -3, -4, -3, -3, -5, -5, -4, -4, -2, -4, -5, -5, -5, -5, -2, -5, -5, -5]"
498,184.24,2,False,368,366,0,9,[],[],[],[],"[969, 766, 502, 394, 506]","[726, 707, 701, 655, 603]","[-356, -51, -115, -160, 17]","[25, 49, 1, 68, 0]","[1543, 1169, 1465, 782, 902, 1395, 965, 1212, 665, 1053, 1057, 1022, 1133, 562, 1029, 898, 804, 710, 1049, 815, 500, 517, 490]","[294, 299, 162, 392, 6, 144, 34, 58, 453, 361, 170, 237, 184, 307, 666, 374, 437, 343, 727, 656, 719, 596, 570]","[4, 4, 3, 4, -2, 1, -2, -3, 4, -3, 0, -1, -1, 0, -5, 0, 0, -2, -4, -1, -5, 1, -3]","[-2, -3, -3, -3, -4, -5, -4, -3, -2, -4, -5, -5, -5, -5, -2, -5, -5, -5, -2, -5, -1, -5, -4]"
499,184.59,2,False,466,408,0,0,[],[],[],[],"[806, 726, 455, 332, 506]","[726, 707, 682, 673, 603]","[-405, -71, -76, -100, 37]","[5, 29, -19, 48, 0]","[1249, 1525, 862, 1395, 745, 993, 1057, 1002, 1097, 562, 929, 898, 791, 670, 969, 795, 400, 537, 430]","[239, 95, 332, 44, 398, 281, 70, 137, 94, 207, 626, 274, 337, 254, 687, 556, 699, 496, 490]","[4, 3, 4, 0, 4, -3, 0, -1, -2, 0, -5, 0, -1, -2, -4, -1, -5, 1, -3]","[-3, -4, -3, -5, -3, -4, -5, -5, -4, -5, -2, -5, -5, -4, -2, -5, -1, -5, -4]"
500,184.92,1,False,614,365,8,-5,[],[],[],[],"[626, 686, 423, 296, 514]","[711, 707, 662, 673, 603]","[-418, -84, -36, -36, 57]","[-15, 9, -39, 28, 0]","[1329, 1585, 942, 825, 933, 967, 1049, 562, 829, 898, 771, 630, 889, 775, 300, 370, 719, 733, 492, 367, 536]","[179, 15, 272, 338, 217, 37, 14, 107, 586, 174, 237, 174, 647, 456, 676, 410, 721, 707, 689, 687, 603]","[4, 3, 4, 4, -3, -2, -3, 0, -5, 0, -1, -2, -4, -1, -5, -3, 0, 0, 2, 4, -1]","[-3, -4, -3, -3, -3, -5, -4, -5, -2, -5, -5, -4, -2, -5, -2, -4, -5, -5, -4, -3, -5]"
501,195.02,0,False,710,345,9,0,[],[],[],[],"[527, 664, 412, 288, 525]","[700, 705, 651, 673, 603]","[-410, -84, -14, 8, 68]","[-26, -2, -50, 17, 0]","[1373, 986, 869, 900, 562, 774, 898, 760, 608, 845, 245, 337, 719, 733, 514, 411, 525]","[146, 239, 305, 184, 52, 564, 119, 182, 130, 625, 654, 366, 666, 652, 645, 654, 548]","[4, 4, 4, -3, 0, -5, 0, -1, -2, -4, -5, -3, 0, 0, 2, 4, -1]","[-3, -3, -3, -3, -5, -2, -5, -5, -4, -2, -2, -4, -5, -5, -4, -3, -5]"
502,195.18,10,False,794,318,0,0,[],[],[],[],[963],[650],[-27],[0],[],[],[],[]
503,195.46,10,False,794,318,0,0,[],[],[],[],[930],[650],[-87],[0],[],[],[],[]
504,195.75,10,False,816,406,1,9,[],[],[],[],"[874, 542]","[650, 633]","[-139, 9]","[0, 0]",[],[],[],[]
505,196.05,10,False,835,493,5,-8,[],[],[],[],"[814, 548]","[650, 633]","[-141, 67]","[38, 38]",[],[],[],[]
506,196.35,10,False,981,388,9,2,[],[],[],[],"[754, 578, 665]","[665, 648, 822]","[-126, 127, 18]","[64, 78, -1]",[],[],[],[]
507,196.65,10,False,880,536,-7,7,[940],[574],[-4],[4],"[694, 631, 670]","[685, 670, 799]","[-104, 177, 58]","[84, 101, -1]",[],[],[],[]
508,196.94,10,False,921,582,8,-4,[840],[654],[-5],[4],"[653, 700, 690, 966]","[710, 710, 779, 830]","[-64, 217, 98, -9]","[104, 121, -1, 0]",[],[],[],[]
509,197.24,10,False,1064,463,7,-7,[740],[734],[-5],[4],"[627, 780, 730, 946]","[750, 750, 759, 830]","[-24, 238, 124, -29]","[124, 141, -1, 0]",[],[],[],[]
510,197.55,10,False,1172,337,0,0,[],[],[],[],"[860, 770, 913, 968]","[790, 739, 785, 795]","[206, 106, -87, -27]","[104, -28, -38, -18]",[],[],[],[]
511,197.84,10,False,1172,337,0,0,[],[],[],[],"[923, 796, 857, 935]","[812, 719, 751, 771]","[159, 86, -133, -87]","[64, -48, -78, -58]",[],[],[],[]
512,198.14,10,False,1047,384,-4,8,[],[],[],[],"[965, 816, 785, 879, 334]","[806, 681, 711, 731, 769]","[99, 51, -170, -140, 27]","[24, -68, -99, -89, -18]",[],[],[],[]
513,198.45,10,False,947,528,-9,0,[1024],[570],[-3],[6],"[981, 816, 705, 804, 347]","[796, 641, 652, 682, 745]","[39, 11, -190, -180, 87]","[-16, -84, -119, -109, -56]",[],[],[],[]
514,198.76,10,False,859,482,0,0,[964],[690],[-3],[6],"[974, 801, 625, 723, 383]","[773, 601, 600, 622, 705]","[-21, -29, -192, -201, 147]","[-56, -84, -120, -120, -76]",[],[],[],[]
515,199.06,10,False,753,424,0,0,[904],[810],[-3],[6],"[954, 781, 549, 641, 451]","[734, 600, 600, 600, 665]","[-43, -12, -141, -169, 231]","[-50, -46, -82, -82, -58]",[],[],[],[]
516,199.36,10,False,833,391,9,0,[],[],[],[],"[921, 770, 496, 572, 548]","[714, 600, 600, 600, 638]","[-63, 8, -79, -120, 302]","[-30, -6, -42, -42, -26]",[],[],[],[]
517,199.66,10,False,921,472,-8,4,[],[],[],[],"[881, 770, 470, 526, 669]","[694, 600, 600, 600, 626]","[-74, 28, 1, -60, 351]","[-10, 34, -2, -2, 14]",[],[],[],[]
518,199.96,10,False,833,528,9,-4,[823],[587],[-6],[3],"[841, 770, 478, 504, 809]","[685, 613, 600, 600, 629]","[-74, 48, 81, 0, 375]","[10, 74, 38, 38, 54]",[],[],[],[]
519,200.25,10,False,980,417,7,-6,[],[],[],[],"[801, 516, 508, 949]","[685, 615, 615, 649]","[-74, 155, 60, 369]","[30, 78, 78, 94]",[],[],[],[]
520,200.55,10,False,1109,314,0,0,[],[],[],[],"[761, 576, 528, 1075, 785]","[685, 635, 635, 669, 795]","[-93, 177, 82, 299, -9]","[12, 80, 80, 78, -18]",[],[],[],[]
521,200.85,10,False,1010,298,-9,0,[],[],[],[],"[708, 636, 551, 1166, 765]","[677, 655, 655, 689, 771]","[-113, 186, 102, 205, -29]","[-8, 76, 76, 58, -58]",[],[],[],[]
522,201.15,10,False,830,298,-9,0,[],[],[],[],"[648, 696, 591, 1217, 745]","[657, 675, 675, 697, 731]","[-116, 186, 122, 97, -49]","[-28, 56, 56, 38, -89]",[],[],[],[]
523,201.45,10,False,688,363,0,9,[],[],[],[],"[588, 756, 631, 1220, 706]","[637, 681, 681, 697, 682]","[-112, 168, 127, -23, -69]","[-35, 36, 36, 18, -109]",[],[],[],[]
524,201.74,10,False,628,491,-9,-1,[723],[533],[0],[6],"[537, 812, 671, 1177, 666]","[617, 681, 681, 695, 622]","[-92, 143, 127, -135, -72]","[-35, 16, 16, -2, -120]",[],[],[],[]
525,202.05,10,False,501,369,-2,-9,[723],[653],[0],[6],"[503, 852, 719, 1101, 635]","[600, 681, 681, 692, 600]","[-34, 141, 159, -197, -34]","[3, 34, 34, 16, -82]",[],[],[],[]
526,202.38,10,False,634,286,9,-1,[723],[773],[0],[6],"[494, 892, 779, 1002, 619]","[600, 686, 686, 692, 600]","[43, 141, 179, -238, 6]","[43, 54, 54, 36, -42]",[],[],[],[]
527,202.7,10,False,814,285,9,0,[723],[884],[0],[5],"[517, 932, 839, 893, 619]","[617, 706, 706, 699, 600]","[111, 126, 187, -258, 46]","[83, 74, 74, 56, -2]",[],[],[],[]
528,203.02,10,False,994,309,9,2,[],[],[],[],"[565, 972, 899, 773, 638]","[649, 726, 726, 719, 600]","[171, 106, 187, -254, 86]","[123, 94, 94, 76, 38]",[],[],[],[]
529,203.33,10,False,1174,341,9,1,[],[],[],[],"[636, 998, 959, 670, 672]","[689, 761, 761, 739, 615]","[223, 86, 168, -228, 126]","[144, 109, 109, 96, 78]",[],[],[],[]
530,203.67,10,False,1098,436,-9,4,[1147],[480],[-5],[2],"[716, 1008, 1005, 570, 712]","[729, 786, 786, 759, 635]","[222, 11, 108, -220, 123]","[126, 71, 71, 70, 80]","[767, 1029, 1070, 777, 799]","[683, 716, 737, 706, 607]","[4, 0, 3, 4, 4]","[-3, -5, -4, -4, -3]"
531,204.0,10,False,1055,388,5,-8,[1047],[520],[-5],[2],"[796, 987, 1021, 474, 752]","[767, 796, 796, 769, 655]","[202, -59, 28, -194, 103]","[97, 31, 31, 30, 76]","[847, 1029, 1130, 857, 879]","[623, 616, 657, 626, 547]","[4, 0, 3, 4, 4]","[-3, -5, -4, -4, -3]"
532,204.33,10,False,1148,251,0,0,[947],[560],[-5],[2],"[858, 940, 1007, 394, 775]","[787, 791, 791, 764, 675]","[164, -119, -52, -153, 83]","[57, -9, -9, -10, 56]","[927, 1029, 1190, 937, 959, 923, 989, 1066, 497, 843]","[563, 516, 577, 546, 487, 804, 786, 786, 768, 671]","[4, 0, 3, 4, 4, 5, -1, 1, 4, 3]","[-3, -5, -4, -4, -3, -3, -5, -5, -4, -5]"
533,204.67,10,False,983,200,-9,0,[847],[600],[-5],[2],"[905, 870, 961, 337, 795]","[790, 771, 771, 744, 681]","[122, -172, -116, -93, 63]","[17, -49, -49, -44, 36]","[1007, 1029, 1250, 1017, 1039, 1023, 969, 1086, 577, 903]","[503, 416, 497, 466, 427, 744, 686, 686, 688, 571]","[4, 0, 3, 4, 4, 5, -1, 1, 4, 3]","[-3, -5, -4, -4, -3, -3, -5, -5, -4, -5]"
534,205.0,10,False,803,223,-9,2,[747],[640],[-5],[2],"[932, 784, 892, 303, 804]","[778, 731, 731, 710, 681]","[62, -209, -174, -33, 29]","[-23, -80, -80, -64, 16]","[1087, 1029, 1310, 1097, 1119, 1105, 949, 1106, 657, 963]","[443, 316, 407, 386, 367, 684, 586, 586, 608, 471]","[4, 0, 3, 4, 4, 4, -1, 1, 4, 3]","[-3, -5, -5, -4, -3, -3, -5, -5, -4, -5]"
535,205.33,10,False,623,263,-9,2,[647],[680],[-5],[2],"[942, 694, 812, 303, 804]","[758, 691, 691, 675, 681]","[40, -190, -176, 80, 27]","[-25, -62, -62, -46, 34]","[1167, 1026, 1369, 1177, 1199, 1185, 929, 1126, 737, 1009, 1002, 838, 950, 436, 801]","[383, 216, 307, 306, 307, 624, 486, 486, 528, 371, 730, 677, 679, 695, 621]","[4, -1, 2, 4, 4, 4, -1, 1, 4, 2, 1, 1, 1, 4, -2]","[-3, -5, -5, -4, -3, -3, -5, -5, -4, -5, -5, -5, -5, -3, -5]"
536,205.67,10,False,443,303,-9,2,[547],[720],[-5],[2],"[942, 615, 732, 347, 804]","[738, 660, 660, 655, 686]","[20, -150, -159, 180, 27]","[-13, -42, -42, -26, 54]","[1247, 1006, 1409, 1243, 1279, 1265, 909, 1146, 817, 1049, 1020, 858, 959, 516, 761]","[323, 116, 207, 226, 247, 549, 386, 386, 448, 271, 630, 577, 579, 635, 521]","[4, -1, 2, 3, 4, 4, -1, 1, 4, 2, 0, 1, 0, 4, -2]","[-3, -5, -5, -4, -3, -4, -5, -5, -4, -5, -5, -5, -5, -3, -5]"
537,206.0,10,False,317,339,0,0,[447],[760],[-5],[2],"[942, 557, 664, 431, 804]","[726, 640, 640, 640, 706]","[0, -95, -127, 274, 27]","[7, -12, -12, 9, 74]","[1327, 986, 1449, 1303, 1359, 1331, 889, 1166, 897, 1089, 1020, 878, 959, 596, 721, 932, 641, 696, 434, 803]","[253, 16, 107, 146, 187, 469, 286, 286, 368, 171, 530, 477, 479, 575, 421, 743, 647, 665, 640, 697]","[4, -1, 2, 3, 4, 3, -1, 1, 4, 2, 0, 1, 0, 4, -2, -5, 2, -4, 0, -4]","[-4, -5, -5, -4, -3, -4, -5, -5, -4, -5, -5, -5, -5, -3, -5, -2, -5, -3, -5, -4]"
538,206.33,10,False,384,417,-8,-5,"[347, 472]","[800, 483]","[-5, 4]","[2, 3]","[922, 523, 611, 545, 804]","[726, 635, 635, 640, 726]","[-20, -35, -87, 347, 27]","[27, 28, 28, 49, 94]","[1407, 1478, 1363, 1439, 1388, 869, 1171, 977, 1124, 1020, 898, 959, 676, 681, 832, 673, 616, 434, 723]","[173, 7, 66, 110, 378, 186, 186, 288, 71, 430, 377, 379, 515, 321, 703, 547, 605, 540, 617]","[4, 1, 3, 4, 2, -1, 0, 4, 1, 0, 1, 0, 4, -2, -5, 1, -4, 0, -4]","[-4, -5, -4, -4, -5, -5, -5, -4, -5, -5, -5, -5, -3, -5, -2, -5, -3, -5, -4]"
539,206.67,10,False,254,286,-5,-8,"[247, 552]","[840, 543]","[-5, 4]","[2, 3]","[902, 512, 577, 685, 804]","[726, 645, 645, 660, 761]","[-40, 25, -33, 395, 27]","[47, 68, 68, 80, 109]","[1480, 1518, 1425, 837, 1171, 1038, 1020, 913, 959, 756, 634, 732, 691, 536, 434, 643]","[93, 30, 278, 86, 86, 208, 330, 277, 279, 455, 221, 663, 447, 545, 440, 549]","[3, 3, 1, -2, 0, 3, 0, 0, 0, 4, -3, -5, 0, -4, 0, -4]","[-4, -4, -5, -5, -5, -4, -5, -5, -5, -3, -5, -2, -5, -3, -5, -3]"
540,207.0,10,False,118,364,-4,8,"[147, 632]","[880, 603]","[-5, 4]","[2, 3]","[867, 512, 557, 825, 798]","[726, 665, 665, 680, 786]","[-80, 47, -11, 377, -9]","[29, 56, 56, 62, 71]","[1540, 1435, 1098, 1020, 913, 959, 836, 574, 632, 691, 456, 434, 563, 840, 452, 548, 663, 763]","[13, 178, 128, 230, 177, 179, 395, 121, 623, 347, 485, 340, 489, 723, 625, 639, 626, 724]","[3, 0, 3, 0, 0, 0, 4, -3, -5, 0, -4, 0, -4, -5, -5, -4, -4, -4]","[-4, -5, -4, -5, -5, -5, -3, -5, -2, -5, -3, -5, -3, -2, -3, -3, -4, -4]"
541,207.33,10,False,93,434,5,-8,[712],[679],[4],[4],"[817, 530, 547, 957, 778]","[726, 671, 671, 692, 796]","[-120, 67, 9, 328, -29]","[9, 36, 36, 42, 31]","[1426, 1158, 1003, 913, 949, 916, 514, 532, 680, 376, 433, 483, 740, 352, 468, 583, 683]","[78, 48, 130, 77, 79, 324, 41, 583, 247, 425, 240, 429, 683, 565, 579, 546, 653]","[-1, 3, -1, 0, -1, 4, -3, -5, -1, -4, -1, -4, -5, -5, -4, -4, -4]","[-5, -4, -5, -5, -5, -4, -4, -2, -5, -3, -5, -3, -2, -3, -3, -4, -3]"
542,207.67,10,False,215,326,-3,9,[],[],[],[],"[550, 547, 1066, 758]","[671, 671, 692, 791]","[87, 29, 256, -49]","[16, 16, 22, -9]","[975, 996, 432, 637, 296, 413, 403, 640, 252, 388, 503, 603, 780, 532, 546, 1016, 756]","[30, 244, 543, 147, 365, 140, 369, 643, 505, 519, 466, 593, 749, 688, 679, 718, 813]","[-2, 4, -5, -3, -4, -1, -4, -5, -5, -4, -4, -4, -5, -5, -4, -5, -5]","[-5, -4, -2, -5, -3, -5, -3, -2, -3, -3, -4, -3, -2, -2, -3, -1, -2]"
543,208.0,9,False,150,377,8,-5,[],[],[],[],"[578, 547, 1140, 719]","[667, 667, 692, 771]","[107, 49, 165, -69]","[-4, -4, 2, -49]","[1067, 332, 570, 216, 390, 323, 540, 308, 423, 523, 680, 432, 466, 916, 656]","[164, 503, 67, 305, 40, 309, 603, 459, 386, 533, 709, 648, 619, 698, 773]","[3, -5, -4, -4, -2, -4, -5, -4, -4, -4, -5, -5, -4, -5, -5]","[-4, -2, -4, -3, -5, -3, -2, -3, -4, -3, -2, -2, -3, -1, -2]"
544,208.33,8,False,312,284,7,-7,[],[],[],[],"[618, 567, 1176, 679]","[647, 647, 674, 731]","[119, 69, 65, -79]","[-21, -21, -18, -80]","[1127, 232, 485, 136, 243, 440, 228, 443, 580, 332, 386, 816, 556]","[84, 463, 8, 245, 249, 563, 399, 473, 669, 608, 559, 678, 733]","[3, -5, -5, -4, -4, -5, -4, -4, -5, -5, -4, -5, -5]","[-4, -2, -2, -3, -3, -2, -3, -3, -2, -2, -3, -1, -2]"
545,208.68,8,False,231,294,9,0,[],[],[],[],"[662, 597, 1180, 644, 1301]","[636, 636, 655, 691, 721]","[157, 127, 3, -41, -95]","[17, 17, 0, -62, 19]","[132, 56, 163, 340, 148, 363, 480, 232, 306, 716, 456, 612, 618, 1132, 648, 1287]","[423, 185, 189, 523, 339, 413, 629, 568, 499, 658, 693, 616, 599, 721, 700, 699]","[-5, -4, -4, -5, -4, -4, -5, -5, -4, -5, -5, -3, 0, -5, -4, -4]","[-2, -3, -3, -2, -3, -3, -2, -2, -3, -1, -2, -4, -5, 0, -4, -3]"
546,209.02,8,False,411,258,9,1,[],[],[],[],"[722, 647, 1158, 624, 1235]","[640, 640, 655, 660, 721]","[190, 169, -57, -1, -176]","[57, 57, 20, -42, 39]","[32, 83, 240, 68, 283, 380, 132, 226, 616, 356, 552, 618, 1032, 568, 1207]","[383, 129, 483, 279, 353, 589, 528, 438, 638, 653, 536, 499, 721, 620, 639]","[-5, -4, -5, -4, -4, -5, -5, -4, -5, -5, -3, 0, -5, -4, -4]","[-2, -3, -2, -3, -3, -2, -2, -4, -1, -2, -4, -5, 0, -4, -3]"
547,209.35,8,False,534,383,4,8,[567],[406],[2],[5],"[793, 712, 1112, 624, 1141]","[660, 660, 655, 640, 731]","[210, 207, -117, 39, -245]","[88, 88, 40, -12, 59]","[3, 140, 203, 280, 32, 146, 516, 256, 492, 618, 932, 488, 1127, 794, 709, 1133, 623, 1177]","[69, 443, 293, 549, 488, 358, 618, 613, 456, 399, 701, 540, 579, 649, 651, 663, 656, 746]","[-4, -5, -4, -5, -5, -4, -5, -5, -3, 0, -5, -4, -4, -1, -2, -4, -4, -5]","[-3, -2, -3, -2, -2, -4, -1, -2, -4, -5, -1, -4, -3, -5, -5, -3, -3, -2]"
548,209.68,7,False,713,339,9,-2,[607],[506],[2],[5],"[873, 792, 1046, 639, 1022]","[689, 689, 666, 635, 751]","[212, 227, -161, 79, -292]","[108, 108, 60, 28, 79]","[40, 123, 180, 77, 416, 156, 432, 832, 423, 1047, 774, 669, 1053, 543, 1077]","[395, 220, 509, 278, 598, 561, 376, 681, 460, 519, 549, 551, 603, 596, 706]","[-5, -4, -5, -3, -5, -5, -3, -5, -3, -4, -1, -2, -4, -4, -5]","[-3, -4, -2, -4, -1, -3, -4, -1, -4, -3, -5, -5, -3, -3, -2]"
549,210.02,7,False,893,299,9,-2,[647],[606],[2],[5],"[952, 872, 966, 669, 886]","[729, 729, 686, 645, 771]","[199, 230, -193, 119, -314]","[128, 128, 80, 68, 79]","[43, 80, 21, 316, 69, 372, 732, 363, 967, 754, 629, 973, 463, 977]","[140, 469, 189, 578, 501, 296, 661, 380, 459, 449, 451, 543, 522, 666]","[-4, -5, -2, -5, -4, -3, -5, -3, -4, -1, -2, -4, -4, -5]","[-4, -2, -5, -1, -3, -4, -1, -4, -3, -5, -5, -3, -4, -2]"
550,210.35,7,False,1073,263,9,-1,[687],[706],[2],[5],"[1009, 945, 869, 709, 746]","[769, 769, 706, 665, 786]","[138, 180, -245, 117, -345]","[101, 101, 62, 56, 41]","[216, 312, 632, 303, 887, 734, 589, 893, 389, 877, 1006, 927, 943, 720, 893]","[551, 216, 641, 300, 399, 349, 351, 483, 442, 626, 686, 685, 635, 599, 718]","[-5, -3, -5, -3, -4, -1, -2, -4, -3, -5, 0, 0, -3, 0, -1]","[-2, -4, -1, -4, -3, -5, -5, -3, -4, -2, -5, -5, -5, -5, -5]"
551,210.68,7,False,1253,259,9,2,[727],[806],[2],[5],"[1038, 995, 751, 746, 591]","[789, 789, 718, 671, 786]","[58, 120, -277, 97, -351]","[61, 61, 42, 36, 1]","[116, 252, 532, 243, 807, 714, 564, 813, 329, 777, 1006, 927, 889, 720, 873]","[511, 135, 621, 220, 339, 249, 251, 423, 360, 586, 586, 585, 535, 499, 618]","[-5, -3, -5, -3, -4, -1, -1, -4, -3, -5, 0, 0, -2, 0, -1]","[-2, -5, -1, -4, -3, -5, -5, -3, -5, -2, -5, -5, -5, -5, -5]"
552,211.02,7,False,1212,391,-7,6,[1269],[431],[-4],[3],"[1034, 1018, 631, 766, 451]","[794, 794, 718, 671, 766]","[-22, 43, -286, 77, -324]","[21, 21, 22, 16, -39]","[16, 197, 432, 183, 727, 694, 544, 733, 284, 677, 1006, 933, 849, 739, 853, 1102, 1047, 750, 838, 583]","[471, 35, 601, 126, 279, 149, 151, 348, 260, 546, 486, 485, 435, 399, 518, 793, 784, 726, 697, 787]","[-5, -2, -5, -3, -4, -1, -1, -4, -2, -5, 0, 1, -2, 1, -1, 3, 0, 4, 5, 4]","[-2, -5, -1, -5, -3, -5, -5, -4, -5, -2, -5, -5, -5, -5, -5, -4, -5, -3, -1, -3]"
553,211.35,7,False,1244,464,7,-6,[1189],[491],[-4],[3],"[1000, 1008, 511, 786, 321]","[784, 784, 718, 667, 731]","[-102, -37, -272, 57, -272]","[-19, -19, 2, -4, -70]","[332, 139, 647, 691, 528, 653, 259, 577, 1006, 953, 809, 759, 833, 1162, 1047, 830, 938, 663]","[581, 26, 219, 49, 51, 268, 160, 487, 386, 385, 335, 299, 418, 713, 684, 666, 677, 727]","[-5, -2, -4, 0, 0, -4, -1, -5, 0, 1, -2, 1, -1, 3, 0, 4, 5, 4]","[-1, -5, -3, -5, -5, -4, -5, -3, -5, -5, -5, -5, -5, -4, -5, -3, -1, -3]"
554,211.68,7,False,1321,296,1,-9,[1109],[551],[-4],[3],"[936, 970, 400, 793, 217]","[759, 759, 700, 647, 691]","[-162, -103, -234, 37, -196]","[-59, -59, -18, -21, -90]","[232, 567, 573, 258, 482, 1006, 973, 769, 783, 826, 1222, 1047, 910, 1038, 743]","[561, 159, 188, 60, 427, 286, 285, 235, 199, 318, 633, 584, 606, 657, 667]","[-5, -4, -4, 0, -4, 0, 1, -2, 2, 0, 3, 0, 4, 5, 4]","[-1, -3, -4, -5, -3, -5, -5, -5, -5, -5, -4, -5, -3, -1, -3]"
555,212.02,7,False,1267,242,-9,1,[1029],[623],[-4],[4],"[856, 910, 316, 799, 156]","[724, 724, 681, 636, 651]","[-173, -125, -136, 55, -63]","[-46, -46, 0, 17, -72]","[132, 487, 503, 402, 1006, 993, 739, 823, 826, 1282, 1052, 990, 1138, 823, 1070, 1088, 526, 923, 351]","[521, 99, 108, 367, 186, 185, 135, 99, 218, 553, 484, 546, 637, 607, 745, 746, 701, 642, 715]","[-5, -4, -3, -4, 0, 1, -1, 2, 0, 3, 1, 4, 5, 4, 5, 4, 5, 5, 5]","[-2, -3, -4, -3, -5, -5, -5, -5, -5, -4, -5, -3, -1, -3, -3, -3, -2, -2, -1]"
556,212.35,7,False,1087,262,-9,1,[949],[703],[-4],[4],"[776, 850, 275, 819, 151]","[704, 704, 681, 640, 620]","[-167, -129, -22, 57, 77]","[-26, -26, 20, 57, -33]","[32, 407, 443, 322, 1006, 1026, 719, 826, 1342, 1072, 1070, 1238, 903, 1153, 1168, 626, 1023, 451]","[481, 39, 28, 307, 86, 85, 35, 118, 457, 384, 486, 597, 547, 685, 669, 661, 602, 695]","[-5, -4, -3, -4, 0, 2, -1, 0, 3, 1, 4, 5, 4, 4, 4, 5, 5, 5]","[-2, -3, -4, -3, -5, -5, -5, -5, -5, -5, -3, -2, -3, -3, -4, -2, -2, -1]"
557,212.68,7,False,907,282,-9,1,[869],[774],[-4],[3],"[700, 790, 281, 839, 201]","[684, 684, 681, 660, 604]","[-147, -126, 98, 57, 217]","[-6, -6, 40, 88, 7]","[242, 826, 1402, 1092, 1150, 1338, 983, 1233, 1248, 726, 1123, 551, 770, 867, 353, 916, 263]","[228, 18, 357, 284, 426, 557, 487, 625, 589, 621, 562, 675, 689, 691, 707, 665, 652]","[-4, 0, 3, 1, 4, 5, 4, 4, 4, 5, 5, 5, 0, 1, 5, 4, 5]","[-4, -5, -5, -5, -3, -2, -3, -3, -4, -2, -2, -1, -5, -5, -1, -4, 0]"
558,213.02,7,False,818,413,-9,0,"[789, 873]","[834, 437]","[-4, 0]","[3, 5]","[640, 730, 335, 859, 303]","[679, 679, 692, 689, 604]","[-107, -106, 208, 57, 337]","[14, 14, 60, 108, 47]","[166, 1455, 1100, 1230, 1438, 1063, 1313, 1313, 826, 1223, 651, 770, 887, 453, 988, 363]","[148, 257, 184, 366, 517, 427, 565, 509, 581, 522, 655, 589, 591, 687, 585, 652]","[-3, 2, 0, 4, 5, 4, 4, 3, 5, 5, 5, 0, 1, 5, 3, 5]","[-4, -5, -5, -3, -2, -3, -3, -4, -2, -2, -1, -5, -5, -1, -4, 0]"
559,213.35,7,False,661,313,-8,-4,"[709, 873]","[894, 537]","[-4, 0]","[3, 5]","[597, 685, 428, 879, 449]","[679, 679, 712, 729, 623]","[-66, -79, 303, 57, 431]","[34, 34, 80, 128, 87]","[106, 1495, 1100, 1310, 1538, 1143, 1393, 1373, 926, 1323, 751, 770, 907, 553, 1048, 463]","[68, 157, 84, 306, 477, 367, 487, 429, 541, 467, 635, 489, 491, 667, 505, 652]","[-3, 2, 0, 4, 5, 4, 4, 3, 5, 5, 5, 0, 1, 5, 3, 5]","[-4, -5, -5, -3, -2, -3, -4, -4, -2, -3, -1, -5, -5, -1, -4, 0]"
560,213.68,7,False,531,276,0,0,[873],[637],[0],[5],"[564, 645, 548, 883, 620]","[679, 679, 732, 769, 643]","[-44, -77, 338, 19, 458]","[16, 16, 62, 101, 89]","[1535, 1390, 1223, 1460, 1424, 1026, 1415, 851, 770, 911, 653, 1108, 563, 590, 697, 480, 832, 479]","[57, 246, 292, 407, 331, 501, 407, 615, 389, 391, 647, 425, 652, 619, 619, 659, 741, 569]","[2, 4, 4, 3, 2, 5, 4, 5, 0, 0, 5, 3, 5, -2, -1, 0, -5, -1]","[-5, -3, -4, -4, -5, -2, -3, -1, -5, -5, -1, -4, 0, -5, -5, -5, -2, -5]"
561,214.02,7,False,474,282,6,-7,[873],[737],[0],[5],"[544, 605, 668, 872, 797]","[675, 675, 744, 789, 663]","[-24, -77, 347, -21, 447]","[-4, -4, 42, 61, 77]","[1470, 1303, 1515, 1457, 1126, 1495, 951, 770, 911, 753, 1168, 663, 550, 677, 480, 732, 459]","[186, 212, 316, 231, 461, 347, 595, 289, 291, 627, 342, 651, 519, 519, 559, 701, 469]","[4, 4, 2, 1, 5, 4, 5, 0, 0, 5, 3, 5, -2, -1, 0, -5, -1]","[-3, -4, -5, -5, -2, -3, -1, -5, -5, -1, -5, -1, -5, -5, -5, -2, -5]"
562,214.35,7,False,653,277,9,1,[],[],[],[],"[524, 565, 788, 957, 1183]","[655, 655, 744, 683, 641]","[-4, -60, 333, 401, -45]","[-24, -24, 22, 57, 0]","[1550, 1371, 1550, 1467, 1226, 1575, 1051, 770, 911, 853, 1221, 763, 510, 657, 480, 632, 439, 590, 646, 784, 923, 1199]","[112, 132, 216, 131, 414, 278, 560, 189, 191, 597, 242, 631, 419, 419, 459, 661, 369, 667, 665, 734, 669, 640]","[4, 3, 1, 0, 5, 4, 5, 0, 0, 5, 2, 5, -2, -1, 0, -5, -1, 1, 2, 1, -1, -3]","[-4, -4, -5, -5, -3, -4, -2, -5, -5, -2, -5, -1, -5, -5, -5, -2, -5, -5, -5, -5, -5, -4]"
563,214.68,7,False,791,340,-2,9,[],[],[],[],"[521, 536, 906, 1091, 1135]","[635, 635, 744, 690, 641]","[16, -40, 295, 328, -145]","[-29, -29, 2, 37, 0]","[1431, 1564, 1467, 1326, 1151, 770, 911, 953, 1261, 863, 480, 637, 480, 532, 419, 610, 686, 804, 903, 1139]","[52, 116, 31, 354, 520, 89, 91, 557, 142, 611, 319, 319, 359, 621, 269, 567, 565, 634, 569, 560]","[3, 0, 0, 5, 5, 0, 0, 5, 2, 5, -1, -1, 0, -5, -1, 1, 2, 1, -1, -3]","[-4, -5, -5, -3, -2, -5, -5, -2, -5, -1, -5, -5, -5, -2, -5, -5, -5, -5, -5, -4]"
564,215.02,6,False,703,430,-9,0,[776],[508],[-2],[5],"[521, 516, 1001, 1193, 1047]","[615, 615, 726, 690, 641]","[36, -20, 235, 230, -234]","[-29, -29, -18, 17, 0]","[1564, 1421, 1251, 1053, 1301, 963, 460, 617, 480, 432, 408, 630, 824, 883, 1079]","[16, 294, 480, 517, 42, 591, 219, 219, 259, 569, 169, 467, 534, 469, 480]","[0, 4, 5, 5, 2, 5, -1, -1, 0, -5, 0, 1, 1, -1, -3]","[-5, -3, -2, -2, -5, -1, -5, -5, -5, -3, -5, -5, -5, -5, -4]"
565,215.35,5,False,545,357,-6,-7,[734],[608],[-3],[5],"[536, 509, 1077, 1260, 934]","[600, 600, 707, 690, 641]","[94, 38, 193, 150, -265]","[9, 9, 0, 35, 38]","[1501, 1351, 1153, 1063, 440, 597, 480, 332, 408, 844, 863, 1019, 575, 639, 994, 1141, 996]","[234, 440, 477, 571, 119, 119, 159, 509, 69, 434, 369, 400, 553, 605, 690, 714, 603]","[4, 5, 5, 5, -1, -1, 0, -5, 0, 1, -1, -3, 1, 4, -3, -5, -4]","[-3, -2, -2, -1, -5, -5, -5, -3, -5, -5, -5, -4, -5, -3, -4, -1, -3]"
566,215.68,5,False,384,303,-9,0,[674],[692],[-3],[4],"[577, 526, 1134, 1292, 814]","[600, 600, 707, 696, 656]","[154, 98, 141, 70, -271]","[49, 49, 20, 55, 73]","[1581, 1451, 1253, 1163, 420, 577, 480, 250, 854, 843, 959, 595, 719, 934, 1041, 916]","[174, 400, 437, 551, 19, 19, 59, 449, 334, 269, 320, 453, 526, 610, 694, 543]","[4, 5, 5, 5, -1, -1, 0, -4, 0, -1, -3, 1, 4, -3, -5, -4]","[-3, -2, -2, -1, -5, -5, -5, -3, -5, -5, -4, -5, -4, -4, -1, -3]"
567,216.02,5,False,366,449,4,8,[614],[772],[-3],[4],"[639, 569, 1167, 1294, 694]","[620, 620, 707, 716, 676]","[202, 158, 81, -10, -253]","[89, 89, 40, 75, 93]","[1551, 1353, 1263, 170, 854, 807, 885, 615, 799, 859, 941, 836, 612, 588, 1148, 1287, 737]","[359, 397, 531, 389, 234, 169, 240, 353, 446, 530, 674, 483, 656, 614, 724, 716, 699]","[5, 5, 5, -4, 0, -2, -4, 1, 4, -4, -5, -4, -5, -1, -5, -5, -5]","[-3, -2, -1, -3, -5, -5, -4, -5, -4, -4, -1, -3, 0, -5, -2, -3, -1]"
568,216.35,5,False,300,579,-9,4,[554],[852],[-3],[4],"[719, 634, 1177, 1264, 593]","[655, 655, 718, 736, 710]","[238, 209, 21, -90, -212]","[127, 127, 60, 95, 113]","[1453, 1363, 90, 854, 767, 805, 632, 870, 779, 841, 756, 512, 568, 1048, 1187, 637]","[357, 511, 329, 134, 69, 160, 253, 366, 450, 654, 423, 656, 514, 684, 656, 679]","[5, 5, -4, 0, -2, -4, 0, 3, -4, -5, -4, -5, -1, -5, -5, -5]","[-2, -1, -3, -5, -5, -4, -5, -4, -4, -1, -3, 0, -5, -2, -3, -1]"
569,216.68,5,False,289,509,0,0,[],[],[],[],"[808, 714, 1164, 1201, 510]","[695, 695, 738, 772, 750]","[257, 246, -39, -170, -152]","[147, 147, 80, 105, 133]","[1553, 1463, 10, 854, 725, 632, 930, 699, 741, 657, 412, 548, 948, 1087, 537]","[309, 488, 269, 34, 81, 153, 286, 379, 634, 368, 656, 414, 644, 615, 659]","[5, 5, -4, 0, -4, 0, 3, -4, -5, -5, -5, -1, -5, -5, -5]","[-3, -2, -3, -5, -3, -5, -4, -3, -1, -2, 0, -5, -2, -2, -1]"
570,217.01,5,False,438,478,8,-5,[],[],[],[],"[892, 794, 1118, 1103, 450]","[735, 735, 758, 795, 788]","[219, 228, -137, -269, -114]","[129, 129, 55, 67, 96]","[1563, 645, 632, 990, 619, 641, 557, 312, 528, 848, 987, 437, 768, 712, 1116, 1145, 457]","[448, 21, 53, 206, 319, 614, 328, 656, 314, 604, 575, 639, 706, 651, 732, 785, 802]","[5, -4, 0, 3, -4, -5, -5, -5, -1, -5, -5, -5, -5, -3, -5, -5, -5]","[-2, -3, -5, -4, -3, -1, -2, 0, -5, -2, -2, -1, -2, -5, -3, -2, 0]"
571,217.35,5,False,612,400,9,-4,[],[],[],[],"[959, 869, 1034, 970, 404]","[773, 773, 760, 803, 806]","[162, 190, -222, -346, -74]","[97, 97, 15, 27, 56]","[1050, 539, 541, 457, 212, 508, 748, 887, 337, 668, 652, 1016, 1045, 357]","[113, 259, 594, 288, 656, 214, 564, 535, 601, 666, 551, 672, 745, 802]","[3, -4, -5, -5, -5, -1, -5, -5, -5, -5, -3, -5, -5, -5]","[-5, -3, -1, -2, 0, -5, -2, -2, -2, -2, -5, -3, -2, 0]"
572,217.68,5,False,792,362,9,-1,[],[],[],[],"[1003, 926, 921, 811, 376]","[793, 793, 747, 796, 806]","[101, 141, -289, -395, -16]","[57, 57, -22, -13, 16]","[1096, 459, 441, 357, 112, 488, 648, 787, 237, 568, 592, 916, 945, 257, 1034, 913, 1009, 874, 428]","[13, 199, 574, 248, 656, 114, 524, 495, 561, 626, 451, 612, 705, 792, 787, 802, 750, 802, 796]","[2, -4, -5, -5, -5, -1, -5, -5, -5, -5, -3, -5, -5, -5, 0, -4, 0, -4, 1]","[-5, -3, -1, -2, 0, -5, -2, -2, -2, -2, -5, -3, -2, -1, -5, -3, -5, -4, -5]"
573,218.02,5,False,972,374,9,3,[],[],[],[],"[1015, 959, 784, 634, 371]","[796, 796, 727, 774, 794]","[21, 81, -331, -410, 44]","[17, 17, -42, -53, -24]","[379, 341, 257, 12, 468, 548, 687, 137, 468, 542, 816, 845, 157, 1034, 833, 1009, 798, 448]","[139, 554, 208, 645, 14, 484, 455, 521, 586, 351, 552, 665, 772, 687, 742, 650, 722, 696]","[-4, -5, -5, -5, -1, -5, -5, -5, -5, -2, -5, -5, -5, 0, -4, 0, -3, 1]","[-3, -1, -2, -1, -5, -2, -2, -2, -2, -5, -3, -2, -1, -5, -3, -5, -4, -5]"
574,218.35,5,False,961,470,7,-6,[980],[545],[-4],[4],"[997, 969, 644, 461, 392]","[784, 784, 695, 734, 767]","[-58, 21, -343, -390, 104]","[-23, -23, -62, -85, -64]","[299, 241, 157, 448, 587, 45, 368, 502, 722, 745, 57, 1034, 753, 1009, 738, 468]","[79, 534, 168, 444, 415, 464, 546, 251, 492, 625, 732, 587, 682, 550, 642, 596]","[-4, -5, -5, -5, -5, -4, -5, -2, -4, -5, -5, 0, -4, 0, -3, 1]","[-3, -1, -2, -2, -2, -3, -2, -5, -3, -2, -2, -5, -3, -5, -4, -5]"
575,218.69,5,False,1110,360,8,-5,[905],[625],[-3],[4],"[957, 968, 507, 313, 442]","[764, 764, 662, 694, 727]","[-80, -1, -292, -300, 187]","[-25, -25, -44, -67, -55]","[219, 141, 67, 348, 487, 268, 462, 642, 645, 1034, 673, 1009, 678, 488, 1021, 966, 768, 582, 521]","[13, 502, 113, 404, 375, 506, 151, 432, 585, 487, 616, 450, 562, 496, 734, 722, 715, 772, 755]","[-4, -5, -4, -5, -5, -5, -2, -4, -5, 0, -4, 0, -3, 1, -1, -2, 5, 5, 4]","[-4, -2, -3, -2, -2, -2, -5, -3, -2, -5, -4, -5, -4, -5, -5, -5, -1, 0, -3]"
576,219.02,5,False,1283,297,9,-1,[845],[705],[-3],[4],"[917, 948, 397, 208, 524]","[744, 744, 642, 658, 703]","[-100, -21, -214, -183, 263]","[-19, -19, -16, -47, -35]","[41, 47, 248, 387, 168, 429, 562, 545, 1034, 593, 1009, 618, 514, 1001, 945, 868, 682, 601]","[462, 25, 364, 316, 461, 51, 372, 545, 387, 536, 350, 482, 396, 634, 622, 687, 772, 695]","[-5, 4, -5, -5, -5, -1, -4, -5, 0, -4, 0, -3, 2, -1, -1, 5, 5, 4]","[-2, -4, -2, -3, -3, -5, -3, -2, -5, -4, -5, -4, -5, -5, -5, -2, 0, -3]"
577,219.35,5,False,1277,410,-7,6,[785],[785],[-3],[4],"[857, 928, 323, 153, 632]","[726, 726, 635, 638, 683]","[-106, -41, -114, -45, 318]","[1, 1, 24, -15, -15]","[145, 150, 287, 80, 482, 445, 1034, 530, 1009, 560, 554, 981, 928, 968, 782, 681, 943, 1021, 427, 257, 670]","[6, 306, 256, 401, 312, 487, 287, 456, 250, 385, 296, 534, 522, 647, 772, 635, 731, 754, 652, 690, 714]","[5, -4, -5, -4, -4, -5, 0, -3, 0, -2, 2, -1, 0, 5, 5, 4, 2, 4, 5, 5, 5]","[0, -3, -3, -3, -3, -3, -5, -4, -5, -5, -5, -5, -5, -2, 0, -3, -5, -3, -2, 0, -2]"
578,219.68,5,False,1219,464,9,-1,[725],[865],[-3],[4],"[797, 897, 289, 154, 753]","[726, 726, 643, 631, 669]","[-105, -60, -5, 95, 350]","[21, 21, 64, 25, 5]","[245, 70, 206, 402, 345, 1034, 470, 1009, 520, 594, 980, 928, 1068, 882, 781, 983, 1101, 527, 357, 770]","[9, 246, 196, 252, 427, 187, 371, 150, 285, 196, 434, 422, 607, 763, 575, 631, 694, 612, 690, 674]","[5, -4, -4, -4, -5, 0, -3, 0, -2, 2, 0, 0, 5, 5, 5, 2, 4, 5, 5, 5]","[1, -3, -3, -3, -3, -5, -5, -5, -5, -5, -5, -5, -2, -1, -3, -5, -3, -2, 0, -2]"
579,220.01,5,False,1349,360,0,0,[],[],[],[],"[753, 857, 303, 213, 893]","[726, 726, 663, 639, 669]","[-85, -60, 114, 232, 357]","[41, 41, 92, 65, 25]","[345, 126, 322, 262, 1034, 424, 1009, 480, 642, 980, 928, 1168, 982, 881, 1023, 1181, 627, 457, 870]","[29, 136, 185, 367, 87, 271, 50, 185, 96, 334, 322, 567, 743, 515, 531, 634, 572, 690, 634]","[5, -4, -4, -4, 0, -2, 0, -2, 3, 0, 0, 5, 5, 5, 2, 4, 5, 5, 5]","[1, -3, -4, -3, -5, -5, -5, -5, -5, -5, -5, -2, -1, -3, -5, -3, -2, 0, -2]"
580,220.35,5,False,1222,423,0,-9,[1281],[484],[-4],[3],"[710, 817, 352, 314, 1015]","[726, 726, 683, 659, 669]","[-103, -98, 176, 312, 299]","[23, 23, 74, 59, 7]","[445, 46, 242, 182, 394, 459, 702, 980, 928, 1268, 1082, 981, 1063, 1261, 727, 557, 970, 860, 983, 430, 358, 961]","[49, 76, 105, 307, 171, 85, 7, 234, 222, 527, 723, 455, 431, 574, 532, 690, 594, 704, 761, 655, 664, 609]","[5, -4, -4, -4, -1, -1, 3, 0, 0, 5, 5, 5, 2, 4, 5, 5, 5, 4, 5, 4, 5, 1]","[1, -3, -4, -3, -5, -5, -4, -5, -5, -2, -1, -3, -5, -3, -2, 0, -2, -3, 0, -3, -1, -5]"
581,220.68,5,False,1274,243,2,-9,[1201],[544],[-4],[3],"[650, 758, 425, 442, 1107]","[726, 726, 703, 668, 656]","[-107, -124, 230, 367, 218]","[3, 3, 54, 39, -13]","[545, 176, 102, 385, 980, 945, 1368, 1182, 1081, 1103, 1341, 827, 657, 1070, 940, 1083, 510, 458, 992]","[69, 25, 247, 71, 134, 122, 487, 703, 395, 331, 514, 492, 690, 554, 644, 744, 595, 644, 509]","[5, -3, -4, 0, 0, 1, 5, 5, 5, 2, 4, 5, 5, 5, 4, 5, 4, 5, 2]","[1, -4, -3, -5, -5, -5, -2, -1, -3, -5, -3, -2, 0, -2, -3, -1, -3, -1, -5]"
582,221.02,5,False,1303,172,0,0,[1121],[623],[-4],[4],"[590, 698, 516, 582, 1163]","[709, 709, 707, 668, 636]","[-104, -144, 267, 396, 118]","[-17, -17, 34, 19, -19]","[645, 22, 983, 974, 1468, 1282, 1181, 1159, 1421, 927, 757, 1170, 1020, 1183, 590, 558, 1032, 694, 802, 556, 606, 1190]","[89, 170, 34, 22, 447, 683, 335, 231, 454, 452, 690, 514, 584, 724, 535, 624, 409, 725, 725, 724, 694, 643]","[5, -4, 1, 2, 5, 5, 5, 3, 4, 5, 5, 5, 4, 5, 4, 5, 2, 4, 4, 5, 5, 0]","[1, -4, -5, -5, -2, -1, -3, -5, -3, -2, 0, -2, -3, -1, -3, -1, -5, -4, -4, -2, -1, -5]"
583,221.35,5,False,1264,121,0,-9,[1041],[703],[-4],[4],"[547, 638, 616, 722, 1179]","[689, 689, 707, 667, 616]","[-84, -144, 284, 396, 18]","[-37, -37, 14, -1, -19]","[745, 1568, 1382, 1281, 1219, 1501, 1027, 857, 1270, 1100, 1283, 670, 658, 1072, 774, 882, 656, 706, 1190]","[109, 406, 663, 275, 131, 394, 412, 690, 474, 524, 704, 475, 604, 309, 645, 645, 684, 674, 543]","[5, 5, 5, 5, 3, 4, 5, 5, 5, 4, 5, 4, 5, 2, 4, 4, 5, 5, 0]","[1, -3, -1, -3, -5, -3, -2, 0, -2, -3, -1, -3, -1, -5, -4, -4, -2, -1, -5]"
584,221.68,5,False,1270,58,0,9,[961],[783],[-4],[4],"[507, 578, 716, 862, 1155]","[662, 662, 701, 647, 600]","[-64, -137, 281, 368, -82]","[-57, -57, -6, -18, -19]","[845, 1482, 1381, 1279, 1581, 1127, 957, 1370, 1180, 1383, 750, 758, 1112, 854, 962, 756, 806, 1190]","[129, 630, 215, 31, 334, 372, 690, 434, 464, 684, 415, 584, 209, 565, 565, 644, 653, 443]","[5, 5, 5, 3, 4, 5, 5, 5, 4, 5, 4, 5, 2, 4, 4, 5, 5, 0]","[1, -2, -3, -5, -3, -2, 0, -2, -3, -1, -3, -1, -5, -4, -4, -2, -2, -5]"
585,222.01,5,False,1272,112,0,0,[881],[851],[-4],[3],"[486, 526, 816, 1002, 1100]","[635, 635, 694, 638, 600]","[10, -79, 296, 352, -144]","[-25, -25, 12, 20, 19]","[945, 1582, 1481, 1227, 1057, 1470, 1260, 1483, 830, 858, 1152, 934, 1042, 856, 906, 1190, 647, 696, 862, 954, 1255]","[149, 590, 155, 332, 677, 394, 404, 662, 355, 553, 109, 485, 485, 604, 613, 343, 669, 649, 702, 590, 552]","[5, 5, 5, 5, 5, 5, 4, 5, 4, 5, 2, 4, 4, 5, 5, 0, 5, 4, 5, 2, 3]","[1, -2, -3, -2, -1, -2, -3, -2, -3, -2, -5, -4, -4, -2, -2, -5, -2, -3, -2, -5, -5]"
586,222.35,5,False,1108,185,-9,2,[],[],[],[],"[497, 497, 916, 1123, 1023]","[623, 623, 694, 644, 605]","[90, -16, 293, 309, -184]","[15, 15, 32, 60, 59]","[1045, 1573, 1327, 1157, 1570, 1340, 1583, 910, 958, 1192, 1014, 1122, 956, 1006, 1190, 747, 776, 962, 994, 1315]","[169, 95, 292, 657, 354, 344, 622, 295, 513, 9, 405, 405, 564, 573, 243, 629, 589, 662, 490, 452]","[5, 4, 5, 5, 5, 4, 5, 4, 5, 2, 4, 4, 5, 5, 0, 5, 4, 5, 2, 3]","[1, -3, -2, -1, -2, -3, -2, -3, -2, -5, -4, -4, -2, -2, -5, -2, -3, -2, -5, -5]"
587,222.68,5,False,1020,238,-7,-6,[],[],[],[],"[537, 498, 1016, 1224, 933]","[626, 626, 697, 664, 625]","[153, 64, 270, 244, -210]","[55, 55, 52, 87, 99]","[1145, 1427, 1257, 1420, 990, 1058, 1094, 1202, 1056, 1106, 1190, 847, 856, 1062, 1034, 1366, 581, 574, 1047, 1182, 1010]","[189, 252, 637, 284, 235, 473, 325, 325, 524, 533, 143, 589, 529, 622, 390, 352, 622, 649, 702, 679, 613]","[5, 5, 5, 4, 4, 5, 4, 4, 5, 5, 0, 5, 4, 5, 2, 2, 3, 5, 4, -5, 0]","[1, -2, -1, -3, -3, -2, -4, -4, -2, -2, -5, -2, -3, -2, -5, -5, -4, -1, -3, -2, -5]"
588,223.02,4,False,876,265,-8,5,[],[],[],[],"[602, 528, 1106, 1295, 833]","[646, 646, 717, 692, 665]","[213, 127, 229, 164, -217]","[95, 95, 72, 107, 132]","[1245, 1527, 1357, 1500, 1158, 1174, 1270, 1156, 1206, 1190, 947, 936, 1162, 1074, 1406, 641, 674, 1127, 1082, 1010]","[209, 212, 617, 216, 433, 245, 245, 484, 493, 43, 549, 469, 573, 290, 252, 542, 618, 642, 639, 513]","[5, 5, 5, 4, 5, 4, 3, 5, 5, 0, 5, 4, 5, 2, 2, 3, 5, 4, -5, 0]","[1, -2, -1, -4, -2, -4, -4, -2, -2, -5, -2, -3, -3, -5, -5, -4, -2, -3, -2, -5]"
589,223.35,4,False,703,351,-9,4,[],[],[],[],"[684, 581, 1175, 1331, 733]","[684, 684, 737, 732, 708]","[253, 187, 169, 66, -204]","[119, 119, 92, 127, 152]","[1345, 1457, 1580, 1258, 1254, 1330, 1256, 1306, 1047, 1016, 1262, 1114, 1446, 701, 774, 1207, 982, 999]","[229, 597, 136, 393, 165, 165, 444, 453, 509, 409, 513, 190, 152, 462, 578, 574, 599, 413]","[5, 5, 4, 5, 4, 3, 5, 5, 5, 4, 5, 2, 2, 3, 5, 4, -5, -1]","[1, -1, -4, -2, -4, -4, -2, -2, -2, -3, -3, -5, -5, -4, -2, -4, -2, -5]"
590,223.68,3,False,744,399,-7,-6,[815],[476],[4],[3],"[773, 641, 1212, 1318, 633]","[724, 724, 757, 771, 752]","[239, 196, 62, -72, -209]","[101, 101, 68, 99, 134]","[1445, 1557, 1358, 1315, 1390, 1356, 1406, 1147, 1096, 1359, 1154, 1486, 874, 1284, 882, 979, 739, 654, 1149, 1284, 733]","[261, 577, 353, 85, 85, 404, 413, 469, 349, 453, 90, 52, 538, 494, 559, 313, 638, 641, 707, 763, 667]","[5, 5, 5, 3, 3, 5, 5, 5, 4, 4, 2, 2, 5, 3, -5, -1, 0, 1, -4, -5, -2]","[2, -1, -2, -4, -4, -2, -2, -2, -3, -3, -5, -5, -2, -4, -2, -5, -5, -5, -4, -1, -5]"
591,224.01,3,False,585,307,-9,-3,[895],[536],[4],[3],"[853, 701, 1202, 1253, 538]","[745, 745, 766, 791, 789]","[206, 196, -58, -200, -196]","[81, 81, 28, 59, 94]","[1545, 1458, 1375, 1450, 1456, 1506, 1247, 1176, 1439, 974, 1344, 782, 959, 739, 674, 1069, 1184, 693]","[303, 313, 5, 5, 364, 373, 429, 289, 393, 498, 414, 512, 213, 538, 541, 627, 743, 567]","[5, 5, 3, 3, 5, 5, 5, 4, 4, 5, 3, -5, -1, 0, 1, -4, -5, -2]","[3, -2, -4, -4, -2, -2, -2, -3, -3, -2, -4, -3, -5, -5, -5, -4, -1, -5]"
592,224.35,3,False,405,265,-9,1,[975],[616],[4],[4],"[916, 761, 1148, 1138, 458]","[763, 763, 760, 795, 809]","[161, 176, -159, -311, -166]","[47, 47, -12, 19, 54]","[1558, 1556, 1347, 1256, 1519, 1074, 1392, 682, 939, 739, 694, 989, 1084, 653, 918, 754, 1173, 1188, 523]","[273, 324, 389, 225, 333, 458, 317, 452, 113, 438, 441, 547, 723, 467, 756, 765, 774, 803, 798]","[5, 5, 5, 4, 4, 5, 2, -5, -1, 0, 1, -4, -5, -2, -2, -3, -4, -4, -1]","[-2, -2, -2, -4, -3, -2, -5, -3, -5, -5, -5, -4, -1, -5, -5, -4, -3, -3, -5]"
593,224.68,3,False,262,324,-1,9,[1055],[696],[4],[4],"[959, 821, 1055, 986, 391]","[763, 763, 740, 784, 811]","[101, 150, -251, -396, -123]","[7, 7, -42, -21, 14]","[1447, 1336, 1599, 1174, 1413, 582, 918, 739, 694, 909, 984, 613, 878, 694, 1093, 1108, 503]","[349, 145, 266, 418, 217, 392, 13, 338, 341, 472, 703, 367, 656, 685, 714, 743, 698]","[5, 4, 4, 5, 0, -5, -2, 0, 0, -4, -5, -2, -2, -3, -4, -4, -1]","[-2, -4, -4, -2, -5, -3, -5, -5, -5, -3, -1, -5, -5, -4, -3, -3, -5]"
594,225.01,3,False,341,419,9,0,[1135],[776],[4],[4],"[976, 861, 928, 807, 344]","[746, 746, 708, 758, 795]","[41, 110, -321, -446, -63]","[-29, -29, -62, -61, -26]","[1547, 1416, 1274, 1408, 482, 723, 694, 829, 884, 571, 824, 634, 1013, 1028, 483]","[289, 65, 378, 117, 351, 238, 241, 412, 663, 267, 556, 605, 654, 683, 598]","[5, 4, 5, -1, -5, -1, 0, -4, -5, -3, -3, -3, -4, -4, -1]","[-3, -4, -2, -5, -2, -5, -5, -3, -2, -5, -5, -4, -3, -3, -5]"
595,225.35,3,False,474,310,4,-8,[1195],[856],[3],[4],"[976, 901, 788, 627, 330]","[726, 726, 675, 722, 775]","[19, 108, -326, -421, 35]","[-11, -11, -44, -47, -28]","[1374, 1368, 382, 703, 694, 749, 784, 511, 764, 574, 928, 948, 463, 954, 836, 862, 773, 425]","[334, 19, 311, 138, 141, 352, 623, 167, 465, 525, 594, 623, 498, 703, 734, 709, 719, 745]","[5, -3, -5, -1, 0, -4, -5, -3, -3, -3, -5, -4, -1, -3, -4, -5, -3, 2]","[-3, -4, -2, -5, -5, -3, -2, -5, -4, -4, -3, -3, -5, -4, -3, -2, -4, -5]"
596,225.68,3,False,622,209,9,-2,[],[],[],[],"[975, 929, 649, 460, 356]","[716, 716, 655, 702, 755]","[-1, 88, -299, -359, 135]","[9, 9, -24, -27, -28]","[1470, 282, 683, 694, 669, 684, 451, 704, 514, 840, 868, 443, 894, 756, 762, 713, 465]","[274, 271, 38, 41, 292, 583, 67, 385, 445, 534, 563, 398, 623, 667, 669, 639, 645]","[4, -5, -1, 0, -4, -5, -3, -3, -3, -4, -4, -1, -3, -4, -5, -3, 2]","[-3, -2, -5, -5, -3, -2, -5, -4, -4, -3, -3, -5, -4, -4, -2, -4, -5]"
597,226.01,3,False,802,197,9,1,[],[],[],[],"[955, 949, 530, 325, 422]","[716, 716, 641, 682, 735]","[-21, 68, -248, -268, 230]","[29, 29, 11, -7, -13]","[1550, 182, 589, 584, 644, 454, 760, 788, 423, 834, 676, 662, 653, 505, 962, 967, 635, 423, 461]","[214, 216, 232, 543, 304, 363, 474, 503, 298, 543, 587, 629, 547, 545, 724, 706, 638, 685, 742]","[4, -5, -4, -5, -3, -3, -4, -4, -1, -3, -4, -5, -3, 2, -4, -1, 2, 1, 3]","[-3, -3, -3, -2, -5, -5, -3, -3, -5, -4, -4, -2, -5, -5, -3, -5, -5, -5, -5]"
598,226.35,3,False,904,315,0,9,[],[],[],[],"[935, 967, 437, 230, 521]","[716, 716, 642, 676, 723]","[-41, 48, -174, -153, 307]","[49, 49, 51, 13, 7]","[97, 509, 484, 584, 396, 680, 708, 403, 774, 596, 562, 598, 545, 882, 947, 675, 443, 521]","[156, 172, 503, 204, 263, 414, 443, 198, 463, 507, 589, 447, 445, 664, 606, 538, 585, 642]","[-4, -4, -5, -3, -2, -4, -4, -1, -3, -4, -5, -2, 2, -4, -1, 2, 1, 3]","[-3, -3, -2, -5, -5, -3, -3, -5, -4, -4, -2, -5, -5, -3, -5, -5, -5, -5]"
599,226.68,3,False,983,441,9,0,[939],[459],[0],[5],"[904, 967, 376, 186, 647]","[736, 736, 662, 676, 723]","[-61, 28, -85, -24, 361]","[69, 69, 80, 33, 27]","[17, 429, 384, 534, 356, 600, 628, 389, 714, 516, 462, 558, 585, 802, 927, 715, 464, 581]","[96, 112, 463, 104, 163, 354, 383, 98, 383, 427, 549, 347, 345, 603, 506, 438, 485, 542]","[-4, -4, -5, -2, -2, -4, -4, 0, -3, -4, -5, -2, 2, -4, -1, 2, 2, 3]","[-3, -3, -2, -5, -5, -3, -3, -5, -4, -4, -2, -5, -5, -4, -5, -5, -5, -5]"
600,227.01,3,False,1148,362,8,-5,[939],[559],[0],[5],"[863, 957, 346, 188, 787]","[754, 754, 682, 676, 723]","[-101, -30, -23, 78, 351]","[46, 46, 62, 15, 9]","[349, 284, 494, 316, 520, 548, 654, 438, 362, 518, 625, 722, 921, 755, 504, 641, 1023, 928, 495, 314, 772]","[51, 418, 4, 63, 294, 323, 303, 347, 509, 247, 245, 523, 406, 338, 385, 460, 709, 697, 654, 711, 682]","[-4, -5, -2, -2, -4, -4, -3, -3, -5, -2, 2, -4, 0, 2, 2, 3, 4, -3, 4, 5, 4]","[-4, -3, -5, -5, -3, -3, -4, -4, -2, -5, -5, -4, -5, -5, -5, -4, -4, -4, -3, 0, -4]"
601,227.35,3,False,1203,328,7,-6,[939],[659],[0],[5],"[803, 923, 339, 229, 908]","[754, 754, 694, 671, 712]","[-141, -90, 37, 167, 313]","[6, 6, 42, -5, -11]","[194, 440, 468, 594, 378, 262, 486, 678, 642, 921, 795, 544, 701, 1103, 868, 575, 414, 852]","[358, 234, 253, 223, 267, 460, 147, 145, 443, 306, 238, 285, 380, 629, 617, 594, 711, 602]","[-4, -4, -4, -3, -3, -5, -1, 3, -4, 0, 2, 2, 3, 4, -3, 4, 5, 4]","[-3, -3, -4, -4, -4, -3, -5, -5, -4, -5, -5, -5, -4, -4, -4, -3, 0, -4]"
602,227.68,3,False,1222,277,0,0,[939],[759],[0],[5],"[731, 866, 355, 301, 1012]","[737, 737, 694, 651, 692]","[-162, -139, 97, 247, 251]","[-21, -21, 22, -25, -31]","[114, 360, 388, 534, 318, 172, 467, 738, 579, 921, 855, 584, 761, 1180, 816, 655, 514, 932, 841, 936, 418, 356, 1049]","[294, 174, 173, 125, 187, 400, 47, 56, 363, 206, 138, 185, 300, 549, 521, 534, 711, 522, 760, 744, 702, 683, 705]","[-4, -4, -4, -3, -3, -4, 0, 3, -3, 0, 3, 2, 3, 3, -2, 4, 5, 4, 4, 1, 4, 5, 4]","[-4, -3, -4, -5, -4, -3, -5, -4, -4, -5, -5, -5, -4, -4, -5, -3, 0, -4, -3, -5, -3, -2, -4]"
603,228.01,3,False,1199,242,-7,-6,[939],[859],[0],[5],"[651, 791, 398, 404, 1084]","[717, 717, 694, 631, 671]","[-170, -177, 157, 307, 171]","[-41, -41, 2, -26, -51]","[46, 280, 308, 491, 258, 92, 519, 921, 915, 624, 821, 1240, 779, 735, 614, 1012, 921, 956, 498, 456, 1129]","[214, 108, 93, 25, 94, 340, 282, 106, 55, 85, 220, 469, 421, 474, 711, 442, 700, 644, 642, 643, 625]","[-3, -4, -4, -2, -3, -4, -3, 0, 3, 2, 3, 3, -1, 4, 5, 4, 4, 1, 4, 5, 4]","[-4, -4, -4, -5, -5, -3, -5, -5, -4, -5, -4, -4, -5, -3, 0, -4, -3, -5, -3, -2, -4]"
604,228.35,3,False,1109,236,-9,0,[],[],[],[],"[571, 711, 458, 524, 1124]","[686, 686, 676, 611, 631]","[-163, -197, 198, 344, 77]","[-61, -61, -18, -26, -62]","[4, 200, 248, 12, 468, 921, 881, 1300, 759, 815, 714, 1092, 1001, 976, 578, 556, 1209]","[115, 28, 13, 264, 182, 6, 140, 389, 321, 414, 711, 362, 640, 544, 582, 603, 545]","[-1, -4, -3, -4, -2, 0, 3, 3, -1, 4, 5, 4, 4, 1, 4, 5, 4]","[-5, -4, -4, -4, -5, -5, -4, -4, -5, -3, 0, -4, -3, -5, -3, -2, -4]"
605,228.68,3,False,1030,318,7,6,[],[],[],[],"[507, 631, 544, 662, 1132]","[654, 654, 657, 600, 605]","[-105, -162, 267, 394, 15]","[-43, -43, 0, 12, -24]","[428, 941, 1360, 756, 895, 814, 1172, 1081, 996, 658, 656, 1289, 686, 786, 584, 652, 1134]","[82, 60, 309, 221, 354, 711, 282, 580, 444, 522, 563, 465, 653, 634, 659, 592, 578]","[-2, 3, 3, 0, 4, 5, 4, 4, 1, 4, 5, 4, 4, 2, 4, 4, -2]","[-5, -4, -4, -5, -3, 0, -4, -3, -5, -3, -2, -4, -4, -5, -3, -3, -5]"
606,229.01,3,False,1079,206,-1,-9,[],[],[],[],"[472, 566, 654, 820, 1117]","[634, 634, 657, 602, 600]","[-28, -111, 319, 418, -45]","[-7, -7, 20, 52, 16]","[1420, 756, 975, 914, 1252, 1161, 1016, 738, 756, 1369, 766, 826, 664, 732, 1094]","[229, 121, 294, 711, 202, 520, 344, 462, 523, 385, 573, 534, 599, 532, 478]","[3, 0, 4, 5, 4, 4, 1, 4, 5, 4, 4, 2, 4, 4, -2]","[-4, -5, -3, 0, -4, -3, -5, -3, -2, -4, -4, -5, -3, -3, -5]"
607,229.35,3,False,990,141,-9,3,[],[],[],[],"[467, 523, 774, 980, 1078]","[631, 631, 657, 622, 604]","[52, -51, 347, 409, -94]","[33, 33, 40, 92, 56]","[1477, 757, 1055, 1014, 1332, 1241, 1036, 818, 856, 1433, 846, 866, 744, 812, 1054, 528, 601, 788, 955, 1120]","[131, 21, 234, 692, 122, 451, 244, 402, 483, 305, 493, 434, 539, 472, 378, 630, 630, 656, 608, 590]","[2, 1, 4, 5, 4, 4, 1, 4, 5, 3, 4, 2, 4, 4, -2, 3, 3, 3, 0, -1]","[-5, -5, -3, -1, -4, -4, -5, -3, -2, -4, -4, -5, -3, -3, -5, -4, -4, -4, -5, -5]"
608,229.68,3,False,814,202,-9,2,[],[],[],[],"[496, 507, 912, 1126, 1021]","[643, 643, 668, 659, 624]","[132, 9, 351, 369, -134]","[73, 73, 60, 128, 96]","[1517, 1135, 1114, 1412, 1321, 1056, 898, 956, 1493, 926, 906, 824, 892, 1014, 588, 661, 848, 955, 1100]","[31, 174, 672, 42, 371, 144, 342, 443, 225, 413, 334, 479, 407, 278, 550, 550, 576, 508, 490]","[2, 4, 5, 4, 4, 1, 4, 5, 3, 4, 2, 4, 4, -2, 3, 3, 3, 0, -1]","[-5, -3, -1, -4, -4, -5, -3, -2, -4, -4, -5, -3, -4, -5, -4, -4, -4, -5, -5]"
609,230.01,3,False,634,256,-9,3,[],[],[],[],"[552, 514, 1033, 1252, 950]","[665, 665, 688, 699, 663]","[195, 69, 326, 301, -161]","[101, 101, 80, 148, 130]","[1215, 1214, 1401, 1076, 978, 1056, 1553, 1006, 946, 904, 972, 974, 648, 721, 908, 955, 1080]","[114, 652, 291, 44, 282, 403, 143, 333, 234, 408, 327, 178, 470, 470, 496, 408, 390]","[4, 5, 4, 1, 4, 5, 3, 4, 2, 4, 4, -2, 3, 3, 3, 0, -1]","[-3, -1, -4, -5, -3, -2, -5, -4, -5, -4, -4, -5, -4, -4, -4, -5, -5]"
610,230.35,3,False,465,327,-6,7,[],[],[],[],"[630, 534, 1138, 1336, 864]","[688, 688, 708, 739, 703]","[210, 91, 241, 174, -212]","[83, 83, 62, 130, 112]","[1295, 1314, 1465, 1058, 1156, 1086, 976, 984, 1052, 917, 708, 781, 968, 955, 1060, 606, 581, 990, 1250, 945]","[54, 632, 211, 222, 363, 253, 134, 328, 247, 78, 390, 390, 416, 308, 290, 622, 620, 692, 653, 619]","[4, 5, 3, 4, 5, 4, 1, 4, 4, -3, 3, 3, 3, 0, -1, 0, 1, -5, -3, -3]","[-3, -1, -4, -3, -2, -4, -5, -4, -4, -5, -4, -4, -4, -5, -5, -5, -5, -2, -5, -5]"
611,230.68,3,False,421,460,-9,-1,[509],[507],[1],[5],"[710, 566, 1204, 1366, 764]","[708, 708, 720, 777, 735]","[208, 111, 140, 34, -245]","[63, 63, 42, 96, 92]","[1414, 1525, 1138, 1256, 1166, 996, 1064, 1132, 768, 841, 1028, 955, 1030, 606, 601, 890, 1190, 885]","[612, 131, 162, 323, 173, 34, 248, 167, 310, 310, 330, 208, 190, 522, 520, 652, 573, 519]","[5, 3, 4, 5, 4, 1, 4, 4, 3, 3, 3, 0, -2, 0, 1, -5, -3, -3]","[-1, -4, -3, -2, -4, -5, -4, -4, -4, -4, -5, -5, -5, -5, -5, -2, -4, -5]"
612,231.01,3,False,241,427,-9,-2,[529],[607],[1],[5],"[778, 606, 1225, 1341, 649]","[721, 721, 720, 797, 755]","[188, 129, 20, -106, -257]","[43, 43, 22, 56, 68]","[1514, 1578, 1218, 1356, 1231, 1138, 1194, 828, 901, 1088, 955, 990, 606, 621, 790, 1130, 825, 753, 592, 1212, 1362, 692]","[576, 34, 102, 266, 93, 168, 87, 230, 224, 230, 108, 90, 422, 420, 612, 493, 425, 746, 749, 746, 838, 778]","[5, 2, 4, 5, 3, 3, 3, 3, 3, 3, 0, -2, 0, 1, -5, -3, -3, -5, -5, -5, -5, -5]","[-2, -5, -3, -3, -4, -4, -4, -4, -5, -5, -5, -5, -5, -5, -2, -4, -4, -2, -2, -1, 0, -1]"
613,231.35,3,False,117,340,0,0,[549],[707],[1],[5],"[838, 646, 1199, 1260, 534]","[721, 721, 720, 800, 764]","[156, 129, -100, -238, -246]","[23, 23, 2, 16, 28]","[1298, 1456, 1291, 1198, 1254, 888, 961, 1136, 944, 606, 626, 690, 1070, 765, 653, 492, 1112, 1262, 592]","[42, 206, 13, 88, 3, 150, 124, 130, 8, 322, 320, 572, 413, 345, 706, 709, 726, 838, 758]","[4, 5, 3, 3, 3, 3, 3, 2, -1, 0, 0, -5, -3, -3, -5, -5, -5, -5, -5]","[-3, -3, -4, -4, -5, -4, -5, -5, -5, -5, -5, -2, -4, -4, -2, -2, -1, 0, -1]"
614,231.68,3,False,260,272,6,7,[569],[807],[1],[5],"[881, 686, 1129, 1132, 434]","[721, 721, 702, 788, 758]","[116, 129, -200, -349, -213]","[3, 3, -18, -24, -12]","[1540, 948, 1002, 1176, 606, 626, 590, 1003, 705, 553, 392, 1012, 1162, 492]","[146, 70, 24, 30, 222, 220, 532, 333, 265, 666, 669, 706, 838, 738]","[4, 3, 2, 2, 0, 0, -5, -4, -3, -5, -5, -5, -5, -5]","[-3, -4, -5, -5, -5, -5, -2, -4, -4, -2, -2, -1, 0, -1]"
615,232.01,3,False,333,279,9,-2,[],[],[],[],"[921, 732, 1029, 972, 357]","[721, 721, 683, 768, 738]","[104, 155, -248, -392, -123]","[21, 21, 0, -26, -2]","[606, 626, 490, 923, 645, 453, 292, 912, 1062, 392, 825, 649, 1065, 1079, 446]","[122, 120, 492, 253, 185, 626, 629, 686, 838, 718, 737, 680, 703, 768, 702]","[0, 0, -5, -4, -3, -5, -5, -5, -5, -5, -5, -4, -5, -4, -1]","[-5, -5, -2, -4, -4, -2, -2, -1, 0, -1, -1, -4, -2, -3, -5]"
616,232.35,3,False,484,364,6,7,[533],[411],[4],[4],"[945, 792, 910, 800, 319]","[721, 721, 683, 748, 737]","[84, 175, -273, -401, -23]","[41, 41, 20, -24, 18]","[606, 626, 390, 843, 580, 353, 192, 812, 962, 292, 725, 569, 965, 999, 426]","[22, 20, 452, 173, 105, 586, 589, 666, 838, 698, 717, 600, 663, 708, 602]","[0, 0, -5, -4, -4, -5, -5, -5, -5, -5, -5, -4, -5, -4, -1]","[-5, -5, -2, -4, -4, -2, -2, -1, 0, -1, -1, -4, -2, -3, -5]"
617,232.68,3,False,651,376,9,-2,[597],[491],[3],[4],"[965, 852, 790, 640, 321]","[733, 733, 683, 728, 737]","[64, 178, -274, -374, 77]","[61, 61, 40, -4, 38]","[290, 763, 500, 253, 92, 712, 862, 192, 625, 501, 865, 919, 406, 970, 827, 846, 752, 395]","[412, 93, 25, 546, 544, 646, 828, 673, 693, 520, 623, 648, 502, 747, 751, 682, 730, 745]","[-5, -4, -4, -5, -5, -5, -5, -5, -5, -3, -5, -4, -1, -4, -5, -3, 1, 5]","[-2, -4, -4, -2, -3, -1, -1, -2, -2, -4, -2, -3, -5, -3, -2, -4, -5, -3]"
618,233.01,3,False,831,363,9,1,[657],[571],[3],[4],"[979, 912, 671, 491, 363]","[753, 753, 694, 725, 746]","[44, 175, -249, -318, 177]","[79, 79, 60, 16, 58]","[190, 683, 153, 612, 762, 92, 525, 441, 765, 839, 386, 890, 727, 786, 772, 495]","[372, 25, 506, 626, 808, 633, 653, 440, 583, 588, 402, 687, 711, 602, 630, 685]","[-5, -4, -5, -5, -5, -5, -5, -3, -5, -4, -1, -4, -5, -3, 1, 5]","[-2, -3, -2, -1, -1, -2, -2, -4, -2, -3, -5, -3, -2, -4, -5, -3]"
619,233.35,3,False,1011,383,9,1,[717],[651],[3],[4],"[979, 972, 571, 371, 444]","[773, 773, 714, 725, 766]","[24, 155, -204, -233, 268]","[79, 79, 80, 36, 63]","[90, 53, 512, 662, 425, 381, 665, 759, 366, 810, 627, 726, 792, 580]","[332, 449, 606, 788, 613, 360, 524, 528, 302, 624, 671, 522, 530, 625]","[-5, -5, -5, -5, -5, -3, -5, -4, -1, -4, -5, -3, 1, 5]","[-2, -3, -1, -1, -2, -4, -3, -3, -5, -4, -2, -4, -5, -3]"
620,233.68,3,False,1191,395,9,0,[777],[731],[3],[4],"[967, 1011, 490, 281, 547]","[788, 788, 734, 725, 773]","[-34, 91, -180, -167, 302]","[41, 41, 62, 18, 25]","[412, 562, 325, 321, 565, 679, 362, 730, 527, 666, 825, 680, 1054, 1041, 642, 472, 552]","[585, 768, 573, 270, 464, 468, 202, 544, 631, 442, 430, 565, 715, 724, 663, 703, 733]","[-5, -5, -5, -3, -5, -4, 0, -4, -5, -3, 2, 5, 2, 1, 2, 4, 3]","[-2, -1, -2, -5, -3, -3, -5, -4, -2, -4, -5, -3, -5, -5, -5, -3, -4]"
621,234.01,3,False,1278,336,2,9,[837],[811],[3],[4],"[932, 1021, 416, 221, 667]","[788, 788, 746, 723, 765]","[-94, 11, -140, -87, 311]","[1, 1, 42, -2, -15]","[312, 462, 225, 280, 481, 599, 362, 650, 427, 606, 865, 780, 1094, 1061, 682, 569, 612]","[545, 748, 533, 170, 404, 408, 102, 464, 588, 362, 330, 505, 615, 624, 563, 643, 653]","[-5, -5, -5, -2, -4, -4, 0, -4, -5, -3, 2, 5, 2, 1, 2, 5, 3]","[-2, -1, -2, -5, -3, -3, -5, -4, -3, -4, -5, -3, -5, -5, -5, -3, -4]"
622,234.35,3,False,1183,489,-5,8,"[897, 1252]","[891, 517]","[3, -3]","[4, 4]","[874, 998, 361, 193, 784]","[768, 768, 746, 703, 745]","[-146, -68, -86, 1, 297]","[-39, -39, 22, -22, -50]","[212, 362, 130, 254, 401, 519, 362, 571, 336, 546, 905, 880, 1147, 1097, 738, 669, 687, 969, 1087, 460, 294, 824]","[505, 728, 474, 70, 344, 348, 2, 384, 528, 280, 230, 457, 515, 524, 463, 583, 573, 775, 789, 781, 760, 784]","[-5, -5, -4, -1, -4, -4, 0, -3, -4, -3, 2, 5, 3, 2, 3, 5, 4, 3, 3, 5, 5, 5]","[-2, -1, -3, -5, -3, -3, -5, -4, -3, -5, -5, -2, -5, -5, -5, -3, -4, -5, -4, 0, 0, -1]"
623,234.68,3,False,1311,513,8,-5,[1192],[597],[-3],[4],"[796, 948, 330, 204, 884]","[733, 733, 746, 683, 705]","[-185, -128, -26, 98, 261]","[-71, -71, 2, -42, -70]","[112, 262, 50, 321, 439, 511, 256, 486, 945, 980, 1207, 1137, 798, 769, 767, 1029, 1147, 560, 394, 924]","[465, 702, 414, 284, 288, 304, 468, 180, 130, 417, 415, 424, 376, 523, 493, 683, 709, 781, 760, 764]","[-5, -5, -4, -4, -4, -3, -4, -3, 2, 5, 3, 2, 3, 5, 4, 3, 3, 5, 5, 5]","[-2, -2, -3, -3, -3, -4, -3, -5, -5, -2, -5, -5, -4, -3, -4, -4, -4, 0, 0, -1]"
624,235.01,3,False,1405,398,0,0,[1132],[677],[-3],[4],"[711, 875, 322, 252, 969]","[693, 693, 728, 651, 665]","[-205, -182, 34, 178, 205]","[-91, -91, -18, -62, -90]","[15, 162, 241, 359, 451, 178, 444, 1005, 1080, 1267, 1177, 858, 869, 847, 1089, 1207, 660, 494, 1024]","[412, 662, 208, 216, 224, 393, 80, 35, 377, 315, 324, 296, 465, 415, 603, 629, 781, 760, 744]","[-4, -5, -4, -4, -3, -3, -2, 3, 5, 3, 2, 3, 5, 4, 3, 3, 5, 5, 5]","[-3, -2, -4, -4, -4, -4, -5, -4, -2, -5, -5, -4, -2, -3, -4, -4, 0, 0, -1]"
625,235.35,3,False,1351,384,-9,-2,[1072],[757],[-3],[4],"[627, 795, 346, 337, 1032]","[653, 653, 709, 624, 625]","[-170, -183, 132, 289, 173]","[-73, -73, 0, -25, -60]","[62, 177, 279, 391, 122, 1180, 1327, 1217, 921, 969, 927, 1149, 1267, 760, 594, 1124, 822, 952, 452, 401, 1081]","[622, 128, 136, 135, 305, 337, 224, 224, 216, 425, 355, 523, 549, 781, 760, 724, 675, 641, 761, 657, 632]","[-5, -3, -4, -3, -2, 5, 3, 2, 4, 5, 4, 3, 3, 5, 5, 5, 4, 2, 5, 5, 3]","[-2, -4, -4, -5, -5, -2, -4, -5, -4, -2, -3, -4, -4, 0, 0, -1, -3, -5, 0, -2, -4]"
626,235.68,3,False,1171,344,-9,-4,[1012],[837],[-3],[4],"[559, 715, 410, 463, 1083]","[621, 621, 709, 612, 601]","[-117, -163, 230, 380, 133]","[-35, -35, 20, 15, -20]","[128, 211, 347, 95, 1280, 1387, 1257, 1001, 1069, 1007, 1209, 1327, 860, 694, 1224, 902, 992, 552, 501, 1141]","[32, 56, 35, 205, 297, 144, 124, 136, 385, 295, 443, 469, 765, 760, 692, 615, 541, 761, 617, 552]","[-2, -3, -2, 0, 5, 3, 2, 4, 5, 4, 3, 3, 5, 5, 5, 4, 2, 5, 5, 3]","[-5, -4, -5, -5, -2, -4, -5, -4, -2, -3, -4, -4, -1, 0, -2, -3, -5, 0, -2, -4]"
627,236.01,3,False,1181,168,-2,-9,[],[],[],[],"[514, 647, 509, 619, 1117]","[604, 604, 709, 615, 600]","[-57, -127, 309, 444, 82]","[5, 5, 40, 55, 20]","[99, 1380, 1447, 1297, 1081, 1169, 1087, 1269, 1387, 960, 794, 1324, 982, 1032, 652, 601, 1201, 622, 751, 537, 635, 1169]","[105, 257, 64, 24, 56, 345, 235, 363, 389, 745, 760, 652, 555, 441, 748, 577, 472, 638, 617, 717, 629, 599]","[1, 5, 3, 2, 4, 5, 4, 3, 3, 5, 5, 5, 4, 2, 5, 5, 3, 5, 4, 4, 5, 3]","[-5, -2, -4, -5, -4, -2, -3, -4, -4, -1, 0, -2, -3, -5, -1, -2, -4, -2, -4, -3, -2, -4]"
628,236.35,3,False,1032,129,-9,2,[],[],[],[],"[495, 594, 636, 797, 1127]","[604, 604, 720, 635, 606]","[11, -84, 364, 474, 22]","[45, 45, 60, 95, 60]","[137, 1480, 1269, 1167, 1329, 1445, 1060, 894, 1424, 1062, 1072, 752, 701, 1261, 722, 831, 617, 735, 1224]","[5, 217, 305, 175, 283, 295, 725, 760, 612, 492, 341, 728, 537, 392, 598, 537, 657, 589, 500]","[3, 5, 5, 4, 3, 2, 5, 5, 5, 4, 2, 5, 5, 3, 5, 4, 4, 5, 2]","[-5, -2, -2, -3, -4, -5, -1, 0, -2, -4, -5, -1, -2, -4, -2, -4, -3, -2, -5]"
629,236.68,3,False,912,238,1,9,[],[],[],[],"[506, 563, 776, 977, 1114]","[622, 622, 740, 673, 627]","[86, -24, 394, 467, -38]","[85, 85, 80, 124, 100]","[1580, 1369, 1247, 1388, 1485, 1160, 994, 1524, 1142, 1112, 852, 801, 1321, 822, 911, 697, 835, 1264]","[177, 252, 115, 186, 195, 705, 748, 572, 412, 241, 708, 497, 312, 558, 457, 597, 549, 400]","[5, 5, 4, 2, 2, 5, 5, 5, 4, 2, 5, 5, 3, 5, 4, 4, 5, 2]","[-2, -3, -3, -5, -5, -1, -1, -2, -4, -5, -1, -2, -4, -2, -4, -3, -2, -5]"
630,237.05,3,False,811,331,-9,0,[952],[389],[0],[5],"[535, 543, 916, 1139, 1070]","[642, 642, 760, 713, 661]","[108, -2, 358, 387, -124]","[87, 87, 53, 106, 94]","[1469, 1327, 1428, 1513, 1260, 1094, 1222, 1152, 952, 901, 1381, 922, 991, 777, 935, 1296, 652, 705, 849, 1036, 1082]","[192, 55, 86, 95, 684, 728, 332, 141, 688, 457, 212, 518, 377, 537, 509, 300, 620, 620, 687, 623, 620]","[5, 4, 2, 1, 5, 5, 4, 2, 5, 5, 3, 5, 4, 4, 5, 1, 5, 5, 1, 0, -4]","[-3, -3, -5, -5, -2, -1, -4, -5, -1, -2, -5, -2, -4, -3, -2, -5, -3, -3, -5, -5, -3]"
631,237.38,3,False,631,333,-9,1,[952],[489],[0],[5],"[575, 542, 1036, 1262, 995]","[662, 662, 761, 739, 681]","[128, 18, 292, 277, -203]","[76, 76, 13, 86, 74]","[1569, 1360, 1194, 1302, 1192, 1052, 1001, 1426, 1022, 1071, 857, 1035, 1311, 752, 805, 869, 1036, 1002]","[132, 644, 708, 252, 41, 668, 417, 112, 478, 297, 477, 469, 200, 560, 560, 587, 523, 560]","[5, 5, 5, 4, 2, 5, 5, 2, 5, 4, 4, 5, 0, 5, 5, 1, 0, -4]","[-3, -2, -1, -4, -5, -1, -2, -5, -2, -4, -3, -2, -5, -3, -3, -5, -5, -3]"
632,237.71,3,False,451,369,-9,3,[952],[589],[0],[5],"[615, 542, 1126, 1337, 890]","[682, 682, 747, 759, 701]","[141, 38, 206, 146, -262]","[56, 56, -24, 58, 54]","[1460, 1294, 1373, 1152, 1101, 1466, 1122, 1151, 937, 1135, 1311, 842, 900, 889, 1036, 922, 619, 613, 1091, 1320, 967]","[604, 688, 172, 648, 377, 12, 418, 217, 417, 429, 100, 500, 500, 487, 423, 500, 685, 673, 788, 766, 689]","[5, 5, 3, 5, 5, 2, 5, 4, 4, 5, 0, 4, 4, 1, 0, -4, -3, 4, -5, -4, -1]","[-2, -1, -4, -1, -2, -5, -3, -4, -3, -2, -5, -3, -3, -5, -5, -3, -4, -4, -1, -3, -5]"
633,238.05,3,False,327,434,0,0,[952],[689],[0],[5],"[655, 551, 1178, 1356, 770]","[688, 688, 727, 763, 705]","[141, 58, 106, 6, -297]","[36, 36, -44, 18, 34]","[1560, 1394, 1433, 1252, 1201, 1222, 1226, 1017, 1235, 922, 980, 908, 1027, 842, 559, 693, 991, 1240, 937]","[563, 668, 92, 622, 337, 358, 137, 357, 382, 440, 440, 387, 323, 440, 605, 593, 768, 706, 589]","[5, 5, 3, 5, 5, 5, 3, 4, 5, 4, 4, 0, -1, -4, -3, 4, -5, -4, -2]","[-3, -1, -4, -2, -2, -3, -4, -3, -3, -3, -3, -5, -5, -3, -4, -4, -1, -3, -5]"
634,238.38,3,False,421,423,6,7,[952],[789],[0],[5],"[695, 571, 1190, 1319, 633]","[688, 688, 693, 752, 705]","[141, 78, 6, -134, -308]","[16, 16, -64, -22, 14]","[1494, 1493, 1352, 1301, 1305, 1286, 1097, 1328, 1002, 1060, 908, 1007, 762, 499, 753, 891, 1160, 897]","[648, 2, 582, 297, 298, 57, 297, 322, 380, 380, 287, 223, 380, 525, 513, 748, 646, 489]","[5, 3, 5, 5, 4, 3, 4, 4, 4, 4, 0, -1, -4, -3, 3, -5, -4, -2]","[-1, -5, -2, -2, -3, -4, -3, -3, -3, -3, -5, -5, -3, -4, -4, -1, -3, -5]"
635,238.71,2,False,509,552,0,0,"[952, 551]","[889, 600]","[0, 3]","[5, 4]","[748, 604, 1169, 1235, 509]","[688, 688, 658, 732, 705]","[162, 135, -56, -222, -255]","[34, 34, -46, -6, 32]","[1594, 1452, 1401, 1385, 1177, 1408, 1082, 1140, 908, 987, 682, 813, 791, 1080, 857, 677, 608, 1140, 1262, 597]","[625, 542, 257, 238, 230, 262, 307, 320, 187, 123, 320, 433, 728, 586, 389, 647, 628, 697, 756, 664]","[5, 5, 5, 4, 4, 4, 4, 4, 0, -1, -4, 3, -5, -4, -2, -3, 0, -5, -5, -3]","[-2, -2, -2, -3, -4, -3, -4, -3, -5, -5, -3, -4, -1, -3, -5, -4, -5, -2, -2, -4]"
636,239.05,2,False,507,405,-8,-5,[611],[680],[3],[4],"[808, 657, 1123, 1122, 414]","[693, 693, 638, 727, 708]","[180, 175, -116, -289, -177]","[54, 54, -14, 14, 52]","[1552, 1501, 1465, 1257, 1488, 1162, 1220, 908, 950, 602, 873, 691, 1000, 817, 617, 608, 1040, 1162, 537]","[502, 217, 178, 150, 201, 227, 249, 87, 23, 260, 352, 708, 526, 289, 567, 528, 657, 716, 584]","[5, 5, 4, 4, 4, 4, 4, 0, -2, -4, 3, -5, -4, -2, -3, 0, -5, -5, -3]","[-2, -2, -3, -4, -4, -4, -4, -5, -5, -3, -5, -1, -3, -5, -4, -5, -2, -2, -4]"
637,239.38,2,False,328,342,-9,-4,[671],[760],[3],[4],"[868, 725, 1056, 985, 352]","[713, 713, 632, 727, 728]","[180, 209, -164, -331, -81]","[74, 74, 26, 34, 72]","[1545, 1337, 1561, 1225, 1296, 512, 924, 591, 920, 777, 557, 608, 940, 1062, 477, 861, 710, 1077, 1040, 398]","[115, 70, 121, 147, 169, 200, 252, 688, 466, 189, 487, 428, 617, 676, 504, 713, 713, 649, 727, 719]","[4, 4, 3, 3, 3, -5, 2, -5, -4, -2, -3, 0, -5, -5, -3, -3, -3, -5, -4, -2]","[-4, -4, -4, -4, -4, -3, -5, -1, -3, -5, -4, -5, -2, -2, -4, -4, -4, -2, -3, -5]"
638,239.71,2,False,367,244,9,-1,[741],[840],[4],[4],"[928, 805, 976, 845, 330]","[733, 733, 641, 732, 748]","[171, 228, -198, -344, 19]","[94, 94, 66, 54, 92]","[1270, 1356, 412, 958, 491, 840, 731, 497, 608, 840, 962, 417, 801, 650, 977, 960, 358]","[50, 84, 140, 152, 668, 406, 89, 407, 328, 577, 636, 424, 633, 633, 609, 667, 619]","[1, 3, -5, 1, -5, -4, -3, -3, 0, -5, -5, -3, -3, -3, -5, -4, -2]","[-5, -5, -3, -5, -1, -3, -5, -4, -5, -2, -2, -4, -4, -4, -2, -3, -5]"
