,HR_mean,HR_std,HR_skewness,HR_kurtosis,EDA_VLF,EDA_LF,EDA_HF1,EDA_HF2,EDA_VHF
Control vs busy music,0.7421526065218687,0.026087462434905315,0.17222612871905124,0.00562924225286125,0.9501020620634287,0.023887403639223682,0.19887372067820946,0.07645908622285538,0.06585027547838102
Control vs soft music,0.9416930702924595,0.12175089803335137,0.011753645717147026,0.0023831227524502333,0.7278162327242795,0.005346711217728355,0.1799724587338582,0.4544717187595537,0.06002753936290011
Control vs subdued colors,0.7781978221876541,0.5453267251291967,0.10854590331731157,0.018853646777097284,0.044023936487070904,0.9146956639541178,0.013786824625462971,0.15260246547141304,0.02660395491437473
Busy music vs soft music,0.4218712973023677,0.17539599327542038,0.018830517471750765,8.861352175810719e-05,0.7050853797370675,0.4943929890655974,0.2518364423627697,0.013402578463523909,0.0019176561147420373
