,HR_mean,HR_std,HR_skewness,HR_kurtosis,EDA_VLF,EDA_LF,EDA_HF1,EDA_HF2,EDA_VHF
Control vs busy music,0.9627378003749203,0.52734375,0.11084027453389399,0.97265625,0.1703035029300664,0.7265625,0.9966352895584554,0.9799026390434826,0.973104471648441
Control vs soft music,0.8784223197477105,0.7196230996858728,0.37109375,0.421875,0.6725163677150189,0.6796875,0.8547590968597039,0.6439125499098055,0.08741787021079703
Control vs subdued colors,0.09428808155461252,0.5666987520670552,0.37514336717766616,0.84375,0.421875,0.8593110398015309,0.62890625,0.8305076867734074,0.578125
Busy music vs soft music,0.7846766280857328,0.6581569680955931,0.01953125,0.02734375,0.22891323728347146,0.12882025817179207,0.6821103744004124,0.76953125,0.9453125
